Date,BND,SPY,TSLA
2015-01-05,0.002903979562271841,-0.01805962630641955,-0.04204102817052724
2015-01-06,0.0028953147687176273,-0.009419105266044947,0.005664237314159992
2015-01-07,0.0006016646651612056,0.012461528050548676,-0.0015619306272327549
2015-01-08,-0.0015629153338232449,0.017744988754327062,-0.0015643062581811584
2015-01-09,0.0016855678493141735,-0.008013739685075683,-0.018801629106854012
2015-01-12,0.0013226565542856505,-0.007833470579377333,-0.021532914950603166
2015-01-13,0.0009603544308669498,-0.0028126268211655647,0.010088497728839352
2015-01-14,0.002278438631421853,-0.00603767127326138,-0.05659733676235856
2015-01-15,0.00442744130853856,-0.009160354627481437,-0.004255528597720826
2015-01-16,-0.0029785980248902,0.013114663105390445,0.006254228739435819
2015-01-20,-0.0010758640475660997,0.002132303016438186,-0.00590461088227523
2015-01-21,-0.0019133104905890708,0.005047981698689252,0.024175518017267583
2015-01-22,0.00024036966169771468,0.014871038197384667,0.02569055090301542
2015-01-23,0.003234576526112587,-0.005482599922398079,-0.0016366947705445112
2015-01-26,-0.0011938189160397572,0.0023415242068955955,0.02613147671721605
2015-01-27,0.0005975594494227465,-0.013190555978400909,-0.0027596300325537504
2015-01-28,0.0035846742696254985,-0.01282436888857752,-0.03209052877530916
2015-01-29,-0.0010717696358226725,0.009243887119558813,0.02924214605280495
2015-01-30,0.005483979784396187,-0.012575031236150447,-0.007797333058199185
2015-02-02,-0.0011881267112000549,0.012384058638809314,0.0360511389604945
2015-02-03,-0.003092753696043782,0.014460798552328402,0.0351758385028933
2015-02-04,0.0003583545843730551,-0.0038074724758608847,0.0008701251992371262
2015-02-05,-0.0021475885678146067,0.010095051817765599,0.011164535201252157
2015-02-06,-0.006453086866241908,-0.002765186929289176,-0.016426056915829212
2015-02-09,-0.00036101030128177225,-0.004475894212738196,0.0005520394593698796
2015-02-10,-0.0018048110490435088,0.010653081718583035,-0.005471765552931385
2015-02-11,0.0,0.0005800614289876993,-0.016135698387415576
2015-02-12,0.0004821573986257821,0.009617242136573667,-0.04661658846022321
2015-02-13,-0.002288936492096272,0.004116152387827254,0.004386864226918918
2015-02-17,-0.003985850547204461,0.0015733334812708666,0.0028462803614237586
2015-02-18,0.00278794692875306,9.486539927427984e-05,0.0005383231478952588
2015-02-19,-0.0008465030081374891,-0.000713488923031691,0.035459277020091884
2015-02-20,0.00024274970351778613,0.0060005420968274326,0.025506564298148016
2015-02-23,0.0020571360897418955,-0.00014210531516734015,-0.04500019733692018
2015-02-24,0.004105122446345755,0.002841023387649466,-0.015578320500655551
2015-02-25,0.0009614976127840791,-0.0008502500296745374,-0.001714777553045277
2015-02-26,-0.0027622866268637303,-0.0011810106064005232,0.016833573717678796
2015-02-27,0.0008432770604136497,-0.0034063460214144303,-0.0185820116516362
2015-03-02,-0.0032325585665352596,0.006313431807096981,-0.02955644716492234
2015-03-03,-0.0012100005219158882,-0.004103686555832042,0.011300918070464405
2015-03-04,0.0,-0.004215882735775556,0.014431779204036044
2015-03-05,0.0006055410851557586,0.0010939761543073967,-0.008940979178158281
2015-03-06,-0.005810790002484412,-0.0140641312165396,-0.03364400833280279
2015-03-09,0.0012175521922344057,0.0041444095206844,-0.015473474370690798
2015-03-10,0.0038916347405555385,-0.016221609988230634,-0.0029337926038629503
2015-03-11,0.0010900551425720995,-0.0023423108246735103,0.017969786081706296
2015-03-12,0.0007268291306665731,0.012714361541260377,-0.013781390917263936
2015-03-13,-0.0009671869875663708,-0.00613233279826686,-0.012508496633278132
2015-03-16,0.001936694626355484,0.013360325921410565,0.037205883869277256
2015-03-17,0.0008450952858984895,-0.0029724963274441185,-0.00495657224609003
2015-03-18,0.006157311527456688,0.012021546294865182,0.030709164308927006
2015-03-19,-0.002999785566514479,-0.004561766860464833,-0.025210528438961433
2015-03-20,0.0026474206557844937,0.008827277920024912,0.012420115455768377
2015-03-23,0.000479714868800718,-0.0019485902219823492,0.007825204316233458
2015-03-24,0.0016799409119421238,-0.005619155361185957,0.010469325694766773
2015-03-25,-0.001557089241504106,-0.014653576680675018,-0.036783689389238594
2015-03-26,-0.0032384956016786592,-0.002381516748645507,-0.020020535165919506
2015-03-27,0.0009630511884066717,0.0022894560933586217,-0.028412417028683246
2015-03-30,0.0012022267855900104,0.012200239971603244,0.030108169094502424
2015-03-31,0.001080241476943522,-0.008739678564575026,-0.009445338842494988
2015-04-01,0.003979480439388894,-0.0035363152510923257,-0.0062510704017435526
2015-04-02,-0.0013168146877952092,0.0035975017934759546,0.018177920738268627
2015-04-06,0.0008391928747908395,0.006733229863961743,0.06335084074758979
2015-04-07,0.0005990111387637054,-0.0026465373614125154,0.0007385693434276419
2015-04-08,-0.0007185724940754756,0.003377282515959701,0.02174665976455148
2015-04-09,-0.0021564461080584296,0.00442330643814226,0.011653015949509848
2015-04-10,-0.0004809988055777259,0.005457090176374857,0.0038555516327911654
2015-04-13,0.0002402666503615869,-0.004522907903364737,-0.005310595640134919
2015-04-14,0.001801820406192478,0.001913219925738785,-0.011059221524362783
2015-04-15,0.0009594237665322414,0.004486937000721669,0.0017834849910411954
2015-04-16,-0.0002394839023986961,-0.00028499818828198187,-0.005437155028403029
2015-04-17,0.0016774839358544291,-0.011503536567316619,0.0004354513000803806
2015-04-20,-0.0010766667059871615,0.009136552053981895,-0.007350472676152187
2015-04-21,-0.0011978102704652827,-0.0011908184984206205,0.02016856020521529
2015-04-22,-0.003716160146984837,0.004913990469990859,0.04789641514821552
2015-04-23,0.0019256473199524837,0.002516184326698534,-0.0038279091473925053
2015-04-24,0.0015613597073553809,0.002320527119527682,-0.0007776197845633659
2015-04-27,-0.0007196695489917193,-0.004157963692631883,0.060065042656655576
2015-04-28,-0.003119527197311789,0.0031786110859526318,-0.004621129472000773
2015-04-29,-0.003129796967269227,-0.004114169709826698,0.00854744301337429
2015-04-30,0.0010864914299892892,-0.010020878978259318,-0.027532837607318394
2015-05-01,-0.003032907334016066,0.01084140997261862,-8.840630703377261e-05
2015-05-04,-0.0014542289246394224,0.0028478928813151505,0.01982033262823535
2015-05-05,-0.0015787793448349685,-0.011452167410928693,0.010585201507501196
2015-05-06,-0.002796145212155765,-0.0041168294629168045,-0.01081772507834955
2015-05-07,0.0020726478008266103,0.003989667457875878,0.027643952080381284
2015-05-08,0.002676879307617286,0.013166360154518442,-0.000802367109835278
2015-05-11,-0.005218291134692299,-0.0047728803826021515,0.012171892568897835
2015-05-12,-0.001220026516955297,-0.0029911018779568144,0.021921607801995036
2015-05-13,-0.0004882209777894442,0.00019040590703234272,-0.006374116918974937
2015-05-14,0.001954673998661338,0.010427336102362572,0.0037831669775971744
2015-05-15,0.004025170847160364,0.0010836326235816873,0.019418271142708665
2015-05-18,-0.003643750789645628,0.003107050444661974,-0.0003617094762363715
2015-05-19,-0.0021950928387068913,-0.00032837502861959855,-0.006472295749399448
2015-05-20,0.0,-0.0007042742315054307,-0.011289082211751178
2015-05-21,0.0031774291077331096,0.0029123836605877695,0.005197378373454464
2015-05-22,-0.0006097522274932654,-0.0023886413342625312,0.008590523912465953
2015-05-26,0.0024376744380583126,-0.01075191384791796,-0.0010898750183484518
2015-05-27,0.0004864773129558131,0.00949239311511052,-0.00012128073379813475
2015-05-28,0.000121208399774142,-0.0011283450567376452,0.016246998689338543
2015-05-29,0.00036402881148611677,-0.006212908116217664,-0.0025849904207780883
2015-06-01,-0.0033336919873183657,0.002036445936715481,-0.005382784466743784
2015-06-02,-0.002808718490036277,-0.0009923361676109632,-0.004409611340134401
2015-06-03,-0.004408047531549331,0.0026495834330337864,0.0025769365731915794
2015-06-04,0.0024599805729117463,-0.008446698100640582,-0.01232978096437809
2015-06-05,-0.003925768873209612,-0.0017133928030675927,0.013093670696398219
2015-06-08,0.00123187245778289,-0.00614950118316282,0.028698768522178453
2015-06-09,-0.0029520679145588202,-0.0001440524594421566,-0.00113150446221999
2015-06-10,-0.002098797624897397,0.011993278936063945,-0.020703187995237737
2015-06-11,0.004699424851454914,0.0032235867232095483,0.0028321502750325855
2015-06-12,-0.0007384994851579174,-0.007654794133424625,-0.0028638677326909834
2015-06-15,0.0001232496926197868,-0.004285535891647707,-0.0012366685227346297
2015-06-16,0.002586242643369152,0.005451609283188219,0.010943373157369374
2015-06-17,0.00036836269653117704,0.001616984583539871,0.028800573289696096
2015-06-18,-0.0007363896114433999,0.01039964013236716,0.005683373161624372
2015-06-19,0.0028252835998390236,-0.004439253992364001,0.0023674530537807215
2015-06-22,-0.004778463444658154,0.0051227579740593665,-0.010361630404811084
2015-06-23,-0.002338874935447155,0.000708004685251451,0.030332307745169373
2015-06-24,0.0018508397299592527,-0.007262594809993361,-0.009339929636816735
2015-06-25,-0.0013549432327961686,-0.0030402565333824683,0.013651601690611415
2015-06-26,-0.0018497326155393345,-0.00019055188797678646,-0.006324607704336294
2015-06-29,0.005066460742637835,-0.02097054666454068,-0.018982328906347767
2015-06-30,-0.000983783397660476,0.0020934434690524917,0.02381499635902573
2015-07-01,-0.002429619990520937,0.008015407392233831,0.003317596250232091
2015-07-02,0.002472348183149009,-0.0009155262132441999,0.04038639915454456
2015-07-06,0.0034522597299697644,-0.0028460289341860623,-0.001071274437522196
2015-07-07,0.0009833254090048094,0.00628855424694752,-0.04232804124569667
2015-07-08,0.0028232455216978813,-0.016777003021426595,-0.04823057784907436
2015-07-09,-0.003304356063572045,0.0018086049939403104,0.011609720385955313
2015-07-10,-0.004667514903767156,0.012591646989426941,0.004768851945843755
2015-07-13,-0.0023450248589973466,0.01103738953524891,0.011614881028806812
2015-07-14,0.0018556187864493534,0.004338071546510003,0.013312443878506386
2015-07-15,0.002839408034527313,-0.0003321896361524468,-0.009448430502932648
2015-07-16,0.0,0.00802429822258599,0.013452917723576485
2015-07-17,0.00012327977913417776,0.000847671390741489,0.029923479333326286
2015-07-20,-0.0013544260762289317,0.0005176640140047706,0.027670547578698246
2015-07-21,0.0018490207240635659,-0.003950892301790576,-0.054878507378390284
2015-07-22,0.00036883781063612453,-0.0017948197591626247,0.004123425201304931
2015-07-23,0.0023369814695417546,-0.005630087907402714,-0.0025011922264167596
2015-07-24,0.0006135849430448648,-0.010372011920751767,-0.0066990980175530845
2015-07-27,0.001962229225096479,-0.005817126718457577,-0.046720231391331746
2015-07-28,-0.0017133394790772583,0.0122829123310495,0.04667806507496031
2015-07-29,-0.0008585256767438265,0.0068794226967878735,-0.003776200204621105
2015-07-30,0.00036854981533918085,0.0002371397078502202,0.011257673505236987
2015-07-31,0.003434050961519386,-0.0015181677049233011,-0.0023988239767867015
2015-08-03,0.0023148148148148806,-0.003372991083635646,-0.023144884928617437
2015-08-04,-0.003421683942925635,-0.001954310553748062,0.02419330078904558
2015-08-05,-0.0015933075181672196,0.0032955831162093663,0.014458436896063187
2015-08-06,0.0006131113288978529,-0.008187979840335147,-0.08884613070827718
2015-08-07,0.002087385698887223,-0.0019197686896136323,-0.014707655017798138
2015-08-10,-0.0020830375959991487,0.0125997055709266,-0.005649254943673188
2015-08-11,0.0038055630052291622,-0.009023430638466445,-0.015634065274604314
2015-08-12,-0.00036723287279305517,0.0011978067778128931,0.0033702625495031224
2015-08-13,-0.0020792120460280117,-0.0012443793779399748,0.018222278547613824
2015-08-14,-0.0003679408052060795,0.003642097042361847,0.0026389930841606013
2015-08-17,0.001839162169436248,0.005587080892464735,0.04869422505161958
2015-08-18,-0.0018357858615286604,-0.0028966037603357364,0.022471468870960187
2015-08-19,0.0035563593879168742,-0.007905520049290349,-0.02098032399177252
2015-08-20,0.0008551403936458701,-0.020881442439903863,-0.05120474567775368
2015-08-21,0.0015868157216505363,-0.03010202996663125,-0.047113613026361856
2015-08-24,-0.00024362098849661784,-0.042107225391280534,-0.05156653613722739
2015-08-25,-0.0032919174543645235,-0.011767850946285074,0.005299957738899019
2015-08-26,-0.004281178692489451,0.038393511577951456,0.021860631008791875
2015-08-27,0.0013513498747281805,0.02473573060064438,0.08072407396744574
2015-08-28,0.0004906667721091829,4.987114325238906e-05,0.022593474526899193
2015-08-31,-0.0013488001914484515,-0.008078997829198076,0.00233425311787383
2015-09-01,0.0024356551335389387,-0.029847692274360904,-0.04187746789935942
2015-09-02,-0.0007360606393479463,0.018980632280550358,0.0379667326201818
2015-09-03,0.0007366028236932554,0.0007169520238745619,-0.008559158628931418
2015-09-04,0.0024550522343493864,-0.015136737714953719,-0.014822516253377382
2015-09-08,-0.0024490397139277365,0.025130888659255834,0.0257924872165749
2015-09-09,-0.00024417858388470215,-0.013371748094093916,0.002981841490309778
2015-09-10,-0.0020880124290971747,0.005441653656882872,-0.0017275792568650639
2015-09-11,0.0020923813473567865,0.0045442613900192885,0.007083127758706009
2015-09-14,0.00024423822162789044,-0.0037104814239645734,0.011788685834209334
2015-09-15,-0.004172633874273246,0.012499707047599173,0.0015008533688181114
2015-09-16,-0.0006165439596165223,0.008666425299908687,0.03423117949694654
2015-09-17,0.005673707438903053,-0.0022480797975530376,-0.000686427307326376
2015-09-18,0.0028206889627240272,-0.01634150967773862,-0.005532854221774852
2015-09-21,-0.0036695438713802986,0.005167933381848178,0.013736467307306599
2015-09-22,0.0018416576867481549,-0.012980049079133749,-0.012339109416155347
2015-09-23,0.0,-0.0015985510226501631,0.000459842504490382
2015-09-24,0.0003678335626695617,-0.003615735365826711,0.007890882645230857
2015-09-25,-0.0018370847087382236,-0.0002593725713316841,-0.02360137483948066
2015-09-28,0.0025770236987519013,-0.02509703031990973,-0.03300761554870424
2015-09-29,0.0007338978435929011,0.0005849187229287622,-0.00716505256437161
2015-09-30,0.001956477069309681,0.018658258826407925,0.007095082009808129
2015-10-01,0.0005380002679167273,0.0026093955150587878,-0.03429950833940998
2015-10-02,0.00378951844484976,0.014937777345231718,0.032057758124643954
2015-10-05,-0.0038966636946798916,0.01779463532589398,-0.005735797824596434
2015-10-06,0.0013448235663591213,-0.003426011912423088,-0.01905337856419076
2015-10-07,0.0,0.008190640569804453,-0.03934404066335062
2015-10-08,-0.0015867339827309035,0.00902664477669779,-0.022590068231747584
2015-10-09,-0.00012278469051407725,0.0005963144689236088,-0.02659664782558413
2015-10-12,0.0017122506374500635,0.0009438581215839292,-0.023154721971044956
2015-10-13,0.00061002293963619,-0.006302174608923905,0.017023869860745666
2015-10-14,0.003660640092264744,-0.004794476768581579,-0.010809577491181055
2015-10-15,-0.0019453008685345052,0.015354899620007911,0.020426012486898237
2015-10-16,-0.0003657761480438948,0.004546498290238121,0.025755735523108614
2015-10-19,0.0,0.0004921913550417489,0.00480158072748571
2015-10-20,-0.0015835781781009528,-0.0012786203434029808,-0.06606755350432658
2015-10-21,0.001830671153666863,-0.006203537784263857,-0.013800880426347861
2015-10-22,0.0017050683141355272,0.016893542933726025,0.0077586303749297425
2015-10-23,-0.002553153953092191,0.010962195575631384,-0.01242211222596079
2015-10-26,0.0010972547221788087,-0.0024579639382804608,0.02950887527409196
2015-10-27,0.00024401136147367275,-0.0019324977676576927,-0.022809699646425874
2015-10-28,-0.00280148068929309,0.011374382857243015,0.012407945034625278
2015-10-29,-0.003540208586122473,-0.0005742258342198436,-0.006245254663083899
2015-10-30,0.00220559816993382,-0.004309604122363475,-0.022208650663342766
2015-11-02,-0.0019729162501607167,0.011830949114213452,0.03315139413174362
2015-11-03,-0.0017187264903156807,0.0028995066728028096,-0.025445558566223325
2015-11-04,0.0006144583606142451,-0.0030330697798474082,0.11173506172895453
2015-11-05,-0.0018427543550608716,-0.0009982889566166886,0.0006043683865557536
2015-11-06,-0.003940280955099573,-0.0005237287232499055,0.0025456895572166793
2015-11-09,-0.0008651834619602949,-0.00933141704496887,-0.030254799225420848
2015-11-10,0.0011143897034044947,0.002306856142004543,-0.0391869859962497
2015-11-11,0.00012338335671624456,-0.00393150357859795,0.011916854312549408
2015-11-12,0.00012330388090453503,-0.013959668252136126,-0.028026284636262333
2015-11-13,0.0018527352386863427,-0.01122847579931796,-0.02700290247242554
2015-11-16,0.0,0.015206757480157096,0.03436451812394292
2015-11-17,0.0011099188383072445,-0.0007292736333668337,-0.0014463979691021756
2015-11-18,-0.000492721879061353,0.015866099941755474,0.033037326654939525
2015-11-19,0.0013555249514067835,-0.000862856646905219,0.0033021410176179433
2015-11-20,-0.0002455087137672729,0.0036443786916642296,-0.008070393546729338
2015-11-23,0.000368993674101592,-0.0011463890744832783,-0.010272166508136338
2015-11-24,0.0003691135413219637,0.0013390324654412034,0.0022961761034103745
2015-11-25,0.00012346156021125765,-0.00014323864044529788,0.052187810783939304
2015-11-27,0.0004917384989926443,0.0011465951768372395,0.008578708564050963
2015-11-30,-0.0004914968110883988,-0.004151668977879663,-0.005828773569144241
2015-12-01,0.0037829580885033742,0.009535733766159016,0.03009640513952827
2015-12-02,-0.0012275806434141057,-0.010204865589067746,-0.021923391675773063
2015-12-03,-0.007745081807976839,-0.014003175864616302,0.0031036038358105422
2015-12-04,0.003964300463575432,0.019502913208033767,-0.010012412396463
2015-12-07,0.0017282694896392226,-0.006058218271136062,0.003255441103328094
2015-12-08,0.00024652447481043893,-0.006719522881891815,-0.01908015011055786
2015-12-09,-0.00036950382239275825,-0.007779806550454738,-0.009703589724369799
2015-12-10,-0.00012276588469062322,0.0025812975276131578,0.011357503870956798
2015-12-11,0.0027108372868376307,-0.019381611352310313,-0.044259422857554354
2015-12-14,-0.004670282101493006,0.0050526649957927106,0.007188217785247586
2015-12-15,-0.0011113770214391527,0.010498173282672996,0.011483228662796385
2015-12-16,-0.0011125494085091336,0.014631615272000964,0.06069926383234869
2015-12-17,0.0021033804355949925,-0.015238154585856756,-0.004775935638145934
2015-12-18,0.002223285995425872,-0.017814842843538514,-0.01255404258485504
2015-12-21,-0.0011086015149821549,0.008248759098302028,0.009112170445755297
2015-12-22,-0.0013575564904937387,0.009074708072239757,-0.011222896648004466
2015-12-23,0.00012383839013163644,0.012383320477028947,-0.001087238493853948
2015-12-24,0.0007434510613726353,-0.0016505687600958385,0.003787586036986701
2015-12-28,0.0,-0.0022848559326396067,-0.007026053028503343
2015-12-29,-0.0030938530892099525,0.010671821019422323,0.03599040660703223
2015-12-30,0.0006206395510375273,-0.007087973832241912,0.003794452891639599
2015-12-31,0.0019850586760463695,-0.010003281839334743,0.008064193426244648
2016-01-04,-0.0004954256742629726,-0.013979197885360173,-0.06916383417344563
2016-01-05,0.0012394986386670137,0.0016909932841069342,8.951501876963697e-05
2016-01-06,0.0044545581668371526,-0.012613805092927644,-0.019648196488239345
2016-01-07,0.00012225938661103442,-0.023991849203714333,-0.015476613580219345
2016-01-08,0.0012318772456758609,-0.010976468536262551,-0.021562746019443524
2016-01-11,-0.004182452795345459,0.0009901254344353294,-0.014928912731952182
2016-01-12,0.002594048646402669,0.008068337848351481,0.01019968109607805
2016-01-13,0.0024642822530871467,-0.024940922041394087,-0.04600657570629507
2016-01-14,-0.0012293030536045801,0.0164167844262344,0.029304524761110118
2016-01-15,0.0017230024424006452,-0.0214661904176785,-0.005771584676250496
2016-01-19,-0.0012279997678389387,0.0013314542379101457,-0.0013171814898143008
2016-01-20,0.0011060940064064884,-0.012815337945265015,-0.02940598345394596
2016-01-21,-0.0006137894728811544,0.005602360781115312,0.006391513633018819
2016-01-22,-0.00036872888922134806,0.020514994646500417,0.012901930307042342
2016-01-25,0.0,-0.015116438691265888,-0.030461596504509303
2016-01-26,0.0014755868840399256,0.013642983268246756,-0.014359893464118478
2016-01-27,0.0,-0.010883104757079765,-0.028363311180212625
2016-01-28,0.0007374053904563027,0.005209101482186451,0.00866696594809202
2016-01-29,0.002945162072814922,0.024377391024048345,0.007907252180474389
2016-02-01,-0.002036501914622013,-0.0003614820971530319,0.030020838930620908
2016-02-02,0.003440536858249965,-0.01802222558900879,-0.07190002137704643
2016-02-03,0.0007352539041198813,0.0059951664042250385,-0.05088083130264043
2016-02-04,0.0007342714469240619,0.0015686716775855647,0.010664105137480506
2016-02-05,-0.0009781208513672812,-0.01905048086006167,-0.07260598006471042
2016-02-08,0.004282781230079857,-0.013461297529757,-0.08985239514773324
2016-02-09,-0.00012220112543337436,5.407739666329903e-05,0.0017568447590106118
2016-02-10,0.002072575446075975,-0.0008629465902335598,-0.03089374112383303
2016-02-11,0.0006082463381968939,-0.013007936763020256,0.04733064290572564
2016-02-12,-0.0032826591666975657,0.02061686589193701,0.0037881413094784655
2016-02-16,-0.0014628900664972466,0.016878549640685137,0.027343852480015807
2016-02-17,-0.00024443497367532263,0.01633440856697632,0.08706565860035376
2016-02-18,0.0034206554654099275,-0.00409609048614934,-0.011323158733693717
2016-02-19,-0.0013388167593179068,-0.0004684778126947675,-0.0011392968371775059
2016-02-22,0.00024291778822305155,0.01447909168482564,0.06699479062990088
2016-02-23,0.0006097587069817667,-0.012629207970473066,-0.0029818286241705128
2016-02-24,0.0007304595007882053,0.0045759343665912056,0.010101004393246793
2016-02-25,0.0014613610102824914,0.01211155892056448,0.047094914915335684
2016-02-26,-0.0009721705434773131,-0.0023015231334776454,0.015525816600528097
2016-02-29,0.0006078288048538827,-0.007842209512146425,0.008353468768718342
2016-03-01,-0.003350381878368447,0.023506683921932447,-0.029073080259574557
2016-03-02,-0.0006111394046021124,0.004492445806155265,0.010678823954507921
2016-03-03,0.0004895508593045772,0.003919551289368162,0.039290607872446426
2016-03-04,-0.000489311316529073,0.003253495024812425,0.02707681972740761
2016-03-07,-0.00024493300363814807,0.0007983645852296384,0.021140033080221166
2016-03-08,0.0033040642549964083,-0.010917978775805137,-0.013103370952345483
2016-03-09,-0.001707732489803826,0.004939732129824792,0.030207303417474796
2016-03-10,-0.0004882636696832421,0.0008022966126344233,-0.01696052509474255
2016-03-11,-0.0013445303215517956,0.016137380071718832,0.011307091998520313
2016-03-14,0.002203584217004506,-0.001282378128552697,0.036867487272411736
2016-03-15,-0.0009776788087898503,-0.0016297443265966827,0.014826854254383681
2016-03-16,0.0039110153316008756,0.005787543518259275,0.01644223390939903
2016-03-17,0.0021915638343783517,0.006343754970661752,0.02005139734476491
2016-03-18,0.0008506197636382051,0.003929880759151239,0.028094340456043643
2016-03-21,-0.0018208858079051815,0.001418720020806452,0.023975234953553137
2016-03-22,-0.0002431274054652821,-0.0005374577430558025,-0.01711979903690175
2016-03-23,0.0021894309002707946,-0.006599259214007724,-0.04977800018235601
2016-03-24,-0.0012135889693924984,-0.0004430504698283988,0.0232275906570083
2016-03-28,0.0004857123428292365,0.0005907594024181506,0.011020873910291051
2016-03-29,0.004128960143296112,0.009250150171966842,-0.0005646003647661324
2016-03-30,-0.00036243879988695493,0.004387845744538543,-0.014078972960765879
2016-03-31,0.0019359939813967664,-0.0024271397045706466,0.012693337980441255
2016-04-01,0.0011248762626776543,0.00681208805467759,0.03403399570678456
2016-04-04,0.0,-0.0032381516942362465,0.039563979070301736
2016-04-05,0.0018130339155508768,-0.009987409881475173,0.03433343457363125
2016-04-06,-0.0004823608205370977,0.010920893562448075,0.038947853163352475
2016-04-07,0.003259400208283747,-0.01196606948703316,-0.030969800698537053
2016-04-08,-0.000842568514148323,0.002696775673379559,-0.02772166475041915
2016-04-11,-0.00011952181365992853,-0.0023473558325175503,-0.0005998457768249255
2016-04-12,-0.0015656751776783606,0.009313372240548068,-0.008402652353309281
2016-04-13,0.0006029600499886101,0.01010073628667052,0.0270760454618868
2016-04-14,-0.0008446893158301494,4.813265220438012e-05,-0.010489893292484176
2016-04-15,0.0022927340725065193,-0.0011058723683916583,0.010521694235412493
2016-04-18,-0.00036134545808197416,0.007026835763443096,-0.002475334060495493
2016-04-19,0.0006026252687691969,0.003154400390696477,-0.02564203697895895
2016-04-20,-0.0027683271781598906,0.0009527379850440276,0.010510619221744344
2016-04-21,-0.0012063168627047816,-0.005378540141631416,-0.006720777009723511
2016-04-22,-0.0003632580004840902,0.0,0.021990432529629622
2016-04-25,-0.0012089586389943952,-0.0017226643150931586,-0.007605979610801672
2016-04-26,-0.00145158529868461,0.0014861953786728943,0.007624509088934195
2016-04-27,0.0030302357935922952,0.002057831476909522,-0.008946136908751234
2016-04-28,0.0018119403513709997,-0.009075481011675102,-0.014952135009967504
2016-04-29,0.0007245196978986623,-0.005398899700769011,-0.028056989923414988
2016-05-02,-0.0017644631372363273,0.007948132880389425,0.004319697802968259
2016-05-03,0.002782445231223063,-0.008702965720183697,-0.03920601056164674
2016-05-04,0.00036252902476729965,-0.005578107302294022,-0.04201105333661326
2016-05-05,0.0018087696640181061,-0.00019507509600702466,-0.04955961442777834
2016-05-06,-0.0004808004493401796,0.003658920765082563,0.016073354609201562
2016-05-09,0.0007222275416070012,0.0008264485958076051,-0.02796256243720341
2016-05-10,0.0,0.012433631298303327,-0.0011008885097381071
2016-05-11,0.00024052758929893336,-0.009354636100569746,0.0012937597581215154
2016-05-12,0.000120543644425819,0.0002905449252039727,-0.00803978103371572
2016-05-13,0.0010823539262143633,-0.008714164693214621,0.001592002938870074
2016-05-16,-0.0021624290852910732,0.00986529978435513,0.003275341382076302
2016-05-17,-0.0007224129817495761,-0.009333437945769352,-0.01742759842604591
2016-05-18,-0.0047012131604277085,0.00029262139634633755,0.03180885470243422
2016-05-19,0.0010899910752242281,-0.0034649102919522834,0.01913147353519906
2016-05-20,0.0,0.006317516512241994,0.023558406194412074
2016-05-23,0.00024168748399056028,-0.0013627739951667106,-0.01843105074925866
2016-05-24,-0.00048375471116202107,0.01296217730673499,0.007816075741021722
2016-05-25,-0.0003628984858551343,0.006783240189782047,0.0076637497781955055
2016-05-26,0.0016949486306634398,0.0002868575120917871,0.02522997924071091
2016-05-27,-0.00036328416325392965,0.004299134281090744,-0.00923954578720032
2016-05-31,0.0008470612174504843,-0.0019026517218077021,0.0008518675345341453
2016-06-01,0.0003508355651062889,0.0020493246933670495,-0.016440468601288782
2016-06-02,0.0019350532457205194,0.0030437225438337823,-0.0027327356754038856
2016-06-03,0.006278926218210579,-0.00298727399082388,0.00013700139934802458
2016-06-06,-0.0015605360397046297,0.005088529486565907,0.007717276207808599
2016-06-07,0.00012039931207419308,0.0015611562780140087,0.05283668197567204
2016-06-08,0.001202432610351467,0.003260013926768668,0.013686831518021192
2016-06-09,0.0009594015232765596,-0.0013657673979756701,-0.026154878987485475
2016-06-10,0.000959341744539044,-0.009477505252592278,-0.0460847232525351
2016-06-13,0.00023940616962336847,-0.007711825994173971,-0.00420496739684062
2016-06-14,-0.0001193063937247052,-0.001966846512460374,-0.013356605490256634
2016-06-15,0.0022758646328624454,-0.0013937610949978918,0.012746565418183309
2016-06-16,0.001075058472065571,0.0029841750316164095,0.0010565546173815221
2016-06-17,-0.0014318923307946596,-0.003724262024133007,-0.011288062840889457
2016-06-20,-0.00227224564304096,0.006440185759910344,0.019631474173017693
2016-06-21,-0.0013174794754458041,0.002838377441630291,-0.0004096198348979563
2016-06-22,0.0003600994341461661,-0.0016308810160705622,-0.10450341756812143
2016-06-23,-0.0017997261895175143,0.01302222205006176,-0.001322128315258908
2016-06-24,0.005648115412793198,-0.03590887248801766,-0.016547827629193046
2016-06-27,0.005017554556688619,-0.017909955237010666,0.027957518513328727
2016-06-28,0.001188836493487111,0.018036078798803423,0.016318349791359932
2016-06-29,-0.0003564403064960642,0.017027690603703904,0.041627392999816326
2016-06-30,0.001306237617708872,0.01364569711018171,0.009943412480724279
2016-07-01,0.0027816804623630453,0.002100032811409358,0.019879378262587677
2016-07-05,0.003436751550588646,-0.00719297196155777,-0.011639738141737244
2016-07-06,0.0017723288099862344,0.00599783280038646,0.002149711537805965
2016-07-07,-0.0016512952233892486,-0.000620121922565886,0.006994990541306256
2016-07-08,0.0025983478934075155,0.014890280255643873,0.0038899525017721537
2016-07-11,-0.002944794172123344,0.003527064385646428,0.036903805062947104
2016-07-12,-0.00401664469052776,0.007263619065398741,-0.0005783013468687592
2016-07-13,0.0017786836540294448,-0.0001398395911550443,-0.009436981531152133
2016-07-14,-0.001538905843574745,0.005583530626694921,-0.004493707690691684
2016-07-15,-0.0032023510987371218,-0.0013415915340319051,-0.005100971389125797
2016-07-18,0.00035640576102546895,0.0026871196286968324,0.026542674288099866
2016-07-19,0.0015469551722255837,-0.0010165578660313868,-0.004375689688323026
2016-07-20,-0.0010687637730967259,0.0041630056765096235,0.013761894071912417
2016-07-21,0.0011884077135415616,-0.0037773149204806122,-0.03441934896442955
2016-07-22,0.00011945235465593562,0.0044853252453025405,0.0080272130645338
2016-07-25,-0.0005942166233056101,-0.0027161855717112715,0.03482249963460071
2016-07-26,-0.00011878038775481325,0.0004614547225769705,-0.002173785411705653
2016-07-27,0.0029698017219006445,-0.0010607488862343084,-0.0044442402825445315
2016-07-28,-0.000591547644624324,0.0011547014517203635,0.0092782587991731
2016-07-29,0.0031999076132935844,0.0016146514058599237,0.0181258915884297
2016-08-01,-0.003136552269952353,-0.0008291666676979448,-0.02035866545145193
2016-08-02,-0.0009498698578933595,-0.006407221866747137,-0.012216845667703868
2016-08-03,0.0,0.002922473426733463,-0.006205976906180188
2016-08-04,0.001782684154954195,0.0010640427625703275,0.02134724289646428
2016-08-05,-0.0033225101287071013,0.008178899616048785,-0.00251507260151429
2016-08-08,0.00011880284631216043,-0.0005958238633984037,-0.01682385523320451
2016-08-09,0.002857852882703682,0.0005961790811217504,0.012911226187923619
2016-08-10,0.0013044058031888017,-0.0024747585628436264,-0.014972973712197857
2016-08-11,-0.002607771751298449,0.004640222847901887,-0.003279367580152681
2016-08-12,0.002258289282351722,-0.0008686705048308596,0.003112321193226242
2016-08-15,-0.0016602405600362191,0.002883708832653875,-8.864212814152506e-05
2016-08-16,-0.000474805666010214,-0.005157648365481493,-0.008776982760304364
2016-08-17,0.0015450791889461968,0.0018809133483783658,-0.0016546746205348128
2016-08-18,0.0010676707869181623,0.002244146798060953,0.001209501174802119
2016-08-19,-0.0020152660972448944,-0.0014623822285896315,0.006666333002271596
2016-08-22,0.0014257626648686017,-4.5574259854741506e-05,-0.009199968973795603
2016-08-23,0.00047364981063080513,0.0020133920656024706,0.00856766810594789
2016-08-24,-0.00011817495772248332,-0.005114744710658425,-0.009873672296182856
2016-08-25,-0.0010668455751010608,-0.0006885747005287435,-0.007456626175134096
2016-08-26,-0.002492489652268559,-0.0018833242450266852,-0.004389940220988597
2016-08-29,0.0034502141246384177,0.004924365365437167,-0.021773698929720697
2016-08-30,-0.0008299009206340635,-0.001648834306385405,-0.017936898094209175
2016-08-31,-0.0007114414878577335,-0.0028440248238970067,0.003170288138355737
2016-09-01,0.0013806374742744154,4.573504624683089e-05,-0.05301630375559707
2016-09-02,-0.0014266520258368054,0.004508198105930505,-0.014892723045455192
2016-09-06,0.0029757715821145947,0.0030227115990404396,0.0255334510261378
2016-09-07,0.00011822101119007833,-9.159885557041836e-05,-0.0055218884189791595
2016-09-08,-0.0037963968659008307,-0.002283065247179694,-0.021565611159450437
2016-09-09,-0.004405425237099747,-0.023934526701247738,-0.014643244819832146
2016-09-12,0.00035858298333724115,0.014347103484258161,0.019694523621018867
2016-09-13,-0.002870009855062139,-0.014375523306342175,-0.011346487834701269
2016-09-14,0.001319011439878226,-0.00037501757894897736,0.0018362791436163928
2016-09-15,0.0008382042612384843,0.009992875018342007,0.020416452841336197
2016-09-16,0.000836953960343223,-0.0038653230356794355,0.02484780383791363
2016-09-19,-0.0007171283310918319,0.00018719568171898793,0.00457645297210707
2016-09-20,0.000240432630100873,4.693631552088462e-05,-0.008238786856348712
2016-09-21,0.0028699427801923694,0.011245396678016828,0.0028341798567572685
2016-09-22,0.002027106668829326,0.006301569557832121,0.005896172409194822
2016-09-23,-0.00023780817946206234,-0.005479273081682057,0.004941130603694166
2016-09-26,0.0016665080497575424,-0.008102289183241407,0.007423489184726462
2016-09-27,0.001188857935077614,0.00620802912421059,-0.015216031256459872
2016-09-28,0.0,0.004963429925864293,0.002235048163077513
2016-09-29,0.00011907707169767079,-0.009047384534986436,-0.027003426930455432
2016-09-30,-0.0013063677434566046,0.007546332380345522,0.016591937232549814
2016-10-03,-0.0010591698437122377,-0.002404040468962143,0.047394990482537924
2016-10-04,-0.0033375417101841887,-0.005098027165909902,-0.010715983364832038
2016-10-05,-0.0016744806666412204,0.004425432655282835,-0.013953932130380098
2016-10-06,-0.00035947131414038047,0.0006956390638364063,-0.03578625635704735
2016-10-07,0.0008387634807582867,-0.003429439240139498,-0.021840779371141483
2016-10-10,-0.001078323637914269,0.005208400244506306,0.02207415798926582
2016-10-11,-0.0015579738310597113,-0.0126294064997714,-0.004229886150648454
2016-10-12,0.000600047776836421,0.001311671614280474,0.007046466386483763
2016-10-13,0.0012005345113577093,-0.003275508959048712,-0.006302456879140883
2016-10-14,-0.0020377366213235604,0.0005164322862889481,-0.018627583354229538
2016-10-17,0.002161887021842279,-0.0034722431297773415,-0.012976444351751049
2016-10-18,0.0013175858830309917,0.00626239889438307,0.02650023191602613
2016-10-19,0.000718168800929897,0.0026671107959357343,0.02240090564098618
2016-10-20,-0.0005979229501097416,-0.0018668356611525327,-0.021910099567979402
2016-10-21,0.0008378848497612168,0.00046766514675500304,0.00497237481730628
2016-10-24,-0.001435206241020448,0.004252664016303642,0.013344029700076643
2016-10-25,0.0,-0.0033507490892827896,-0.0020714054958987926
2016-10-26,-0.001795916926824348,-0.0020076882183779343,-0.0004941818395456377
2016-10-27,-0.002759254496544239,-0.0026664036064159014,0.008751979915121444
2016-10-28,-0.0004806479449718237,-0.0029553000211450797,-0.0198029875608402
2016-10-31,0.0010834609887995228,4.6625281418410935e-05,-0.011201655407329203
2016-11-01,-0.0003254929128316819,-0.00724528123419077,-0.03509842661102913
2016-11-02,0.0009639633891911359,-0.006018406600414528,-0.014518503789442305
2016-11-03,-0.000601912174670427,-0.004577081011665651,-0.0031911467456550158
2016-11-04,0.0018065797181325838,-0.001101767985043356,0.01675382136299608
2016-11-07,-0.0013227490642825357,0.02205701498522261,0.013906348645120303
2016-11-08,-0.0018049166025949637,0.004503773408044642,0.008954005217394645
2016-11-09,-0.009889693666377819,0.010602396881230769,-0.025033363190080093
2016-11-10,-0.004263000477195078,0.0024954881712246912,-0.024781658082167812
2016-11-11,-0.0018350525058554723,-0.0023050618843466486,0.017318643404319323
2016-11-14,-0.0037988089514990886,0.0007855020921467837,-0.03770682709596174
2016-11-15,0.0013525672383842835,0.007802773020937126,0.012785831275339055
2016-11-16,0.0020893260736365438,-0.001878188049067031,0.0008706682793555576
2016-11-17,-0.004046383708954382,0.005140663689550129,0.025716307636262092
2016-11-18,-0.0024607450201645786,-0.0022376956243992385,-0.019293934240147914
2016-11-21,-0.000123925967127958,0.00755127575880854,-0.0027024465131613162
2016-11-22,0.0008632075226626679,0.0019533953927135528,0.03603947721674805
2016-11-23,-0.002588577424445182,0.0005439580657782273,0.010304965252273535
2016-11-25,0.0003705236027109482,0.0037155105120165732,0.018173287121064252
2016-11-28,0.0023484338435981744,-0.004694781285950023,-0.0026950938729078944
2016-11-29,0.0007393498261560882,0.0019504712237590205,-0.03339797817354062
2016-11-30,-0.0034492498234695024,-0.0023993761089621257,-0.0008967014020552222
2016-12-01,-0.003716209394933556,-0.0036754534044528553,-0.03970439621692412
2016-12-02,0.003605200436015199,0.0005010841942394428,-0.002254227571355849
2016-12-05,0.0012390160167137232,0.006008700689467128,0.029371246552803765
2016-12-06,-0.00012370443096743067,0.0031674613210834757,-0.0050855909965381585
2016-12-07,0.0023510508347166503,0.013080607888465101,0.03927898836940713
2016-12-08,-0.0019749977360833393,0.0024487557118191283,-0.004452545532701246
2016-12-09,-0.0029690479227528765,0.006040438999521891,-0.0005720111783587001
2016-12-12,-0.0011159391571984312,-0.0011478782389809927,0.0013008438960526725
2016-12-13,0.0011171858686551683,0.006673978738273023,0.02972509618020802
2016-12-14,-0.005086604930343297,-0.008254376370483096,0.0027252272268023514
2016-12-15,-0.0014966833587672923,0.004117233406000453,-0.005586619127426196
2016-12-16,0.0008742317044034831,-0.001955837474298616,0.02485070240083087
2016-12-19,0.0026207832724669533,0.0021776126273029828,0.0011852284519540124
2016-12-20,0.00012423898111424414,0.003857714128000067,0.02989199578262669
2016-12-21,0.0014937692630752064,-0.0027829681628410707,-0.005220520683151264
2016-12-22,-0.0006854183335094355,-0.0017270707150932596,0.00361092210958347
2016-12-23,0.0004985075301386921,0.0014640953474112095,0.023458878645067793
2016-12-27,-0.0007477032738456568,0.00248115484938749,0.029014693821664217
2016-12-28,0.0024942931192943885,-0.008264742390169943,0.0009565849240522617
2016-12-29,0.0027356523325015036,-0.00022266987816643713,-0.02302717301331647
2016-12-30,0.0021088349480755664,-0.0036548897033155114,-0.0046115136580925364
2017-01-03,0.00012387262319402126,0.007649624177324288,0.015442882835696947
2017-01-04,0.0007422688091685004,0.005949310150005882,0.04608509628379487
2017-01-05,0.0050710099376383155,-0.0007942117944518268,-0.0010573016932267087
2017-01-06,-0.003937590767534194,0.0035778894944302753,0.009966895409707854
2017-01-09,0.0024707463162108034,-0.003301078734510021,0.009912262252654847
2017-01-10,-0.0002470816705408829,0.0,-0.006096497424114444
2017-01-11,0.0004934141533434744,0.0028262032489327904,-0.0006090579683538655
2017-01-12,0.00024627437690227794,-0.002510206858584496,-0.0006094291460314594
2017-01-13,-0.0016012288920226325,0.002295556586823011,0.03554165910672369
2017-01-17,0.0030850059095124394,-0.003523555048611904,-0.009127294759965876
2017-01-18,-0.005165772191843332,0.002209901310183726,0.011800718170465796
2017-01-19,-0.001730886127055964,-0.0037045071255910056,0.02265484584252664
2017-01-20,0.0007424156578481611,0.0036740452153136705,0.003979211340805033
2017-01-23,0.002722899687595648,-0.0026018731611254786,0.017121013222806347
2017-01-24,-0.001480510772789323,0.006411452251012806,0.022858758549190616
2017-01-25,-0.002966597585221886,0.008655994985163895,-0.0005499330562692695
2017-01-26,0.0003721080103431529,-0.0010455938988009894,-0.007702287210641479
2017-01-27,0.0011148451283151672,-0.0015700710963053588,0.0017424922931057463
2017-01-30,-0.00024730775478243316,-0.006201399816829767,-0.009171674163915622
2017-01-31,0.0021043550559971536,-8.806855611487308e-05,0.005186895116227497
2017-02-01,-0.001757765371604214,0.00039552572330636693,-0.010677646659077555
2017-02-02,0.0006198664090713013,0.0006590267515351744,0.009268250070681772
2017-02-03,0.000248442487937206,0.0068927414929440545,-0.0008746279419173941
2017-02-06,0.003097766620969944,-0.001787644961256385,0.02562376061798921
2017-02-07,0.0016055677609163599,4.365275072704122e-05,-0.0011251188300628323
2017-02-08,0.002713294565412694,0.0013105314939301227,0.01786550436031553
2017-02-09,-0.0027059525191481804,0.005932609837416392,0.027167272901938322
2017-02-10,-0.00024684393068752364,0.003946167625566099,0.00011148636943625334
2017-02-13,-0.0011100773678796028,0.005442547679598508,0.04223151490536248
2017-02-14,-0.0020987834635577407,0.003995549319331548,0.0013542446986194445
2017-02-15,-0.0016094207488434042,0.005220421679420939,-0.004341936732680907
2017-02-16,0.0018590517355803193,-0.0008515478333802617,-0.03864027372388368
2017-02-17,0.0023513146076901137,0.0015765174093298473,0.012195542272078752
2017-02-21,-0.0001238395715884577,0.005955017122652784,0.01895455321252637
2017-02-22,0.0006179059860986769,-0.000888152033886147,-0.013987544509128647
2017-02-23,0.0018503351591532269,0.0006772423764300761,-0.06405612128285887
2017-02-24,0.0036943939720099905,0.0012690356280966597,0.003945460066550499
2017-02-27,-0.0020856914702482854,0.0015626912058859244,-0.04190663914295778
2017-02-28,-0.0007376357874664397,-0.0026985898164403332,0.015270331412970961
2017-03-01,-0.004093286000348084,0.01399717601754924,0.00011993887695105343
2017-03-02,-0.0018571446091912858,-0.006297878277278346,0.0018399484050042325
2017-03-03,0.000744526913241339,0.0006298677173683931,0.004351614767985623
2017-03-06,-0.0006204449416037372,-0.002977911728067273,-0.0014310232140101187
2017-03-07,-0.001858998033175241,-0.002987104332039192,-0.010429562301419115
2017-03-08,-0.0023608617039003743,-0.001856291391619691,-0.006918982373962046
2017-03-09,-0.0031129075784284144,0.001268167030128886,-0.007979851500776736
2017-03-10,0.0019987206679967784,0.003504119184038812,-0.0049408426009909245
2017-03-13,-0.0019947337524186537,0.0005046763444256364,0.010176830680722393
2017-03-14,-0.00012457844050406397,-0.00382622915739661,0.04805628371511106
2017-03-15,0.006246222676113744,0.00865335747203333,-0.008798421425113223
2017-03-16,-0.0014895930793366041,-0.001967053868371149,0.024713450219121746
2017-03-17,0.0019886492968406166,-0.0017560579541475718,-0.002098847828182704
2017-03-20,0.0019862626713491593,-0.0010970945007728883,0.0016061116267274134
2017-03-21,0.0023524930078904216,-0.01283929927005556,-0.04291381746799239
2017-03-22,0.001359813161932566,0.002353259083053949,0.017273078068332337
2017-03-23,-0.0004940881012079901,-0.0010671245515305738,-0.00090202828464514
2017-03-24,-0.00024673156729237977,-0.0007263987680470319,0.03289120992821504
2017-03-27,0.0020987295280718854,-0.0010265691144369926,0.026827796887382016
2017-03-28,-0.0018480584943575407,0.007276964690979826,0.0267559948391054
2017-03-29,0.0019757151319526045,0.0009350334668809523,-0.0002523309678981178
2017-03-30,-0.0016016462603622994,0.0031839486265929917,0.0019467497819007917
2017-03-31,0.0006169725990559094,-0.002327465156525821,0.0013673037946848599
2017-04-03,0.0036342405713063464,-0.0017393623645149958,0.07265538500445645
2017-04-04,-0.0011087021936296848,0.0006372231583988697,0.017352355705321898
2017-04-05,0.0008624561278034459,-0.002972288854961924,-0.02864668535390913
2017-04-06,0.0003701533051605477,0.002810950714959626,0.012542335863124032
2017-04-07,-0.0022165140617024237,-0.0010193804423874742,0.012855637977449375
2017-04-10,0.000987291975530935,0.000595120358104273,0.03255773135831275
2017-04-11,0.0032055031877775697,-0.001189607765277323,-0.011780116939354768
2017-04-12,0.0023348820274029514,-0.0043817006861844865,-0.03845036378853883
2017-04-13,0.0014714376810609497,-0.006495147805489432,0.024120725067491966
2017-04-17,-0.0006125924456433784,0.00885996807109346,-0.008421007061268249
2017-04-18,0.003553074749507612,-0.002984270213224227,-0.0039477635540767775
2017-04-19,-0.0018306167403174811,-0.001838663362493942,0.017552054419372798
2017-04-20,-0.0013457161971194287,0.008139059907444013,-0.00985204376039106
2017-04-21,0.000244949514037085,-0.0031868054514906374,0.010214507204857837
2017-04-24,-0.0013463394698455255,0.010997970998362083,0.007951603024820342
2017-04-25,-0.0030653690079363027,0.005818756563618965,0.018699422064641924
2017-04-26,0.0009834010347185007,-0.0006286956484440331,-0.011536362728744365
2017-04-27,0.0007378125608397124,0.0008389608784631353,-0.004965028404995131
2017-04-28,0.0011049788423380669,-0.0021794550061140505,0.017626304762964118
2017-05-01,-0.0018684587559759658,0.002520043340477285,0.027891854114518555
2017-05-02,0.0017239335276681977,0.00037718935023645095,-0.012204567888302154
2017-05-03,-0.0011062610002963158,-0.0012147079857518506,-0.02467931806646917
2017-05-04,-0.0011073013313062097,0.0011739443101059788,-0.05002899014132822
2017-05-05,0.000616315370400855,0.00393703172841775,0.04362697085089429
2017-05-08,-0.0017241516412634939,-0.00016670557690134924,-0.003761964382840155
2017-05-09,-0.000493130353321769,-0.0009178800966950229,0.045802257580723316
2017-05-10,-0.00012275650441118113,0.0017957435308066927,0.012326461540900224
2017-05-11,0.0007400277598457183,-0.0020427366934907543,-0.00651863161783095
2017-05-12,0.0029590334457958445,-0.001671126443138382,0.005292405210798323
2017-05-15,-0.0002457457574229771,0.005523690100196932,-0.027492985952879856
2017-05-16,0.000982793630147638,-0.0009155822316698758,0.0035773656379796126
2017-05-17,0.005405378804655303,-0.01774422653117158,-0.03438380701321975
2017-05-18,-0.0008549784291401741,0.00402845835608856,0.02270424662501913
2017-05-19,0.0006107053282187191,0.00650410841482163,-0.007123221570720428
2017-05-22,-0.000855310172028334,0.005077643400174026,-0.0015442325945463908
2017-05-23,-0.0020787937495923003,0.002212626155229769,-0.020911878559512043
2017-05-24,0.0020831241350238727,0.0023329739751842826,0.020930680784285283
2017-05-25,0.0,0.004779662381489969,0.02130743638162036
2017-05-26,0.0004897008169948425,-0.00020695294768569017,0.026228617616507632
2017-05-30,0.0014670977434587673,-0.0008686378173710096,0.030632936854847692
2017-05-31,0.00048770486141114233,-0.0002486693377922178,0.017636485991062267
2017-06-01,0.000269518359510057,0.007952383321945256,-0.0018767257398862869
2017-06-02,0.003300175808610639,0.00332818893384057,-0.001527722510787366
2017-06-05,-0.001583837092851037,-0.0007369836228511284,0.021980248714097206
2017-06-06,0.001829967152793932,-0.0031971079679760095,0.0159218742715026
2017-06-07,-0.0013390011506717592,0.0018505296362201218,0.019271708483604266
2017-06-08,-0.0007325680915305499,0.0004923506805372124,0.028777999979157753
2017-06-09,-0.0008540592548287318,-0.0015176478029459428,-0.03427033634338705
2017-06-12,-0.0002444958669209907,-0.00020540514134725907,0.004729671679755576
2017-06-13,0.00024455565976899685,0.004889777211424251,0.04718532194258196
2017-06-14,0.0036654234311286338,-0.0012675176420853251,0.012528228772248573
2017-06-15,-0.0010961220781102732,-0.0019245646362331392,-0.013975690849574174
2017-06-16,0.0010973248801382507,0.0002187801202617745,-0.010497150563255842
2017-06-19,-0.0014607053829319705,0.008324994904326921,-0.004308019545855357
2017-06-20,0.001462842164355882,-0.006744091842442401,0.006598147050542957
2017-06-21,0.00048641519663994437,-0.00024708086956859443,0.01117554424882039
2017-06-22,0.00036422366676869267,-0.0004523709077234317,0.016498465012477537
2017-06-23,0.0002441859228456966,0.0011942646954419267,0.0021954374532506815
2017-06-26,0.0010937077445942744,0.0006577626206984988,-0.015543088109582714
2017-06-27,-0.0034009249671080877,-0.008056102188190306,-0.040054017543423526
2017-06-28,0.0,0.008950284345943249,0.024477666146892174
2017-06-29,-0.0020713542660714124,-0.008788833656044326,-0.028256648657213446
2017-06-30,-0.000732913906415833,0.0018643972861125402,0.0023839082899164143
2017-07-03,0.00011114751565455272,0.0016957459321702562,-0.024861017541874753
2017-07-05,0.000613380612592973,0.002312110237310483,-0.07240087231100589
2017-07-06,-0.002329722637536946,-0.00914444820574667,-0.05582559174516721
2017-07-07,-0.0002462026076801571,0.006485054487449071,0.014214882525563466
2017-07-10,0.0004921593761837428,0.001073648626551238,0.0090352135473033
2017-07-11,0.0009829784025445765,-0.0007422584228439222,0.03534252795483339
2017-07-12,0.002332235304122632,0.007514578919570303,0.007028925342357439
2017-07-13,-0.000367596146719551,0.001680243472337306,-0.018542123378747166
2017-07-14,0.0003677313233370061,0.004663935341167491,0.013512209263288222
2017-07-17,0.0013472023927942889,-0.00012204307398400172,-0.0250472625679502
2017-07-18,0.0023231912212138273,0.0005294184019943859,0.027130254389051922
2017-07-19,0.00012230624146836178,0.005414090714766839,-0.009078761803985369
2017-07-20,0.0006099991280521522,0.00044539791854303346,0.014327017051524393
2017-07-21,0.0010974625646023028,-0.0008903992551112516,-0.004607190366594627
2017-07-24,-0.0004866337269542331,-0.00024285216390518283,0.04299636569936682
2017-07-25,-0.0037783418852070927,0.0024308186895487527,-0.008525099770780753
2017-07-26,0.002446264546002608,4.051710900565553e-05,0.012514701075326817
2017-07-27,-0.001219904557407503,-0.0009297980477789292,-0.027308396738741525
2017-07-28,0.0018332470550150859,-0.0011729881204768366,0.001823831604937487
2017-07-31,-0.00012235292689621868,-0.0005670601815459531,-0.034619599719763694
2017-08-01,0.004066608197957233,0.002228832705786443,-0.01205677008226358
2017-08-02,-0.0006101473433592908,0.00048519512439604284,0.019776573954314758
2017-08-03,0.0020749085414890622,-0.0019399102494396248,0.0650526513735219
2017-08-04,-0.0015833525241132351,0.0018222585256859603,0.028292383368331286
2017-08-07,0.00036572201076356947,0.0018591078794198967,-0.004875225943531958
2017-08-08,-0.0013414776101488002,-0.0024609655937957164,0.02829631263376431
2017-08-09,0.0007330665736771103,-4.033031951766741e-05,-0.004627365110779436
2017-08-10,0.0014644544148347816,-0.01411525805096292,-0.02236403470594972
2017-08-11,0.0008527743275434929,0.0014766994359545205,0.006949935317051015
2017-08-14,-0.0007307144862411796,0.00991352294829606,0.016570221297372845
2017-08-15,-0.0017052811851266947,-0.00012205637794071578,-0.004040664276399042
2017-08-16,0.0014639071939450687,0.0017446079428802275,0.0016007926501722114
2017-08-17,0.0018284170003464162,-0.015591228250909195,-0.030283041893870877
2017-08-18,-0.00048654733687825136,-0.001562886501145666,-0.012673311114715258
2017-08-21,0.0004867841804248041,0.0007829558100869161,-0.027629053784943403
2017-08-22,-0.0012165190507004153,0.010456830213079416,0.010329693388882788
2017-08-23,0.002922718997806273,-0.0035854707925224716,0.03345540420719151
2017-08-24,-0.001457582250186884,-0.0023305968711351266,0.00045360154190454693
2017-08-25,0.001216766437617256,0.0023360412415434073,-0.013827155730014362
2017-08-28,0.00048589838258794593,4.0919150363416534e-05,-0.006866784012039551
2017-08-29,0.0010926802337267727,0.0011448279089920632,0.004918102123601331
2017-08-30,-0.00012116287511809709,0.004737557851739238,0.016754972691134018
2017-08-31,0.0008480625776294826,0.00601598658568947,0.0077014640323460615
2017-09-01,-0.0016508463560395148,0.001414221968295326,-0.001404947921586297
2017-09-05,0.004135504454122252,-0.0071817608224226115,-0.016347760005731682
2017-09-06,-0.0016958909511205489,0.0034134003075199093,-0.01447411322118497
2017-09-07,0.0031553421508883073,-0.00012130960329770346,0.01764727961577761
2017-09-08,-0.0010894701323844735,-0.0011746270877242004,-0.02056417827336232
2017-09-11,-0.0030267386769484705,0.010665813597141138,0.05908562240162629
2017-09-12,-0.0014575648305494848,0.0033707489970953297,-0.00258466740618446
2017-09-13,-0.0012163602255018668,0.0004798276159259096,0.009593398738436676
2017-09-14,0.0006092821570853335,-0.0003198018393553159,0.031155332074128017
2017-09-15,0.00012140903582991136,0.0013460965516620682,0.005746213391062849
2017-09-18,-0.0007302315375041779,0.002127023099372627,0.013664753291859899
2017-09-19,-0.0007304640175099797,0.0010012307610942628,-0.025714352807659213
2017-09-20,-0.0008532930802253036,0.00035978063445085695,-0.0031724481425279283
2017-09-21,-0.00024449745005994394,-0.002679359812411297,-0.019871143403731972
2017-09-22,0.0009765997999011677,0.00020055318494649477,-0.041994069357169206
2017-09-25,0.0021939247423834463,-0.0020444899273572847,-0.017374506834339942
2017-09-26,-0.00048720670381985354,0.0006025607357500462,0.0007536733698372267
2017-09-27,-0.0030414110317766863,0.0038944373637059826,-0.012396827077865047
2017-09-28,0.00024404308220549176,0.0011997235018792463,-0.004017951352455751
2017-09-29,0.00012172020766665348,0.003515027769500856,0.004416978099188951
2017-10-02,-0.00039076059957732223,0.004338688930731527,0.001260661839917132
2017-10-03,0.0004894264155412831,0.002139963648035703,0.019354062073632994
2017-10-04,0.0,0.001186598668632799,0.019733448385671926
2017-10-05,-0.0007339614933573602,0.005925064516211442,0.0009013983077243992
2017-10-06,-0.0011015395591209565,-0.0011387661304336216,0.004362107763772327
2017-10-09,0.0009808976410221604,-0.0016511703756876273,-0.03906072378558045
2017-10-10,0.0004890624288582668,0.0026385235164987364,0.03688687271526536
2017-10-11,0.0004882801595837982,0.0015709205157856676,-0.0027841047196057733
2017-10-12,0.0008566974575432429,-0.0014901570717211765,0.003045706658163727
2017-10-13,0.0020762902087971824,0.001217271882611115,-0.00030928456166490204
2017-10-16,-0.0009758139727923387,0.0013337874080601164,-0.013977550178338238
2017-10-17,0.00012264529463523743,0.0007050453201873363,0.014689141609866452
2017-10-18,-0.0015858253151588286,0.0009784219260606797,0.010962764159067495
2017-10-19,0.0004887676597165047,0.000273673958809173,-0.021798981582458632
2017-10-20,-0.002442584145423754,0.005160477540356645,-0.019072835359806528
2017-10-23,0.0008571095079887847,-0.0038894042645107874,-0.023413464914415094
2017-10-24,-0.0017123888204334525,0.0017572773156453447,0.0009494297097303317
2017-10-25,-0.000857300261223215,-0.004950040314066317,-0.034090140970734484
2017-10-26,-0.0012268980745029356,0.0012924576300472612,0.0010127374519863785
2017-10-27,0.0022101356365844538,0.008176252100514203,-0.0162492452064249
2017-10-30,0.002327692276904436,-0.003725112813596332,-0.002462011664685293
2017-10-31,-0.0006110328403309273,0.0015577523730310183,0.03577226121725574
2017-11-01,0.0006488271589029093,0.0013222407234925182,-0.03152052936995098
2017-11-02,0.0009809937290350401,0.00038828501436283247,-0.06795811899941895
2017-11-03,0.0008556000344914771,0.003338714630472861,0.022822982448676532
2017-11-06,0.0007334927996329732,0.0015478441611112004,-0.010813823575954284
2017-11-07,0.0003666881585835391,-0.0006952813196495766,0.010799941188298634
2017-11-08,-0.0007326865148153949,0.0017005789667692284,-0.005423931052012332
2017-11-09,-0.0009776918347835784,-0.0036275185744889527,-0.004599405105758847
2017-11-10,-0.004036647063572096,-0.0003099857430918229,0.0
2017-11-13,0.00012254713679449303,0.0009301102147776241,0.040958453553772145
2017-11-14,0.0012278008810699959,-0.0023228104681198847,-0.021242868646299873
2017-11-15,0.002330933477002084,-0.005005046122761758,0.008422362244802972
2017-11-16,-0.0013461433808731327,0.008501014233052384,0.0038547989871628996
2017-11-17,0.0009802672042809046,-0.002938828314968389,0.008160004160156609
2017-11-20,-0.0006119162951561119,0.0017063277551694345,-0.02002852395999022
2017-11-21,0.0008570867038995011,0.006542744231373687,0.02937742586698744
2017-11-22,0.002081031172131542,-0.0008845420630190226,-0.016393380639855182
2017-11-24,-0.00024467964619612204,0.00230968720191993,0.009436982537875505
2017-11-27,-0.0003662670237007948,-0.0004991459699011935,0.003993010599430358
2017-11-28,0.0,0.010144926660596632,0.0023357961917807035
2017-11-29,-0.002443838389856845,-0.000608620803321025,-0.031522607487023624
2017-11-30,-0.0014702210109780456,0.008754434937994882,0.004259625415678148
2017-12-01,0.002680069531844298,-0.0020751334228586993,-0.00751174839672486
2017-12-04,0.00012226539641613243,-0.001209923433170279,-0.004338902370729869
2017-12-05,0.0012254568214304928,-0.003596534670491036,-0.004914735046491203
2017-12-06,0.0011024578732612422,0.00018997105496931788,0.03147841020585318
2017-12-07,-0.0013448759552854295,0.003153106369225833,-0.006448398065581062
2017-12-08,-0.0003681975990169617,0.005452893844313023,0.01249845338924227
2017-12-11,-0.0007344987082444909,0.0030131754625466467,0.04372799282987505
2017-12-12,-0.0001229885037384859,0.0017648200638584743,0.036848923969736935
2017-12-13,0.0028201038437520864,-0.00011230473546175457,-0.0058645813181393835
2017-12-14,0.0003671318164881754,-0.004086321285905914,-0.003362543847205468
2017-12-15,0.00012195188619612551,0.008327436863937443,0.016455137466531822
2017-12-18,-0.0015882446469800415,0.006341354868440119,-0.013335307046188238
2017-12-19,-0.003060494306830863,-0.0038405234652536535,-0.02292913127888241
2017-12-20,-0.0019648018168050285,-0.0005241536466931151,-0.006402953688585233
2017-12-21,0.0006153680568530273,0.0020598318470077537,0.008146410493583334
2017-12-22,0.0004915928557267524,-0.0002618376468882522,-0.019477747277796942
2017-12-26,0.0009978025392263223,-0.0011960882346538915,-0.02432353347942262
2017-12-27,0.0030776142886743685,0.0004865801456046537,-0.01780707079988264
2017-12-28,-0.0006133937106361786,0.002057467076235442,0.011936903626468931
2017-12-29,0.0015960914208807964,-0.0037705071205550444,-0.012715657450566908
2018-01-02,-0.002819492786967359,0.007157404675512735,0.029484572024129463
2018-01-03,0.0008602864648463715,0.0063250872926456925,-0.010233112708571857
2018-01-04,-0.0004911611170438368,0.004214812249097255,-0.008289977599700404
2018-01-05,-0.0013516730817471068,0.0066642144845381335,0.006229740634655645
2018-01-08,0.00012288116703440544,0.001828614117605376,0.06263821959024418
2018-01-09,-0.002953430080460673,0.0022630356149710984,-0.00808538113492141
2018-01-10,0.0001237744828921361,-0.001529615769584547,0.003326413914539472
2018-01-11,0.0,0.0072960969821844746,0.009408646715617364
2018-01-12,-0.00012375916466556003,0.006518918283324293,-0.005119110235858537
2018-01-16,0.0007402875597026792,-0.003418524397214795,0.011421116241414841
2018-01-17,-0.0011090356238250276,0.009531995613757172,0.02087858455510405
2018-01-18,-0.0019757982865360457,-0.0016808422461795924,-0.007460532163804823
2018-01-19,-0.0021025017666884693,0.004549588723829379,0.015816873268893028
2018-01-22,-0.0007442591689320599,0.008130996950387992,0.004399674810198428
2018-01-23,0.0026050229303193895,0.0021225526040680176,0.0034987229726255453
2018-01-24,-0.0011135289429881068,-0.00038836974345690667,-0.019558338950656062
2018-01-25,0.0027252031469808813,0.000423996924733272,-0.02385156263182675
2018-01-26,-0.0018530624034706067,0.011577854727749193,0.015430662178036458
2018-01-29,-0.0013609660875376628,-0.006630078058285638,0.019483745784611983
2018-01-30,-0.0018590326991343442,-0.010257359571848479,-0.010614261699658623
2018-01-31,0.0002483854338162228,0.0004969505029650545,0.024550343604870628
2018-02-01,-0.00277500730032898,-0.0011352786244909208,-0.014281293846785892
2018-02-02,-0.002993302777921203,-0.021769804450019525,-0.015747955382294898
2018-02-05,0.004379379333432576,-0.04182269485332091,-0.03089455173037159
2018-02-06,-0.0032392735472062117,0.0197023621682193,0.002521527021648984
2018-02-07,-0.0022495515476991246,-0.005424686420937297,0.03302687941110416
2018-02-08,-0.0007517862275336906,-0.03750895441986013,-0.0862898619278617
2018-02-09,-0.0025063065417391117,0.01502148412859583,-0.015258637910555595
2018-02-12,0.000250983772789537,0.014684258336547629,0.017105860055229627
2018-02-13,0.0008796055227648925,0.0024875287850805172,0.025116342037434514
2018-02-14,-0.003264138501005154,0.013496226182082793,-0.004171050736881843
2018-02-15,0.0010076251666413238,0.012760241686404772,0.036486630791516594
2018-02-16,0.0021386404174483786,0.0002928969218003452,0.004250554934988271
2018-02-20,-0.0010036643820979796,-0.00626091478889812,-0.002146044443117834
2018-02-21,-0.0037712109871758104,-0.004974184780868418,-0.004391140631703427
2018-02-22,0.0012619523585217785,0.0012959262989624687,0.03861385365210501
2018-02-23,0.002645453410427434,0.015939028946183598,0.016985883239315713
2018-02-26,0.0005030727078660924,0.011612342530191944,0.015253507120131848
2018-02-27,-0.0021358628187307938,-0.012486875177780798,-0.017990057260484416
2018-02-28,0.0012585395289947954,-0.010129368683711504,-0.022593189478732012
2018-03-01,0.0017010092429392554,-0.014541047643885086,-0.03535822749677753
2018-03-02,-0.0018863165720561792,0.005155130143029485,0.012661277814635996
2018-03-05,-0.0006301654874715235,0.011557786542739423,-0.0052816914935877035
2018-03-06,0.00037912537296413973,0.0025347586644111075,-0.015449266428910424
2018-03-07,-0.00025269546960327016,-0.0003659881236662832,0.012492436638843696
2018-03-08,0.0011345251908401188,0.004838916143443228,-0.009629843215428147
2018-03-09,-0.0012594144951774133,0.01740229648906544,-0.005864531827206032
2018-03-12,0.00100888824699652,-0.0012550642437451076,0.05605653312252623
2018-03-13,0.00025186027428847346,-0.0064627450784613405,-0.010621995702379428
2018-03-14,0.00214091859942922,-0.005131557277736509,-0.044494497652946774
2018-03-15,0.0001252921644010474,-0.0010897015688735578,-0.003153405592199232
2018-03-16,-0.0008795720315470934,0.0010841275522550653,-0.01305288982206032
2018-03-19,-0.0007542844924202097,-0.013530257921350541,-0.024241461624452176
2018-03-20,-0.0012584378259299367,0.0017008234033299985,-0.00959942757640797
2018-03-21,0.0,-0.001919258134756352,0.019256145072983122
2018-03-22,0.0016382334752369498,-0.024997245751495645,-0.02347326010471351
2018-03-23,0.0002512364276612278,-0.021314398406757973,-0.024458090225057294
2018-03-26,-0.0006286698880934027,0.02735909465829467,0.00875508689287341
2018-03-27,0.003397210922446714,-0.01701193318669203,-0.08218823758246674
2018-03-28,-0.00012530140895838926,-0.002954729314005089,-0.0766530355251378
2018-03-29,0.0025084237035817303,0.012777454083429118,0.032392000767142104
2018-04-02,-0.00012561421657364402,-0.02158446744090703,-0.05129071230255955
2018-04-03,-0.001128349150986696,0.012816913899441618,0.05960860827013281
2018-04-04,0.0,0.010699306321258817,0.07255264788199489
2018-04-05,-0.0013818401623038046,0.007891895158324003,0.06544916484533281
2018-04-06,0.0025149391672492083,-0.022285776848317673,-0.020999583742291605
2018-04-09,0.0010043681617308842,0.00492845836769118,-0.03220844689083846
2018-04-10,-0.0017549197760111657,0.015900133471711042,0.05192293313418306
2018-04-11,0.0007528806025978163,-0.005241989216341336,-0.012372820864378187
2018-04-12,-0.001880602276437493,0.008227271727847763,-0.022762782382571456
2018-04-13,0.0007536704798709604,-0.002933524357763062,0.021286738456213206
2018-04-16,0.0001249770483073842,0.008221881975197354,-0.030398916175858104
2018-04-17,0.00037702404352080165,0.010698115792955543,-0.012087505392479714
2018-04-18,-0.003263173115012785,0.0007407357573672169,0.019674020987929586
2018-04-19,-0.0023927305626586515,-0.005547660620873973,0.02294182395058919
2018-04-20,-0.0025248308426024657,-0.008479197021291074,-0.032791263163394424
2018-04-23,-0.0005059855652398415,-0.00015031818431221478,-0.023670076256160577
2018-04-24,-0.001772770705545157,-0.013467222137436785,0.0003176334310297513
2018-04-25,-0.0013948841156806724,0.002471796251156233,-0.009772049765610302
2018-04-26,0.0020320150281791793,0.010165396178198671,0.017065024181957433
2018-04-27,0.0015215687649223764,0.0009388084374448713,0.030124724287798443
2018-04-30,0.0005055563128355534,-0.007690593158542702,-0.0006121312704419068
2018-05-01,-0.0015466985696857005,0.0017769075839200177,0.02048323157183285
2018-05-02,0.00012732283989147497,-0.006717144555020482,0.0041011301765416786
2018-05-03,0.0008888025923183829,-0.0022040704860557536,-0.055454155423032336
2018-05-04,0.0006339959108250248,0.01294638731331954,0.03389002165305066
2018-05-07,-0.0005073434234608154,0.0033835121510796817,0.029514774071228045
2018-05-08,-0.0007602307039547007,0.0,-0.002642361564227369
2018-05-09,-0.001143001894438056,0.009665747212614484,0.016160606885176954
2018-05-10,0.0020336563897320747,0.00935057306835052,-0.0059638132116135445
2018-05-11,0.00101476451253113,0.0030511352007436265,-0.012982751883414467
2018-05-14,-0.001267185148434935,0.0004769333836935896,-0.030193360898847388
2018-05-15,-0.004694207281413454,-0.0068873461914378264,-0.02668080078854762
2018-05-16,-0.00076434611722076,0.0042049743985066446,0.008093479277920368
2018-05-17,-0.0008926361237557856,-0.0008444681675562338,-0.006771859790704271
2018-05-18,0.00268036292283913,-0.002499969133040625,-0.027131554566867888
2018-05-21,0.0,0.007518384913259846,0.027707543542699442
2018-05-22,0.00025476993143302984,-0.0027802913163201826,-0.033322787235185114
2018-05-23,0.0030551000773142434,0.002751147549790778,0.014763174167753412
2018-05-24,0.0020301394736828016,-0.0020484377701375234,-0.004371756014124761
2018-05-25,0.0021530721329614533,-0.0023827558232450974,0.003599112439287566
2018-05-29,0.006950772853794307,-0.011500968533414202,0.017608039140968756
2018-05-30,-0.0030122176895649444,0.013344639303036754,0.028051857754248344
2018-05-31,-0.0003769386442463718,-0.006125769158253469,-0.023961312441811322
2018-06-01,0.0006195160715083414,0.009817655768404654,0.024900736382056587
2018-06-04,-0.0021494480843604613,0.0047516403146787844,0.016859761047419486
2018-06-05,0.0008872292475754495,0.0007272883448594669,-0.018905466401010762
2018-06-06,-0.0027846949819050337,0.008360663650174072,0.09744783937389845
2018-06-07,0.0025379070087643285,-0.0001080882526853788,-0.01067291441269691
2018-06-08,-0.001265863630471653,0.0029561463146379197,0.004966987221204366
2018-06-11,-0.0008871786046681374,0.0013302156404260135,0.045457353862759176
2018-06-12,-0.00012750978904552124,0.0012923412668399692,0.03212891816285279
2018-06-13,-0.000634561768819486,-0.003191274241786113,0.005863940944921264
2018-06-14,0.002159432633869196,0.0025180679673497686,0.037531198826580514
2018-06-15,0.00012647419181988084,-0.0012756532762098205,0.001257995940245893
2018-06-18,0.0,-0.0020571221893516123,0.03534633777963303
2018-06-19,0.0016472650749477236,-0.0038324557528962577,-0.04929487816484701
2018-06-20,-0.002277030562770843,0.001705842214005493,0.027428816276547474
2018-06-21,0.000507379595897639,-0.006268625193367239,-0.0406106959223671
2018-06-22,0.0006338415892364058,0.0018231530826438025,-0.039941282796361555
2018-06-25,-0.00012749635193254338,-0.013612914626322747,-0.0018583828407574554
2018-06-26,0.0016471909835724663,0.002213991351862621,0.02699616299368457
2018-06-27,0.0024019406785527053,-0.00828415831205287,0.007309997535504653
2018-06-28,-0.0007558264545358684,0.00571752040127449,0.01576195226568089
2018-06-29,-0.00025284490193377973,0.0014395449951174477,-0.019946872439894237
2018-07-02,-0.0006207929174776305,0.0021380759336826483,-0.022977114068266302
2018-07-03,0.0020270936976374276,-0.0035309646115555537,-0.07225349003910242
2018-07-05,0.001389656736920708,0.008157522000485473,-0.005468763302039603
2018-07-06,0.0011361336408324263,0.008458399302831987,-0.0008410200885162755
2018-07-09,-0.00088250125304834,0.00900456228986779,0.031110407612896296
2018-07-10,-0.0006304713109377413,0.003598097155506963,0.012432888210448967
2018-07-11,0.0005046586972214939,-0.007314249810494777,-0.010884699093960615
2018-07-12,0.0007573063564481064,0.009065729448634263,-0.007054158152785206
2018-07-13,0.0008828453511913192,0.0007875904322476313,0.006820076610119186
2018-07-16,-0.0013859483966712771,-0.0008943492402654352,-0.027503397391944295
2018-07-17,-0.0003789531859518247,0.004045356560709701,0.040599864560402654
2018-07-18,-0.0005048941609830937,0.0021039657727044414,0.0035947868010812734
2018-07-19,0.0018950405703288542,-0.0037715222872519716,-0.011177999356501767
2018-07-20,-0.002269236660284335,-0.0011431816382858617,-0.020766382110007697
2018-07-23,-0.0031578294956120523,0.0018592955751255413,-0.03310157507722111
2018-07-24,0.0015203959815670576,0.00503248728254424,-0.01903033212777827
2018-07-25,0.0,0.008522487693221503,0.03802573929879505
2018-07-26,0.0,-0.0023597281000005133,-0.006769469139103035
2018-07-27,-0.0002527196047904523,-0.006775866555348453,-0.030882068378310756
2018-07-30,-0.001139968049144069,-0.005223785309160234,-0.023588372374675926
2018-07-31,0.0007609275442690411,0.004929802685384788,0.027466588287701876
2018-08-01,-0.0005459510867407147,-0.0016705531889555925,0.009056163722604094
2018-08-02,0.0005082355426055951,0.00544737254201233,0.1618801307070199
2018-08-03,0.0021572545472403615,0.004284963270435593,-0.003919521066382159
2018-08-06,0.0008867420482741029,0.0036672512886000153,-0.017749896605615545
2018-08-07,-0.001771730170360919,0.0033021320663919607,0.10988623587715551
2018-08-08,-0.00025342280935836126,-0.0004205054586653434,-0.024316999264261008
2018-08-09,0.0019020071792852367,-0.0013659498202258646,-0.04830689844604441
2018-08-10,0.0020247166109350623,-0.006699981579040726,0.008625279557523235
2018-08-13,0.00012618651643592216,-0.0037434304332708557,0.0025880310425296926
2018-08-14,-0.0006312784077562306,0.006380565438291352,-0.024606514038646665
2018-08-15,0.0011368607925088536,-0.007467528939535395,-0.02574509095993638
2018-08-16,0.0005049744202179074,0.008091662161071156,-0.0095662528859215
2018-08-17,0.0011353002358818198,0.0035199494440685264,-0.08928302310985059
2018-08-20,0.00126051959242246,0.0021405827057168203,0.009623619556435647
2018-08-21,-0.0005038153504021148,0.0023447489171237734,0.043638852919460236
2018-08-22,0.0006296927364872751,-0.0005933325741629414,-0.0008076457486387856
2018-08-23,0.0,-0.0013279316726458879,-0.004787970396720964
2018-08-24,0.0005034492907924903,0.006018252735377594,0.008497354291167936
2018-08-27,-0.0012573543151459532,0.007895630150338784,-0.010996885063753514
2018-08-28,-0.0015113671329982648,0.0004826861615732092,-0.02320917226401842
2018-08-29,-0.0006309070141150563,0.005381173169938025,-0.021964997834462707
2018-08-30,0.0007577607307933665,-0.004048512618609279,-0.006098187840544389
2018-08-31,0.0002522338107890931,3.443279626491602e-05,-0.004915032852453649
2018-09-04,-0.0015419637675830877,-0.0017221741828695736,-0.04213355721254075
2018-09-05,0.0002528027222963303,-0.0026915476092497226,-0.028413192133419196
2018-09-06,0.0015186808928655537,-0.0030098299327130373,0.000748019836589231
2018-09-07,-0.003158327163967356,-0.0019433933894960065,-0.06303609176210712
2018-09-10,0.000633313803064306,0.0017387011689538046,0.08456157301917577
2018-09-11,-0.0021533150329632322,0.003297409503839832,-0.021225884732538947
2018-09-12,0.0007621462526052891,0.0002420122107948952,0.039722289113205855
2018-09-13,0.0006335521238978181,0.0059146611158600315,-0.003717242227533002
2018-09-14,-0.001647604579769868,0.00017196869908930879,0.019830074248618157
2018-09-17,-0.00012741222897694193,-0.005294208471515627,-0.001219520705005639
2018-09-18,-0.002285786196131623,0.005425669988939008,-0.03350969709584439
2018-09-19,-0.0015268394045442335,0.0010657709214563216,0.049340296066073375
2018-09-20,0.0012746280590523185,0.008103899977452755,-0.0023076098021079794
2018-09-21,0.0006366249768485766,-0.0009135455523563429,0.0025810871734046614
2018-09-24,-0.0012725009735722326,-0.003321901907531788,0.0019391058399589323
2018-09-25,-0.0007637027017802778,-0.0009279221441486074,0.004371346808820453
2018-09-26,0.002549518853377064,-0.0029922894407173883,0.028539129305709343
2018-09-27,0.000763014395920969,0.0027940043252379088,-0.006654156583666082
2018-09-28,0.0,0.00010340316824475337,-0.13901536785757185
2018-10-01,-0.0018723740091791674,0.003474152470855918,0.17347133498487532
2018-10-02,0.0017859122828443041,-0.0005829213226762331,-0.0311554076004682
2018-10-03,-0.005094669240349514,0.0005487787583666748,-0.0206631011122842
2018-10-04,-0.002559489659778258,-0.00781536706959729,-0.043995894024528526
2018-10-05,-0.0017978695605391781,-0.005597332532884525,-0.07053903829718033
2018-10-08,-0.00038577126751204727,0.0,-0.043481542224090175
2018-10-09,0.001929292626799306,-0.0014594566820214094,0.04885057241581614
2018-10-10,-0.0007699235476187338,-0.031662904045948514,-0.02252663592700077
2018-10-11,0.0028270746513763267,-0.022026399128992624,-0.01810191714594478
2018-10-12,-0.0002565444929778504,0.013888179732603367,0.025968466473239804
2018-10-15,-0.0002570400551528129,-0.005616925832319208,0.003130010700919561
2018-10-16,0.0007700903089160605,0.021866212860291334,0.06548787831763603
2018-10-17,-0.0017938789189406723,0.0001781122608968122,-0.017390290644313078
2018-10-18,-0.0006409354867421557,-0.014441163559056225,-0.028957302566477883
2018-10-19,-0.0005139014493865668,-0.0005426904598021531,-0.014815721435600171
2018-10-22,-0.0003856088749365494,-0.004488896534720177,0.0036539667315824698
2018-10-23,0.0014136237822717224,-0.005090754511804518,0.12718904700256473
2018-10-24,0.0026959997472078,-0.030298317973790678,-0.019174515010206283
2018-10-25,-0.001152593325786322,0.017940521923022423,0.09136917152114976
2018-10-26,0.0017942006989342119,-0.017587551851404815,0.05094321706509364
2018-10-29,-0.0008959225597430232,-0.005539974012680693,0.011937184073759655
2018-10-30,-0.0014075199995584597,0.014818306221804356,-0.01478273485251358
2018-10-31,-0.0020517060886809935,0.010680855952382329,0.022491681222557736
2018-11-01,0.0018548734598569094,0.010641582263852145,0.020633172207841666
2018-11-02,-0.0037279403323156046,-0.0059227124291652,0.006186833410645631
2018-11-05,0.0007736568486604867,0.00551692369822554,-0.014462615214999586
2018-11-06,-0.00012832972669096776,0.006327757148872681,-0.0009959108490508184
2018-11-07,0.0009020587272272618,0.021408701234227223,0.020817452625894184
2018-11-08,-0.0016747534594232505,-0.0018145608110790024,0.00930604908804078
2018-11-09,0.002451936634059404,-0.00976828026436849,-0.0025327462564075365
2018-11-12,0.0015449591984617594,-0.018685040275191467,-0.05486289846261738
2018-11-13,-0.0005144376660743966,-0.001871250488678422,0.022488583932654294
2018-11-14,0.0007715620752291041,-0.00683657230379453,0.015558041777538723
2018-11-15,0.00012876061430788788,0.010436661860676821,0.012907039788430774
2018-11-16,0.002184719390491141,0.0026003136337686694,0.016846485069498707
2018-11-19,0.0,-0.016914172466106714,-0.0023707949075066903
2018-11-20,-0.000641704298003698,-0.018506556143959907,-0.01691797240752324
2018-11-21,0.0010265892563483536,0.003407924554848618,-0.026763395900558984
2018-11-23,-0.00012810785554673298,-0.006678957590357526,-0.03654747725516738
2018-11-26,-0.0007696642886916294,0.016144486444212625,0.061903481591741416
2018-11-27,0.0006411760815641099,0.003364285443537618,-0.00601162087941387
2018-11-28,0.0005137269910091558,0.02302543770921517,0.011485270415007243
2018-11-29,0.0007681439024269654,-0.002185150449345419,-0.019260070246266525
2018-11-30,0.00038441948558998185,0.006095400596314748,0.027288440954263526
2018-12-03,0.0015649718308738958,0.013241377009599598,0.022854306277042546
2018-12-04,0.0024338463075175287,-0.032402277120973655,0.00337530335871139
2018-12-06,0.0017886568567768713,-0.0015172031050512125,0.009341156591416766
2018-12-07,0.0020409984732334685,-0.02323571958287174,-0.014019689883274622
2018-12-10,0.0010185419905417437,0.001896676994306512,0.020057450635827756
2018-12-11,0.0001271048598121549,0.0002270690178065582,0.004409180127082246
2018-12-12,-0.0010173763048713091,0.005035500790468994,-0.00043622097525497505
2018-12-13,0.0007645221442365013,-0.00033872313077631944,0.027795937737711274
2018-12-14,0.0008896041555517264,-0.01846508175523076,-0.029406295404663663
2018-12-17,0.001906088484272317,-0.019618411663893554,-0.04727787408573181
2018-12-18,0.0015218005147668023,-0.0010964708218834662,-0.03269048317800338
2018-12-19,0.0017729373811410376,-0.01497545332371697,-0.012046381459097089
2018-12-20,-0.001390630021677719,-0.016278090793911515,-0.052827576903363926
2018-12-21,0.0,-0.02048963159630035,0.013919750202525005
2018-12-24,0.00022825300352113942,-0.02642294498815545,-0.07624231754928879
2018-12-26,-0.002156658511233589,0.05052489712994501,0.10393032040182759
2018-12-27,0.0021613197398460127,0.007677353546128529,-0.030543696163891743
2018-12-28,0.002410979172549288,-0.001289979320175827,0.05611616189772173
2018-12-31,0.002531372865837156,0.008758831310379467,-0.0032048222381534375
2019-01-02,0.0020196848290436886,0.0010404649052448978,-0.06814899980682931
2019-01-03,0.003905787376483172,-0.02386279892842258,-0.03147171266518323
2019-01-04,-0.0030121055278802267,0.03349566557207351,0.0576973909120706
2019-01-07,-0.0015109021188122185,0.007884549440511757,0.05436123871697496
2019-01-08,-0.0012602910028409742,0.009395328995765562,0.0011642764023440666
2019-01-09,0.00138833955621398,0.004673535720356892,0.009482625353500751
2019-01-10,-0.002016810308711592,0.00352749358918536,0.019023398389568458
2019-01-11,0.0020208860525350314,0.0003864956343322401,0.0066383165769237085
2019-01-14,-0.0008823620019272616,-0.006101123545924181,-0.03703280470952408
2019-01-15,0.0001259745027606396,0.01146088361827613,0.029994027272290946
2019-01-16,0.0003788355903922014,0.002419680407998559,0.004703414429845898
2019-01-17,-0.0011347573180634507,0.00758693218184292,0.0036410765019605495
2019-01-18,-0.0007579445518570704,0.013309741452121493,-0.1297111611448507
2019-01-22,0.0017685571904875186,-0.013510484135176748,-0.011050140026936717
2019-01-23,0.001009393905522682,0.0020926969354351233,-0.03790309945117787
2019-01-24,0.0021419529667718873,0.0005314386738419774,0.013630522645296628
2019-01-25,-0.0011319311279446298,0.008461223673796647,0.018970237843449533
2019-01-28,0.00037749857166335943,-0.007599893440664474,-0.0022219544588429896
2019-01-29,0.00201366270835579,-0.0013271244791285275,0.0036439960027925267
2019-01-30,0.0010043005460429466,0.01583081147648513,0.038021902704256094
2019-01-31,0.004640841167670384,0.008782364462929904,-0.005667655087972956
2019-02-01,-0.0027788133882669097,0.0004815726579461277,0.01690437546773982
2019-02-04,-0.0008782106600676576,0.007035370436980548,0.002178046704109926
2019-02-05,0.002135846664251595,0.004191982749888856,0.027038217137097087
2019-02-06,-0.00037624370603384083,-0.0013182118911007068,-0.012851945460094494
2019-02-07,0.0007525327198871778,-0.009532784193498234,-0.030609661584522496
2019-02-08,0.0015033393342489543,0.001221085486212914,-0.005560810155770368
2019-02-11,-0.0003754190379112732,0.0005548377812114591,0.02302159754165345
2019-02-12,-0.00012490962752831347,0.012859388044071274,-0.003292499161602569
2019-02-13,-0.0015019527879999162,0.0032467920387850846,-0.011673755836671518
2019-02-14,0.0017550329795636976,-0.00221828926559009,-0.014277820308407851
2019-02-15,0.00037563162267395533,0.010897655867294187,0.013529981687833148
2019-02-19,0.0008748788022276965,0.0017308450473054737,-0.007275592114103446
2019-02-20,-0.000374332349737605,0.0020150320754381834,-0.010077140160173803
2019-02-21,-0.002000943001770339,-0.003555422731877922,-0.03744719150082565
2019-02-22,0.002255737577100847,0.006199752858366825,0.011949336815981981
2019-02-25,-0.0003748531746008421,0.0013611816249279318,0.013776227055194656
2019-02-26,0.0013749375109288753,-0.0007156077610276368,-0.0030458399535449043
2019-02-27,-0.001997378529531302,-0.0004293545904667795,0.05667104122280353
2019-02-28,-0.001126872046308458,-0.0018624557547628484,0.016330846005180755
2019-03-01,-0.003088876136090657,0.006243579091363971,-0.07843566043230532
2019-03-04,0.0017640357246440086,-0.003637600292063947,-0.03198883658491347
2019-03-05,0.0007539700342129585,-0.0013597322317099314,-0.03090829156245878
2019-03-06,0.0012562645268592298,-0.006057222335179802,-0.0010848588017886573
2019-03-07,0.002886555038003946,-0.008365483075203572,0.0012669741182240735
2019-03-08,0.001251077003819212,-0.001999868759387957,0.02729675994497449
2019-03-11,-0.0004996872371837435,0.014501317335468444,0.023861458586003748
2019-03-12,0.002375203879653398,0.0037712831882477094,-0.025986510550194186
2019-03-13,-0.0004989885065015409,0.0066186919521058485,0.019762826693860758
2019-03-14,-0.0008736363088777122,-0.0006394381722945042,0.0034607328163371864
2019-03-15,0.0018738667344089244,0.0049402376419742655,-0.05011042604829263
2019-03-18,-0.000623571964157299,0.0036258260085253458,-0.021566273770704303
2019-03-19,-0.0004989327137405741,0.0002481787344026376,-0.007495627621330492
2019-03-20,0.0043688445371252715,-0.0030101794784259672,0.02291845522943481
2019-03-21,0.0002480347742637168,0.011294946723554133,0.0015350810461096653
2019-03-22,0.005466699447580492,-0.01924653675838861,-0.03463255713040714
2019-03-25,0.0012354640029759167,-0.0007518358495984812,-0.015536892576059724
2019-03-26,0.0002478390583142698,0.0074541490291810675,0.028223624718877183
2019-03-27,0.0018495749130384986,-0.005229231017185865,0.026365922874079573
2019-03-28,0.0004927756157655505,0.003790905906637887,0.013790332193247767
2019-03-29,-0.0007386828682189872,0.006305184658188523,0.004450491478388496
2019-04-01,-0.003951103404964629,0.011859057194642864,0.03330240519756256
2019-04-02,0.0004952033394332034,0.0004895665292394824,-0.011411640419352831
2019-04-03,-0.0013628606550434297,0.001573803809339136,0.020743017324461155
2019-04-04,0.0009932588660566122,0.002653629280945591,-0.08234816239503528
2019-04-05,0.0007433565144630006,0.004840245065938609,0.02681314318395822
2019-04-08,-0.0009908345755309522,0.0007620979668403471,-0.0064009870820075365
2019-04-09,0.0014880185941454904,-0.0051248077388537094,-0.003257712404775681
2019-04-10,0.001361444926934574,0.003411204131651857,0.013771070245990558
2019-04-11,-0.0017307742588532626,-0.0002775670564190147,-0.027675107337592375
2019-04-12,-0.0018579501793407616,0.006765748850151576,-0.00268238221889483
2019-04-15,0.00024752399858218865,-0.0006545637149065753,-0.004930856117047799
2019-04-16,-0.0017361039947841883,0.0006549924491974224,0.026203202008537207
2019-04-17,0.0,-0.002446654286297867,-0.007791933226055425
2019-04-18,0.0013671076457955067,0.0019692114459270993,0.007484354720840525
2019-04-22,-0.000992913351878677,0.0008618130396211843,-0.03846152638080802
2019-04-23,0.0017389442234929664,0.008991574633053112,0.004376739071872082
2019-04-24,0.0026049419557212516,-0.0022189032606187986,-0.019855977462206353
2019-04-25,-0.00024766198214587476,-0.0006164542375126647,-0.0426428039397303
2019-04-26,0.0022267069112942295,0.0046571934193622155,-0.05043819414148287
2019-04-29,-0.0020985811037268487,0.0015675811893498537,0.026920128922461872
2019-04-30,0.0014844048156796852,0.000510382811379495,-0.011512753335668258
2019-05-01,6.273511822119104e-05,-0.007516104494241227,-0.019607038171323476
2019-05-02,-0.002229289002675605,-0.0021594146895601574,0.043117745928183515
2019-05-03,0.0018613656543446933,0.009788027169083113,0.044776827893111326
2019-05-06,0.001238410532683254,-0.004115262940304842,0.0012155112018303882
2019-05-07,0.0014849069218727529,-0.0166996948876722,-0.03242735395158203
2019-05-08,-0.000740887312889349,-0.001389216555941375,-0.008985714919320764
2019-05-09,0.000988116525107996,-0.003025988631959464,-0.011681069548660883
2019-05-10,-0.0001231600424629331,0.005023550819509781,-0.010166102021160528
2019-05-13,0.002099445316079418,-0.025130431143379095,-0.052229494360313766
2019-05-14,0.0006162107415201845,0.009043897728670869,0.02334699863237777
2019-05-15,0.0014780414222790306,0.005857217777811785,-0.00154966432150061
2019-05-16,-0.0014758600400064381,0.009261358687667975,-0.01560679096708617
2019-05-17,0.0002463789029132357,-0.006464898218758952,-0.07576748791335908
2019-05-20,-0.0012314751074801178,-0.006612538996103257,-0.02686823480397693
2019-05-21,-0.0004931277361071018,0.00901581405207219,-0.0013634997375607805
2019-05-22,0.001849531477582822,-0.0030712588237343796,-0.06022036210467108
2019-05-23,0.0035711771978979012,-0.012218360157251307,0.014320552722358215
2019-05-24,0.0,0.0022677949403440145,-0.02486063325357668
2019-05-28,0.0020855370604557777,-0.009300300217162105,-0.010124341109633561
2019-05-29,-0.0002450162258392785,-0.006710716560621499,0.006147333130873456
2019-05-30,0.002694801038431338,0.002730982702779494,-0.008637920413351985
2019-05-31,0.004396066498154605,-0.01347494305357022,-0.016257608189742534
2019-06-03,0.0028403560276286655,-0.0025427238497391924,-0.03343059616543187
2019-06-04,-0.0017015792450496559,0.021706596039020587,0.08174561896341825
2019-06-05,0.0,0.008662018439349994,0.01544420373527533
2019-06-06,-0.00024352976084662803,0.006502495646137918,0.0476117502048552
2019-06-07,0.0026791366580516396,0.010007176860599376,-0.007040519976872828
2019-06-10,-0.002065031902044212,0.004588983958924153,0.0409780333593881
2019-06-11,-0.0007298654111258518,-0.00024247595809145928,0.01982334850283829
2019-06-12,0.0017052167480160474,-0.001765107605845584,-0.03611234292213106
2019-06-13,0.0017021996998618505,0.004126024042210519,0.022221120858935794
2019-06-14,0.00012065411407724547,-0.0011049708204897701,0.004721603986466594
2019-06-17,0.0,0.0003804336850075085,0.04704074421740101
2019-06-18,0.0023062908398543414,0.010470741455586685,-0.0012886872369679558
2019-06-19,0.0033900437671612327,0.00225739324164298,0.007519764691878983
2019-06-20,0.0015687161980832975,0.009554406981809871,-0.030075551830091918
2019-06-21,-0.0027711784311756915,-0.0014535779749530464,0.010199478262568729
2019-06-24,0.0018125148777310418,-0.0012243832298816093,0.008023076459826362
2019-06-25,0.00036146186509333766,-0.009807994307293177,-0.01734926938308201
2019-06-26,-0.002290205861404604,-0.00099751243810009,-0.002229738728571129
2019-06-27,0.002899783100946962,0.0035459210330031077,0.016281291255971775
2019-06-28,0.0008433529130824624,0.005146046208320154,0.002782256239630465
2019-07-01,-7.250116697465891e-05,0.00907820713484142,0.016602537125377292
2019-07-02,0.0019308652946024019,0.0026043262384753962,-0.011533195712382427
2019-07-03,0.00180679650824489,0.007995075112178895,0.0460921555160565
2019-07-05,-0.004688702645016085,-0.0011372959662869775,-0.0076628280158580475
2019-07-08,-0.00012103626060677719,-0.005494997685786318,-0.011840412851381266
2019-07-09,-0.0013292952832608673,0.001246570848370876,-0.0012156304463569745
2019-07-10,0.0008470102239916955,0.004777860751232987,0.038511763106394925
2019-07-11,-0.003262704654024562,0.00234417941722187,-0.0013393830898483783
2019-07-12,0.0008486089961874388,0.004476837638862197,0.027158434061185455
2019-07-15,0.001453768162306801,0.0003325462995960038,0.034356089485530594
2019-07-16,-0.0013313383670171541,-0.0032250088784395725,-0.004418164415035952
2019-07-17,0.0030291420360566423,-0.006805186991840628,0.009826533897421275
2019-07-18,0.0018114756603830884,0.003660953623417784,-0.00517938756868408
2019-07-19,-0.0010847392811791368,-0.005554477265190205,0.01830088813133579
2019-07-22,0.0010859172182418053,0.0024558555640279423,-0.009683129904604848
2019-07-23,-0.000843811669191008,0.0071501672407767725,0.017561027246856264
2019-07-24,0.0009653160310094666,0.004699628542675693,0.018103499372800647
2019-07-25,-0.0010850603472306597,-0.004777215044532768,-0.13613708110635003
2019-07-26,0.0,0.006700262996870876,-0.003408795800965758
2019-07-29,0.0006033529866085185,-0.0018213274829408377,0.03389755018959728
2019-07-30,-0.00024101479437432793,-0.002454880705355267,0.02752683338998274
2019-07-31,0.00120547755613587,-0.010940340822239047,-0.002683168467668695
2019-08-01,0.007162154119184416,-0.008707762222385118,-0.032117800120570084
2019-08-02,0.0009590848762641713,-0.0075291962991634875,0.002095391899579857
2019-08-05,0.004312250733187861,-0.03007347098694746,-0.025689260005491543
2019-08-06,0.0025049855425400835,0.014022745071138987,0.010643000906475075
2019-08-07,0.0,0.0005908520459969591,0.011570931609834023
2019-08-08,0.0008325007769227621,0.019620174197841234,0.020906599400388748
2019-08-09,-0.0017829069287451649,-0.006811661636553112,-0.013806206102418894
2019-08-12,0.004405699454627987,-0.012173033786783916,-0.025530805242072074
2019-08-13,-0.001541074662838593,0.015551319083110249,0.02615610421639536
2019-08-14,0.0035625583875766864,-0.02956747585743158,-0.06544687260065951
2019-08-15,0.00485162334396394,0.0026419624741560455,-0.018122136062087457
2019-08-16,-0.0010595342388363127,0.014754865121700433,0.01994065540164347
2019-08-19,-0.003182635591366778,0.01204813214868583,0.03132666502806747
2019-08-20,0.00260132947500602,-0.0076629832101396955,-0.00427633574634001
2019-08-21,-0.00047124043454727094,0.008135553723678468,-0.022270402776456533
2019-08-22,-0.0018887198156881668,-0.0003076603379016385,0.00597746887764683
2019-08-23,0.003665282699675476,-0.02568748622067929,-0.048390759958635954
2019-08-26,-0.0005890583648106018,0.011058259301312656,0.017029312154725806
2019-08-27,0.003418155410824575,-0.0039236024190854035,-0.004279025860254748
2019-08-28,0.0003523068187023526,0.0070415723051910906,0.007053461155446694
2019-08-29,-0.0005870810540838933,0.012772910679480498,0.028387214669075345
2019-08-30,-0.00011768297064784772,-0.00044418803351664593,0.01759049641281729
2019-09-03,0.0009187165529755958,-0.005847048893607432,-0.0026594540634046204
2019-09-04,0.0018826283806641086,0.01135040447310609,-0.01924359313509616
2019-09-05,-0.0051673625815574775,0.012855077371629164,0.04032988367532808
2019-09-06,0.0011807660383531537,0.0007723060252127212,-0.009277824735237306
2019-09-09,-0.004598665335199925,0.0005035110254738573,0.019081180789296548
2019-09-10,-0.005093331128533385,-0.0002347402142177657,0.016178436782244843
2019-09-11,-0.0005958326820059145,0.0071108633030885215,0.04907867630625118
2019-09-12,-0.0019059559427917483,0.003463853946716444,-0.004977786258313466
2019-09-13,-0.00573001181398658,-0.0006640162110150838,-0.0027249944407460314
2019-09-16,0.002641904043903187,-0.0030883406189029516,-0.009747197346762881
2019-09-17,0.0022749620439308504,0.0025314990390754577,0.008154522822672039
2019-09-18,0.0007167666888756585,0.000598338311061708,-0.005310523689140867
2019-09-19,0.001432617997161989,-6.645475233990616e-05,0.012772552981913154
2019-09-20,0.003575920798493337,-0.004724887667726607,-0.024249895148037104
2019-09-23,0.0007127910018309702,-0.0002345009162906253,0.002535231296753704
2019-09-24,0.0034413550284198013,-0.007846961682881792,-0.0747005313345035
2019-09-25,-0.004730798158277927,0.005914710542612722,0.02459568391983602
2019-09-26,0.0016638715517334202,-0.0020831967370636972,0.060603458159791845
2019-09-27,0.001067989382108392,-0.005387312870825944,-0.0017728055869207227
2019-09-30,0.0007107171972657866,0.004637908618815301,-0.005203793381044264
2019-10-01,0.0009740277323257995,-0.011894785435624833,0.015859214917846032
2019-10-02,0.002252669538170826,-0.017664515218564825,-0.006375418940066435
2019-10-03,0.00331280133151024,0.008192715753583935,-0.041541666813759925
2019-10-04,0.0016509863589393436,0.013532175960224269,-0.006866001099940178
2019-10-07,-0.0025899116222530827,-0.004314863166259175,0.027178790132110553
2019-10-08,0.0004718260084168868,-0.015524598043480053,0.009801398882838708
2019-10-09,-0.0011797227854684067,0.00949644250716819,0.018662857531057897
2019-10-10,-0.0030709680456326716,0.006763322857760379,0.0008587865860343324
2019-10-11,-0.0036730810071351483,0.010367107683888044,0.012870745566869735
2019-10-14,0.0016651476448259483,-0.0011139887576845364,0.036588871936986234
2019-10-15,-0.0026122949095347403,0.009900546622401585,0.0036192563678525413
2019-10-16,0.0010712182228351796,-0.0016059036376767644,0.007212409177860479
2019-10-17,0.0,0.002948967472398367,0.008546610329575488
2019-10-18,0.0004758581694650488,-0.004377337805626991,-0.019162530722660276
2019-10-21,-0.0023769418820612787,0.0067793735687646794,-0.01342671065408474
2019-10-22,0.0017869261653067348,-0.00326687799109604,0.00820521085401027
2019-10-23,0.00047547173739070914,0.0029099837015258423,-0.0035214826899614415
2019-10-24,0.00011908813462713219,0.0016336450321920992,0.1766923235319593
2019-10-25,-0.001663936781911346,0.004094869058950845,0.09493463935290936
2019-10-28,-0.002142469570846517,0.00563634749154307,-0.0012799748887760698
2019-10-29,0.00023805723082448438,-0.00029628916402524297,-0.03506152059118439
2019-10-30,0.003220726373750926,0.003067074515119561,-0.0038263988223681267
2019-10-31,0.0047552467680263,-0.0026634403458832834,-0.0002857299073112385
2019-11-01,-0.0008889246358719793,0.00926391470024357,-0.005112447684490151
2019-11-04,-0.0028487879500669333,0.004018020814009482,0.013277626893232641
2019-11-05,-0.0034515806602660737,-0.0011060860785631066,-0.0007874639488315571
2019-11-06,0.00214981116463564,0.0002279274208960569,0.029506271080336877
2019-11-07,-0.00512546736599373,0.0035166226399550027,0.027435877533706687
2019-11-08,-0.0009583585955249552,0.002466077380178344,0.004768428440276917
2019-11-11,0.0005995208512594719,-0.0019096148317230277,0.02358073903734903
2019-11-12,0.0005990502937238684,0.0021078140676240587,0.014025304743831235
2019-11-13,0.0017968539087775959,0.00032359700500728117,-0.010916495379750035
2019-11-14,0.002869454164990737,0.0014558243040478924,0.009361251460125342
2019-11-15,-0.0003574339674804472,0.007236259334978845,0.008072121852793046
2019-11-18,0.0014310227108789153,0.000737656341923687,-0.006190230846208622
2019-11-19,0.0010714844075452312,-0.00028833222773627654,0.02722937893509192
2019-11-20,0.002736522881781056,-0.0037188758918603737,-0.020304890883314552
2019-11-21,-0.001661087089462332,-0.0016088781579822742,0.00741013246629163
2019-11-22,0.0005941062802146124,0.002223918646802492,-0.06140963459164972
2019-11-25,0.0009503808088620058,0.007750159886065644,0.009908688492819007
2019-11-26,0.001660843169487558,0.002266014612176015,-0.022061027047189374
2019-11-27,-0.0015396701121966894,0.004457296082721163,0.0072054427979364455
2019-11-29,0.0,-0.0037087018199897237,-0.0040749864522633406
2019-12-02,-0.0026162948344711223,-0.008494673033550337,0.014942111414791182
2019-12-03,0.005365118013366921,-0.006706660626692007,0.003971701615311352
2019-12-04,-0.002016118616059548,0.006170243059971048,-0.009428951066637326
2019-12-05,-0.0010694095127991021,0.0017979169052151356,-0.007987205077007897
2019-12-06,-0.0013079530314529242,0.009134114813591276,0.016708539482365836
2019-12-09,0.00023793038764097219,-0.003144121843830616,0.010836776557687555
2019-12-10,-0.0007141732820600266,-0.0011151951339589683,0.027420335973247223
2019-12-11,0.003336037422472904,0.0028389601567995193,0.011065180701923305
2019-12-12,-0.004750000467898974,0.008618500665731332,0.019790216517877823
2019-12-13,0.004533843539145765,0.0005996241845875883,-0.0035864603168681564
2019-12-16,-0.0027317482065297716,0.006869704214235606,0.06448273954410277
2019-12-17,0.00011925543531488003,0.00021934747968366253,-0.006579228102730705
2019-12-18,-0.0013103284642802526,6.243136366412827e-05,0.03736239645598238
2019-12-19,0.0007159437782926492,0.004098947428704314,0.02769941872802484
2019-12-20,0.00023829306600320344,0.00438427085037052,0.003836223506470837
2019-12-23,-0.0006335296214858843,0.0015276973566293872,0.0336053629419828
2019-12-24,0.0009566437894410473,3.1372428034082134e-05,0.014383871042812801
2019-12-26,0.0009544045482832164,0.005322931493625616,0.013380370052541224
2019-12-27,0.0014313448641016802,-0.000247258258399885,-0.0012995234173469594
2019-12-30,-0.00035765520936326123,-0.005513408134060649,-0.03643287242176041
2019-12-31,-0.0010720272510230666,0.0024291383149019907,0.008753267375039453
2020-01-02,0.0013116616660784342,0.009351613684383198,0.0285181750157113
2020-01-03,0.003573123895137975,-0.007572064723505023,0.02963325829792085
2020-01-06,-0.0011870568432718054,0.003815594153866675,0.01925463704513497
2020-01-07,-0.0008312899104879756,-0.0028119216290897198,0.03880052465815398
2020-01-08,-0.0015461613357813375,0.005329520140894939,0.04920482578812169
2020-01-09,0.001190747531448988,0.006780697461151952,-0.021945011900097344
2020-01-10,0.001665217917542261,-0.0028778462009622086,-0.006627297633174267
2020-01-13,-0.0005930728997430856,0.0068771994600620445,0.09768895885093332
2020-01-14,0.0014256924709565855,-0.0015243844858657818,0.024882822120200876
2020-01-15,0.0015422007185594833,0.0022597011174381176,-0.03610201351305786
2020-01-16,-0.0005927634205462606,0.00831850903199327,-0.009662477636014799
2020-01-17,-0.00011820631673498116,0.0031123594857660475,-0.005822894156913949
2020-01-21,0.002489535091576789,-0.0019581631854428405,0.07189030619278935
2020-01-22,0.0008281124145645968,0.00012055998445359428,0.04086264444061727
2020-01-23,0.0017723556459228185,0.0011469500586156478,0.004635122144013071
2020-01-24,0.001532996634172168,-0.008893288910119646,-0.012897603180825445
2020-01-27,0.003298469371636026,-0.016029461753142904,-0.012039272835579595
2020-01-28,-0.0017611386126519246,0.010479575182845924,0.015913383222044608
2020-01-29,0.0028219881642490563,-0.0008259105679374601,0.024854513769903885
2020-01-30,0.0002344044819091451,0.0032451780778528505,0.10296225866535558
2020-01-31,0.002579797051772026,-0.01815800454545269,0.015230690473505337
2020-02-03,-0.0009021036863267051,0.007428786391172615,0.19894859376394902
2020-02-04,-0.003050109687240621,0.015241142138447517,0.13725640223576474
2020-02-05,-0.0016469487467291044,0.011548460240911718,-0.1717583947927872
2020-02-06,0.0009428525619201711,0.0033643838195758224,0.01940931694254422
2020-02-07,0.00306084103470039,-0.00532953764794819,-0.001188323805631053
2020-02-10,0.0015257504378014541,0.007465452817128737,0.031026496329857656
2020-02-11,-0.0016411202801295266,0.0017327156338646788,0.004019260937028868
2020-02-12,-0.0011730257389541698,0.0064428295123273305,-0.009155657933695438
2020-02-13,0.0009399782910033405,-0.0010667489557995014,0.047843652551780025
2020-02-14,0.0010571192276376262,0.0016018818511067678,-0.004937755668348531
2020-02-18,0.0015242428668107433,-0.0025765443721282866,0.0729597130158357
2020-02-19,-0.00011707100664637426,0.004780824205979917,0.06875580895325561
2020-02-20,0.0024596438830049028,-0.004108150556454748,-0.019631105097986157
2020-02-21,0.0024536088789344213,-0.010298335255649493,0.0017678087791648256
2020-02-24,0.003146672777337489,-0.033165361574997054,-0.07459490327646512
2020-02-25,0.0008135588276172445,-0.030301894362932846,-0.040633739641448896
2020-02-26,-0.000581008460091792,-0.0036784512532659353,-0.026390470576789893
2020-02-27,0.0011622635747883248,-0.04491132394463082,-0.1281458395846271
2020-02-28,0.006612820520509377,-0.004202006452454388,-0.016215047800994142
2020-03-02,-0.0006580336762165295,0.043306443711421005,0.11322034293215233
2020-03-03,0.006009562409573954,-0.028632364991516,0.0025416095259802596
2020-03-04,-0.00023038309629375142,0.04203286704116338,0.0053520173720666975
2020-03-05,0.003792088343538502,-0.033241484566293056,-0.033302230445070524
2020-03-06,0.006868304818474336,-0.016530963816226096,-0.029066704869448956
2020-03-09,-0.002160812772255105,-0.07809456331561948,-0.13572525720249962
2020-03-10,-0.013443746275961455,0.051745015847187714,0.061398023823663106
2020-03-11,-0.018939331073648313,-0.04874875257161493,-0.017200452670558586
2020-03-12,-0.054384857852594615,-0.09567692353875634,-0.11617242301113506
2020-03-13,0.04220110807237787,0.08548600432130993,-0.0248505535904755
2020-03-16,0.010511111243153293,-0.1094236694047167,-0.18577806455584012
2020-03-17,-0.020686061030800063,0.05399211711279439,-0.03341046380880208
2020-03-18,-0.024140173252938046,-0.05063291977445039,-0.1603440409986845
2020-03-19,-0.0006176757117057896,0.0021249972100083614,0.1838768421567878
2020-03-20,0.016954909167442134,-0.04309449723283765,-0.0002571736151377735
2020-03-23,0.02214907361099394,-0.025567946044698475,0.015811747064244486
2020-03-24,0.001071259544350056,0.09060314162669547,0.16281749323562988
2020-03-25,0.013439907124650707,0.014970491854443102,0.06782176450892674
2020-03-26,0.0045771021214759955,0.05838952682023635,-0.020565621439638027
2020-03-27,0.0053736108055939535,-0.02978545655812115,-0.026128393930185068
2020-03-30,0.001045813705147669,0.03247564825472815,-0.02377714859552571
2020-03-31,-0.009285827785903367,-0.014905499134217015,0.04355446239344318
2020-04-01,0.005166358893458511,-0.04500479957272274,-0.08099239055277141
2020-04-02,0.00467302815854076,0.02307540966316246,-0.05625466454987249
2020-04-03,-0.000465139941712156,-0.01445429237448248,0.05619734693587186
2020-04-06,0.0031410487542091747,0.06716641890274455,0.0754775752334993
2020-04-07,0.0009280117236896146,0.0010192855588624372,0.05658223700690801
2020-04-08,0.0025489738982305,0.03356865429173306,0.006214994497730331
2020-04-09,0.010978450365562331,0.015217098079731484,0.04402015748241661
2020-04-13,-0.003200369346936127,-0.009129939858161795,0.13603839302984921
2020-04-14,0.0,0.029492767670566966,0.09054457315006381
2020-04-15,0.004930493481523968,-0.021248322684483623,0.028088878270565276
2020-04-16,0.0005712394669201704,0.004824205905642476,0.021073401625000487
2020-04-17,-0.0013686824366363481,0.027016065196942884,0.011647723586206471
2020-04-20,-0.0015990896536810517,-0.0176181754042255,-0.009988248360573104
2020-04-21,0.001258567617570483,-0.030363139017438923,-0.07990777996173748
2020-04-22,-0.0008001863321033253,0.022193999157777755,0.06609682849410836
2020-04-23,0.001600918618096081,-7.131474638100155e-05,-0.03616946277907396
2020-04-24,-0.0003423782539968556,0.01393879339127535,0.02766324531628772
2020-04-27,-0.0035401000007136973,0.014418162711703264,0.10149622245552825
2020-04-28,0.0029795421137095435,-0.004598446977673087,-0.037095477323576875
2020-04-29,0.0006855925066251434,0.026178750262972228,0.040812876924676944
2020-04-30,-0.0007992049720939587,-0.009310964980042136,-0.023272674923369818
2020-05-01,-0.00041236879508910196,-0.02647311850627254,-0.1030337133662409
2020-05-04,0.0010314523618430993,0.002757929105026591,0.08536758793631605
2020-05-05,-0.0009157618742005047,0.009239685799741881,0.009222447764407393
2020-05-06,-0.004467117822767319,-0.006779415799323174,0.018705825945557253
2020-05-07,0.0032216554006525566,0.012067087357052086,-0.003245695176505081
2020-05-08,-0.0028669928051135996,0.01654618001807906,0.05048456274844226
2020-05-11,-0.0031056516593402916,0.00020543687260654586,-0.0099216488475673
2020-05-12,0.003230787645242872,-0.01993147669441786,-0.002317270311292141
2020-05-13,0.0011497299943659112,-0.017685765909863038,-0.02279437261341355
2020-05-14,0.002756646740809554,0.01196729073700098,0.01563919280204029
2020-05-15,0.0005730991423686937,0.004596969746874624,-0.005178425650618879
2020-05-18,-0.0018320476968812782,0.030459529233811677,0.018093785504579962
2020-05-19,0.0012615880985875627,-0.0102710460370955,-0.006907343337870575
2020-05-20,0.0026347429218473994,0.016987616445302223,0.00934395713390801
2020-05-21,0.0010283226812015656,-0.006903557237021185,0.01476284478490908
2020-05-22,0.00034266639473923277,0.0018990986589937364,-0.012953077701596039
2020-05-26,-0.000571019683538343,0.012320348668154235,0.0024360442933191173
2020-05-27,0.00045688825275691514,0.01487883458625694,0.0016608447192643094
2020-05-28,0.000341750836112098,-0.0018447594816558555,-0.017580381620416863
2020-05-29,0.0028526707466740575,0.004455687725260393,0.03622440280883765
2020-06-01,-0.0008097641636214403,0.004042182279693218,0.07556883131087
2020-06-02,0.0007985162863592965,0.00827970338688111,-0.018416628784101885
2020-06-03,-0.0022795951402303505,0.01330816492180742,0.0015880436011630472
2020-06-04,-0.0023981652968790845,-0.002626228939098141,-0.021042854169221026
2020-06-05,-0.00011510184416640978,0.025629433916761313,0.024618805538279664
2020-06-08,0.0010310034932923262,0.012087115029899342,0.0725560681818036
2020-06-09,0.0006861040829633236,-0.0074566051757115615,-0.009737634144336038
2020-06-10,0.0042301849410733006,-0.005579632349790309,0.08970205725269786
2020-06-11,-0.0018215579792274506,-0.05764943836872083,-0.0509341048991272
2020-06-12,0.0010262482113221338,0.011975709770622345,-0.03860863311078977
2020-06-15,0.00205112233367144,0.009335897218476275,0.059468762792361796
2020-06-16,-0.0012507417691854927,0.01924769837258178,-0.008850490655781473
2020-06-17,0.0002273039222275841,-0.004154035052828076,0.009835722116904755
2020-06-18,0.0011383452617328427,0.00038521484137632456,0.012270733625858066
2020-06-19,0.00034054284319351424,-0.005714933566686287,-0.0030478518902198326
2020-06-22,-0.00034042691324454033,0.006415401860489167,-0.0065740925163715325
2020-06-23,-0.0004550285178611668,0.004603437097899343,0.0075025599927995845
2020-06-24,0.00011370479050154536,-0.02550894002823323,-0.040857298187609414
2020-06-25,0.001023226768728458,0.010720792330391138,0.02615401198303724
2020-06-26,0.001817626420774765,-0.023751470659269414,-0.026613159231048233
2020-06-29,0.0006804251525585059,0.014697834647952046,0.05169110801188981
2020-06-30,0.001019839985757498,0.012809081512970222,0.0698073149894527
2020-07-01,0.0002492590373501802,0.007004771941106602,0.03687680726581788
2020-07-02,0.0015875035566255136,0.00550712354177918,0.0795173412803385
2020-07-06,-0.0003396327641854713,0.01543735929890988,0.1347939370342961
2020-07-07,0.0015853189058516737,-0.01031401842745372,0.013327688522591696
2020-07-08,-0.000564971809787207,0.007648711001464248,-0.01725350030984496
2020-07-09,0.0027145969079978016,-0.005692674796244357,0.020792456491456113
2020-07-10,-0.0011276247019197383,0.010210612662057805,0.10784776505418647
2020-07-13,0.00045106362247238074,-0.008659335306880012,-0.030809585105470272
2020-07-14,0.0012422902380397893,0.012959052169655205,0.013185863099901995
2020-07-15,0.00011252369102843218,0.009187134561865928,0.019257581163604875
2020-07-16,0.0006769207626640128,-0.003293037731810222,-0.029346504366899673
2020-07-17,0.0010134587277865759,0.0028989726172445884,0.00013330494375263235
2020-07-20,0.0010131526760397414,0.008081670398662366,0.09472028755869433
2020-07-21,0.000562681091140993,0.0021270380282765178,-0.045429074387502544
2020-07-22,0.0013475801785558517,0.0056925878185492,0.015283476518254346
2020-07-23,0.0008977931149913854,-0.01193217780671496,-0.04977615338574293
2020-07-24,-0.00022378585415183672,-0.006440104890268694,-0.06349339370613127
2020-07-27,-0.0006733526381587085,0.007292441216808054,0.08652080631985237
2020-07-28,0.00044910167358325204,-0.006342444210389653,-0.040991122577997974
2020-07-29,0.001570176387282185,0.01229875881557918,0.015320072049045619
2020-07-30,0.0005596568857038076,-0.003567938315692576,-0.007751257440881121
2020-07-31,0.0013435300038666664,0.007902223234226069,-0.03813804798718812
2020-08-03,-0.00034672016413739293,0.006952132979676229,0.03790989277703116
2020-08-04,0.002128459717867681,0.0038627312800905145,0.0013467807962437295
2020-08-05,-0.0013418913621722206,0.006210805335429281,-0.001331501252462397
2020-08-06,0.0015673201745425303,0.006684546804948788,0.003070674289896047
2020-08-07,-0.0011173984028951534,0.000718214142593876,-0.024751944680411975
2020-08-10,-0.0011191587110965795,0.00298866133150244,-0.02350091468597615
2020-08-11,-0.0034721040756554578,-0.008254715700145354,-0.031144060652225414
2020-08-12,-0.0025850560973886827,0.013942206825366288,0.1312363947417745
2020-08-13,-0.0032680941285126996,-0.0018075647655876326,0.042604650478076156
2020-08-14,-0.0011305137427399803,2.9711673785515202e-05,0.01832819678811437
2020-08-17,0.001244962249981496,0.0031767918976508547,0.11203058154519474
2020-08-18,0.0013567519136430395,0.00216025422508781,0.028028374195693928
2020-08-19,-0.0016933330751760511,-0.004163724427966198,-0.004536059116861502
2020-08-20,0.0016962053157394408,0.0031134699831285584,0.06563643667445929
2020-08-21,0.0021450396113469328,0.0035472772582507694,0.024052926729070556
2020-08-24,-0.0011268492042482148,0.010133320682423008,-0.017453806448256226
2020-08-25,-0.0019174446307897997,0.00349937587763427,0.004537751185374361
2020-08-26,-0.0005646799786003243,0.010025574078206034,0.06416619165356252
2020-08-27,-0.003617726488490902,0.0021867860004507467,0.039746079206424145
2020-08-28,0.0007938499351380912,0.006459089893741998,-0.011323299439907841
2020-08-31,0.002948123148243331,-0.0036224575543027937,0.1256890549105465
2020-09-01,0.0027517643137533465,0.00941849788050586,-0.04669690804684601
2020-09-02,0.0021457578858197213,0.014464336750330542,-0.05826756524083643
2020-09-03,0.00011288726103186875,-0.034414496824805796,-0.09023849203316048
2020-09-04,-0.005859008438396374,-0.008164800030088237,0.027813247275265907
2020-09-08,0.0014728169841426997,-0.027322768051173396,-0.21062824320390794
2020-09-09,-0.0006787937054612003,0.019747257068489787,0.10923349433825735
2020-09-10,0.00022679642571299397,-0.017363816440908675,0.013814582587770685
2020-09-11,0.0010189604808932273,0.0005090497513009495,0.003716263443279244
2020-09-14,0.0,0.013171619415788482,0.12583177074233998
2020-09-15,0.0005654099129162038,0.005052114618381731,0.07182685140266343
2020-09-16,-0.0002265920899696683,-0.003968770046599457,-0.01778729846250804
2020-09-17,0.0,-0.008795426237516946,-0.04149312452942333
2020-09-18,-0.0011303339855296413,-0.011512187555411058,0.04421041843491591
2020-09-21,0.0005661673562664671,-0.011129681376373046,0.016374511668703073
2020-09-22,0.00033969365134511875,0.010184516700059598,-0.055986946823462835
2020-09-23,-0.002262207386657167,-0.023191195381966345,-0.10341090738483938
2020-09-24,0.00011355264202417281,0.0026653370330647075,0.0195341463945935
2020-09-25,-0.00011353974928562938,0.016167240305196007,0.05041385121376596
2020-09-28,0.0009066662317256391,0.01660914113728662,0.034025594039789775
2020-09-29,0.0006792547793299519,-0.00544589526755257,-0.005056919415549199
2020-09-30,-0.0015840237563368165,0.007581889701772093,0.02371912031427703
2020-10-01,0.001021767318868383,0.006420095826385808,0.04463774876849502
2020-10-02,-0.0006805172921413583,-0.009494578905196782,-0.0737906918190171
2020-10-05,-0.0037456518984284592,0.01773313890528727,0.025512531789757986
2020-10-06,0.0013669784534902085,-0.014215916471776113,-0.02748539351192436
2020-10-07,-0.0013651123742880467,0.017407083809395818,0.027344297266189477
2020-10-08,0.0017090079187798146,0.008862066253420675,0.0014577830589765917
2020-10-09,0.00022738934080668294,0.008930250741939316,0.01897077543397918
2020-10-12,0.001478366688077104,0.016087550195682088,0.01912439516394837
2020-10-13,0.0007948684941692097,-0.006526229805891348,0.009834932884270176
2020-10-14,0.0005670028284125994,-0.0062833734100201655,0.032799718116372834
2020-10-15,-0.0005666815183889007,-0.0012358009065639441,-0.02692390743031925
2020-10-16,-0.0007942371800577774,-0.000604180251065789,-0.02051768046956881
2020-10-19,-0.0009085243658678577,-0.015203354814134373,-0.020106014344170586
2020-10-20,-0.0017050451647886433,0.004005410160311973,-0.020634587544658856
2020-10-21,-0.0011378792059560938,-0.0018930187747591143,0.0016590325709362475
2020-10-22,-0.0017095921184062668,0.005485470389197777,0.007453064711647084
2020-10-23,0.0012555088095802525,0.003395156767877383,-0.012118551755604834
2020-10-26,0.0014823089602928885,-0.01847978699916375,-0.0008320996760948773
2020-10-27,0.002391432702435914,-0.003447667201064375,0.010469159823756513
2020-10-28,-0.001363199037076157,-0.03417866072862763,-0.043938975190562446
2020-10-29,-0.0021611810927055775,0.010163768121799421,0.011846701366300838
2020-10-30,-0.0017097873538121089,-0.010425095848866417,-0.05547305218949494
2020-11-02,0.0013833353454637543,0.011208107317235871,0.03213582666134873
2020-11-03,-0.00022826778236606504,0.01765623734902544,0.05840061701119437
2020-11-04,0.00685561088897213,0.02234891815048834,-0.006888484603579825
2020-11-05,0.0010212676385443764,0.019502925347529176,0.040643300543862226
2020-11-06,-0.0022679112521936107,-0.00022824662207721058,-0.01858065570474754
2020-11-09,-0.004657491844233808,0.0125658562187414,-0.02021165833954497
2020-11-10,-0.0019403962402867458,-0.0014666432450582967,-0.02587474253102262
2020-11-11,0.0006863908813909969,0.007428358017769421,0.0164977197153513
2020-11-12,0.0033137417909743228,-0.00970068688714254,-0.012873745767280065
2020-11-13,0.0003419823792234489,0.013844373331688642,-0.007917146283160204
2020-11-16,0.000569534640283198,0.012482363190526868,-0.0010037182511209997
2020-11-17,0.0017063919307833686,-0.005378203432986894,0.08213879250177958
2020-11-18,0.0011361722964713383,-0.012034707522074362,0.10196775866118779
2020-11-19,0.002042768574527676,0.004210174474054806,0.025953518324515645
2020-11-20,0.0009060348809553087,-0.006847744874362238,-0.019348255020757876
2020-11-23,-0.0007917419771430456,0.005994587361810355,0.06584827501609536
2020-11-24,-0.001018775247779824,0.016113639049757822,0.06425217853318599
2020-11-25,-0.00045419950911473883,-0.0015420835229511543,0.03352658623835669
2020-11-27,0.0021550058290551455,0.0027849520123643945,0.020487795852708768
2020-11-30,0.0013578214304090785,-0.004426939301095945,-0.031002439645386293
2020-12-01,-0.003021391893574421,0.010937381061667306,0.030232565079099327
2020-12-02,-0.0017037897439923233,0.002103716496675734,-0.027258998689319136
2020-12-03,0.0019335084548099957,-0.0002727497448651306,0.04317707064578702
2020-12-04,-0.002610748004398644,0.008617768944671811,0.00953853028069096
2020-12-07,0.0013655065738591432,-0.0020548909143497385,0.07131413268972531
2020-12-08,0.0003413745314209127,0.0029261068810146895,0.01265269756091203
2020-12-09,-0.001704437188293162,-0.008969023703281565,-0.06985904262531573
2020-12-10,0.002048878576952795,-0.0003270482781740913,0.03737095767859411
2020-12-11,0.0015895249012360946,-0.0011724488998762217,-0.027237767375868138
2020-12-14,-0.000339572877939176,-0.004477421639489609,0.048918853305726984
2020-12-15,0.0004531574560280305,0.013519559494452382,-0.010284031966116491
2020-12-16,-0.0010204522967574015,0.001569445975032835,-0.016549539644792777
2020-12-17,0.00022727305448611013,0.005592075580580502,0.053197818564255206
2020-12-18,-0.0003405236744149498,-0.003992951861840566,0.059612778969587055
2020-12-21,0.00011334085647840553,-0.003575587295821858,-0.06494968189377415
2020-12-22,0.0015891631271374163,-0.0016853878375465703,-0.01464926902636221
2020-12-23,-0.001125629515211335,0.0008987980109205207,0.008807772074100217
2020-12-24,0.0017071533095214253,0.003890340137636006,0.02444349518922251
2020-12-28,-0.0003406845954329052,0.008590707489309235,0.002901307404113318
2020-12-29,0.00034080070098196913,-0.001907837597134865,0.003465523985226371
2020-12-30,0.0006818822700758176,0.0014268004729340866,0.0432288658824449
2020-12-31,0.0013624250632888746,0.005081046800426536,0.01567398119122254
2021-01-04,-0.0013605713867310687,-0.013614196254063238,0.03415197180829077
2021-01-05,-0.0017029800561521036,0.006887459759505665,0.007317368906131216
2021-01-06,-0.0044361025984061,0.00597844428569827,0.028390302267496503
2021-01-07,-0.0020560391649304677,0.014857463216633171,0.07944656360858104
2021-01-08,-0.0009163556402811412,0.005697605566522546,0.07840299470467449
2021-01-11,-0.001030823708966011,-0.0067406354441531535,-0.07821411721500826
2021-01-12,-0.00022966513124944576,0.000211157664736783,0.047152947996006445
2021-01-13,0.002639113506541557,0.002692928336348155,0.005850950889994211
2021-01-14,-0.0012590376748138343,-0.003502005596562885,-0.011013523157297866
2021-01-15,0.0008023381005570762,-0.007292537617249462,-0.02229585445953386
2021-01-19,0.0013732410712190557,0.007851917131162178,0.022259629183487784
2021-01-20,-0.00011471002781437978,0.013838842501044724,0.00698599786790699
2021-01-21,-0.001371618454014678,0.0009116970587088602,-0.006420156263490129
2021-01-22,0.0004581788018216404,-0.0035397975753105326,0.0019526425140830028
2021-01-25,0.0022885012270386085,0.003944056832462461,0.040347806114603646
2021-01-26,-0.00011394724603430717,-0.0015610107948894614,0.0025999188207492807
2021-01-27,0.0,-0.02444034915396187,-0.02143608477064074
2021-01-28,-0.000799577986183464,0.008600267679754525,-0.033246240146660666
2021-01-29,-0.0008001146087798228,-0.0200197651076659,-0.05015373491403896
2021-02-01,0.00033240848437010584,0.016645679245117062,0.058321672867634566
2021-02-02,-0.001259593324217323,0.014139868902386832,0.039270726531715816
2021-02-03,-0.0017198310979871234,0.0007867889741353107,-0.020738065332563282
2021-02-04,0.00022971967777940527,0.011365387121368142,-0.005499119810906672
2021-02-05,-0.00137800151261247,0.0039357832542281646,0.0026353496607176563
2021-02-08,0.0011499191842190282,0.007222056449972092,0.0131302972383458
2021-02-09,-0.0004595429261978756,-0.0006658061935882476,-0.016168321643152184
2021-02-10,0.0016087770465667006,-0.0004356604913707818,-0.052550944303998315
2021-02-11,-0.0010324492167921306,0.001614912840035787,0.008498789811735685
2021-02-12,-0.002641576454055383,0.004939973093692762,0.005494900903412869
2021-02-16,-0.004721391586845924,-0.0008659334901137683,-0.024383660823671716
2021-02-17,0.0020825474138939093,0.00022946809312762717,0.0024238672272682837
2021-02-18,-0.0005771790643910313,-0.004256037692816017,-0.013493691045324274
2021-02-19,-0.0034658035370341844,-0.00176594893132076,-0.007721833533733569
2021-02-22,-0.0027825156538064943,-0.007691936923454379,-0.08549845855559934
2021-02-23,-0.0002323922756455321,0.001214594151639492,-0.021917429429917368
2021-02-24,-0.0005813778539807135,0.011019186780809598,0.06178807266392261
2021-02-25,-0.008725950578579278,-0.024095709357213946,-0.08059082496045267
2021-02-26,0.008685289870371982,-0.0051523487556506264,-0.009850152211020369
2021-03-01,-0.0012932492514976524,0.024239934122583406,0.06355291148192554
2021-03-02,-0.00011692765802406857,-0.007803239184516975,-0.044527636486599076
2021-03-03,-0.003151111840987486,-0.013245678975920772,-0.048423758283395624
2021-03-04,-0.0031603349297325556,-0.012374819693828476,-0.04862218183112754
2021-03-05,-0.0005873571971293234,0.01839665800211776,-0.037799313531283074
2021-03-08,-0.004583338050116681,-0.004978623693649986,-0.05844967282854319
2021-03-09,0.003305649501883501,0.014277460977287548,0.1964120760817838
2021-03-10,0.0018829762317020826,0.006224420031758271,-0.00819506910832657
2021-03-11,0.00011715423481906129,0.010139166033030333,0.04721134236531421
2021-03-12,-0.005988755779583799,0.0013467823377255606,-0.008390501992574073
2021-03-15,0.0011818661402582809,0.005963460760559869,0.020483461206222797
2021-03-16,-0.00011834455304848834,-0.0012613014910186626,-0.04387377195940434
2021-03-17,-0.00035454444810167907,0.0034098895430219045,0.03683074261011732
2021-03-18,-0.004131477314552545,-0.0145495893429205,-0.06932072763951169
2021-03-19,0.0008296807564758257,-0.0018503360240442746,0.0026180050626212203
2021-03-22,0.002842931853985098,0.00798481997693723,0.023103830299388672
2021-03-23,0.0022438664513468876,-0.007870667519786823,-0.01170146456365928
2021-03-24,0.0015318174656686612,-0.005083633868015913,-0.04816058727810224
2021-03-25,-0.0007055202083339207,0.005625862041564567,0.016056627401557888
2021-03-26,-0.0017663179013912567,0.016114876000197453,-0.03385438241576755
2021-03-29,-0.0012975067968308274,-0.0005052230650419709,-0.01199266702111268
2021-03-30,0.0010629176877861024,-0.0026527065113685078,0.039801078851212424
2021-03-31,-0.00047183544945827993,0.004053338317188571,0.05083220558444013
2021-04-01,0.0032176897055926634,0.010799017887880291,-0.009252455923119962
2021-04-05,-0.0015328170624678839,0.014353099410862713,0.04427659122771899
2021-04-06,0.0035430921850077013,-0.000590507175931898,0.0008247761127986308
2021-04-07,-0.0011770724387970555,0.00115710996279339,-0.029857428208930892
2021-04-08,0.002238586305757906,0.004746764944534521,0.01912159613436426
2021-04-09,-0.0012933678752427014,0.007270022130582143,-0.009915155733034697
2021-04-12,-0.00023464522466831728,0.00036469483337842057,0.03686741230129442
2021-04-13,0.002590058966995157,0.00296400506518979,0.0859569036478478
2021-04-14,-0.0007046028319780406,-0.0034152150759504396,-0.03947166704647498
2021-04-15,0.004230492313474166,0.010742301873149174,0.009040931223980753
2021-04-16,-0.0026911977753886207,0.003342367411653946,0.0012587029151958085
2021-04-19,-0.0005872312463099938,-0.00491288398466716,-0.03399658468630862
2021-04-20,0.0016441799993713868,-0.007321565683199416,0.006101017267521991
2021-04-21,0.0010548693148750843,0.009462047573074672,0.034951793439894185
2021-04-22,0.00046839520943087187,-0.00913321785686172,-0.03283069676699324
2021-04-23,0.0001168074208353076,0.010842670706608715,0.013491908213451476
2021-04-26,-0.0007022344195154462,0.002087418623688775,0.012064715006025573
2021-04-27,-0.0025764235000204083,-0.0002155630734179681,-0.04532647907368281
2021-04-28,0.0004698711846302661,-0.0002874009406319544,-0.014672094304228334
2021-04-29,-0.0008211240892549432,0.006372748535937278,-0.02505755171974844
2021-04-30,0.001409054326720005,-0.006570407376799259,0.04791723957558203
2021-05-03,0.0002468565302087278,0.00215652555637047,-0.034590632711300695
2021-05-04,0.001291595277113755,-0.006169269553690904,-0.01649874089928205
2021-05-05,0.000586474910235113,0.0003130699615203625,-0.003948959080373515
2021-05-06,0.0004686946559451233,0.00798551314797491,-0.011029338520784915
2021-05-07,0.00011738148699547146,0.007277970085466823,0.013307460953421169
2021-05-10,-0.0023431512421118184,-0.009902386229925564,-0.06444373139784076
2021-05-11,-0.0019961456789285847,-0.008924851797875943,-0.018822278764288325
2021-05-12,-0.0035296060667940887,-0.021245123957438605,-0.044248212926854213
2021-05-13,0.002007222952556953,0.01201259802461152,-0.030853203980896415
2021-05-14,0.002356851325265197,0.015355325754332405,0.03157303299711356
2021-05-17,-0.0009406714776830638,-0.0025445544741317105,-0.02189098294684022
2021-05-18,-0.00105871090785703,-0.008615751394844495,0.0018029458511532592
2021-05-19,-0.001060361243395036,-0.0026215661229338494,-0.02493638386588848
2021-05-20,0.003301757027193819,0.010757887921823972,0.04138712802336375
2021-05-21,0.0002350862545172916,-0.0008186553715680001,-0.010054917128925145
2021-05-24,0.0011749442196602455,0.010194128499672495,0.0440022264046771
2021-05-25,0.002582306954922231,-0.002218882366957886,-0.002885668382965889
2021-05-26,-0.0003512257937703378,0.0019846890937029738,0.023879957500782645
2021-05-27,-0.0014055018238121608,0.0005249919132797043,0.018929840154243482
2021-05-28,-0.00011717605291727828,0.0017886924075656285,-0.008924522802159385
2021-06-01,-7.048218652150329e-05,-0.0008808169089393747,-0.002111268599623961
2021-06-02,0.0010573073191546545,0.001572645905898451,-0.030100952337768105
2021-06-03,-0.0018774970237495081,-0.0037113902137791976,-0.05334476431283097
2021-06-04,0.003997699175032343,0.009145831084326428,0.045754470575515294
2021-06-07,-0.0007024328527992507,-0.0009702073628320429,0.010149431698305955
2021-06-08,0.001874540927949253,0.0002130694107358444,-0.002544921741878703
2021-06-09,0.0019890861610867283,-0.001491866337899106,-0.007968981371759054
2021-06-10,0.002100551309778931,0.004648469226266716,0.018938501740255687
2021-06-11,-0.00023284740347495614,0.0016524418602312796,-0.0003770180312155924
2021-06-14,-0.0025630657868855877,0.0022389441324763837,0.012789221849023313
2021-06-15,0.0,-0.0018341437922513304,-0.029675082579620482
2021-06-16,-0.00280388438731638,-0.005583465120880815,0.009193155632698069
2021-06-17,0.003397369724131627,-0.0003314610556541808,0.019392614586788648
2021-06-18,0.003152398294352876,-0.013490380948713687,0.010882243306208794
2021-06-21,-0.003491750320361975,0.014315907200983968,-0.003978800587379316
2021-06-22,0.0014014058823486053,0.005346238144189996,0.004638983624974058
2021-06-23,-0.0006998790121104381,-0.001205418146204229,0.05268476618207507
2021-06-24,0.000466773434383283,0.005915840779000092,0.035411302984154513
2021-06-25,-0.001866431571088012,0.0035519338694940394,-0.011694312026312215
2021-06-28,0.0026884964442077663,0.0020160963182918046,0.025079265670401973
2021-06-29,0.00046648792110470794,0.0005380512781811841,-0.011557681931348984
2021-06-30,0.0006986231094217032,0.0008417608023616463,-0.0015570796861552605
2021-07-01,-9.331409221080555e-05,0.005536409937055398,-0.0026188230779431443
2021-07-02,0.0017496721710783536,0.007643635348504096,0.0014456370513082906
2021-07-06,0.0036083549457133213,-0.001821412033229275,-0.028457809785947474
2021-07-07,0.0020875739772618918,0.003534152551186942,-0.02263562857139878
2021-07-08,0.000926418312177768,-0.008148196804302787,0.012658037290573132
2021-07-09,-0.0031226692302355197,0.010674796178747448,0.006341837079579804
2021-07-12,-0.0003475890843542828,0.0035818853585263266,0.0437628194032984
2021-07-13,-0.003133124970232992,-0.0034089339439113964,-0.0250255268170938
2021-07-14,0.003376132021698952,0.001492237359815629,-0.022676262535623493
2021-07-15,0.002436204968617517,-0.0034153480938046155,-0.004254796226577984
2021-07-16,-0.000926103482465801,-0.007843767255431788,-0.009806316575730722
2021-07-19,0.005676334181952125,-0.014768045718573264,0.003104482057777691
2021-07-20,-0.0010363667712509628,0.014330407352309171,0.02209778342837665
2021-07-21,-0.003228937515929675,0.00809634625531963,-0.007888019850240235
2021-07-22,0.0021981809434645783,0.0020942976449895845,-0.009202007847976312
2021-07-23,-0.0011541172839951708,0.01028794071799477,-0.009056424875986235
2021-07-26,-0.0005775187422346617,0.0024548014097203197,0.022133069927244398
2021-07-27,0.002543315930210621,-0.004557600059822309,-0.01952494819687245
2021-07-28,0.0009228990973966233,-0.00041011186816442,0.0034120354402995545
2021-07-29,-0.0017285955575805367,0.004147445481628154,0.04694118807422987
2021-07-30,0.0015008066022692557,-0.004856343724032652,0.014541928508582602
2021-08-02,0.002378049352330658,-0.002097946358099123,0.032697928666004517
2021-08-03,0.00023009526848860595,0.008135132866350148,9.862621233169833e-05
2021-08-04,0.0,-0.004918712639192968,0.001662548831768751
2021-08-05,-0.0023025819425605,0.006332919623147415,0.005218642492307302
2021-08-06,-0.004732005988310806,0.0016522615487013503,-0.021731523084098314
2021-08-09,-0.0018548053256659536,-0.0008134779362188871,0.020969779282747014
2021-08-10,-0.0015104131286884925,0.001243956629899623,-0.005281893495678203
2021-08-11,0.0006977687913301001,0.0024846747289637428,-0.0030563570472872392
2021-08-12,0.00011604071970561236,0.0029971610296224416,0.020386528392057013
2021-08-13,0.003952917841598236,0.0018199183827969367,-0.007033557040173943
2021-08-16,0.000926320655596502,0.002354515232369847,-0.0432254973537064
2021-08-17,-0.0010411333926211297,-0.006555094955078222,-0.02981764971635026
2021-08-18,-0.00023220143919400194,-0.010945086175162877,0.03497015710402862
2021-08-19,0.0022016692191317855,0.0015482905311234862,-0.02252568828990298
2021-08-20,-0.00023143559925264956,0.007957231246079166,0.010082056516856674
2021-08-23,0.00023148917408821745,0.008796438679967933,0.03827951753459802
2021-08-24,-0.0019650873775147737,0.0015874108623610272,0.0031006472789958384
2021-08-25,-0.0016214814658589427,0.002098323986675643,0.0038250458739306215
2021-08-26,0.00011587507114052542,-0.005903053240947642,-0.01411697599720807
2021-08-27,0.00289964735194026,0.008940926390516468,0.015346011908018431
2021-08-30,0.0011564022417334119,0.00439759701491349,0.02667435264494311
2021-08-31,-0.00127056286006888,-0.0014816618265905968,0.00658083407543808
2021-09-01,0.00017387791952794274,0.000531329187789531,-0.0022155233598404322
2021-09-02,0.0013898524152853309,0.0030767193839971174,-0.002315788147756681
2021-09-03,-0.002081730472346499,-0.0002427340456221394,0.0016111325842673718
2021-09-07,-0.002897547601165673,-0.0035754491255741705,0.02637783858939624
2021-09-08,0.0016273543902720622,-0.0012181762925231876,0.0012617502122473923
2021-09-09,0.0035975952175775205,-0.004280367162957988,0.001313231087076927
2021-09-10,-0.002428690206876749,-0.00788454024023788,-0.024627038366134335
2021-09-13,0.0015072139736547197,0.0025592219109213943,0.00914066245943812
2021-09-14,0.002430732831595339,-0.0053964516942739404,0.0020053498586631857
2021-09-15,-0.0009239539011015596,0.008352775531360601,0.015231899000174076
2021-09-16,-0.0018492047296871927,-0.0015852860954771453,0.0015347617076681974
2021-09-17,-0.0012733739559473989,-0.009741349813092715,0.0033025333532406
2021-09-20,0.0027821790915287803,-0.0166741952690882,-0.03860484330594227
2021-09-21,-0.00023102467687718953,-0.0009443975978375985,0.012613531089680885
2021-09-22,0.0010408819554934556,0.009754789707429046,0.0169871810945057
2021-09-23,-0.0053141082454186694,0.012150136480343576,0.00226081461648886
2021-09-24,-0.0020905025290256507,0.0016470692090007066,0.027533059916662994
2021-09-27,-0.0011632009040064561,-0.002860896033312188,0.02191406322043732
2021-09-28,-0.0043110569945765675,-0.02015196641988448,-0.01743835612317879
2021-09-29,0.00011691805264790744,0.0016832194502423015,0.004822778775393388
2021-09-30,-0.00023360019722529213,-0.012222278493302818,-0.0074618094773734045
2021-10-01,0.003398842553500314,0.011884013124064285,-0.0003352887910832436
2021-10-04,-0.0007009809471029138,-0.012896025448164927,0.008139621398127295
2021-10-05,-0.0024543741080748083,0.01040496672026503,-0.001202850103416031
2021-10-06,0.0004680342903946588,0.004156056334429392,0.0027671424905384434
2021-10-07,-0.0028107487870209225,0.008645846087250497,0.013874260399496352
2021-10-08,-0.0024660891831174148,-0.0018237894412088673,-0.010231834522373306
2021-10-11,-0.0015310743864699328,-0.007239653923223566,0.008211528565575943
2021-10-12,0.0036556129642864033,-0.0024617648858044072,0.01740026730336086
2021-10-13,0.002702862945461737,0.0035976512358979473,0.006652379022320076
2021-10-14,0.0017571100175710619,0.016820748287032616,0.008926471099504285
2021-10-15,-0.00245630545425779,0.007615803947993438,0.030195999501915205
2021-10-18,-0.0005862896101612725,0.002960445225266506,0.03212224493643445
2021-10-19,-0.002816008099677969,0.007714905075203671,-0.006711860640270406
2021-10-20,-0.0011765803544380171,0.003927700155725633,0.0017703140411262641
2021-10-21,-0.001413643462638059,0.0026082224547421262,0.03257101073349511
2021-10-22,0.0021238869672184357,-0.0010362265252463754,0.01753910755951127
2021-10-25,0.00047039255987746387,0.00536285041605189,0.12661598362581983
2021-10-26,0.002000060944265414,0.0009000196551089967,-0.006274050392506725
2021-10-27,0.0036404739607613923,-0.004430236709968005,0.019078438805710585
2021-10-28,-0.0012871155990371586,0.009648886006526913,0.03775074872979922
2021-10-29,0.00023417096544853244,0.0020291209715579406,0.03431629436179362
2021-11-01,-0.0007738549599423106,0.0017204770503840283,0.0849102277797451
2021-11-02,0.0018787609774773006,0.004042926449359108,-0.03027499529203259
2021-11-03,-0.0017583088082556708,0.006105291492207288,0.03571673801973452
2021-11-04,0.004578174212608754,0.004712320677333626,0.013222297879683653
2021-11-05,0.003038068262050553,0.0034696870478074793,-0.006358169933862068
2021-11-08,-0.002213370488531541,0.0008536897123756493,-0.04840070953386311
2021-11-09,0.0028025734625114485,-0.003305373491171104,-0.11990303254359846
2021-11-10,-0.006753664282643124,-0.008044665162052489,0.043429451929624774
2021-11-11,-0.001640604241489485,0.0003234274577204044,-0.004157528824601631
2021-11-12,0.00011737113692467105,0.007546680399643124,-0.02829310201599211
2021-11-15,-0.004108863819038078,0.00034263354593466744,-0.01938224449936754
2021-11-16,-0.0007076778331231992,0.003957841054802236,0.04079376842602822
2021-11-17,0.002123908053712098,-0.002429428628598407,0.032501208284666294
2021-11-18,0.0011771691936475204,0.0033964679708802237,0.006767610267700563
2021-11-19,0.00211607884551146,-0.0017882447436877724,0.03710391800920432
2021-11-22,-0.0049277862358734215,-0.002815033866272132,0.017422122080461122
2021-11-23,-0.004008710807782312,0.0013257999089077988,-0.041352932727292124
2021-11-24,0.002367611719672702,0.0026698481923135287,0.006284772484400847
2021-11-26,0.007085848232777803,-0.022303152480621757,-0.030537595031082
2021-11-29,-0.00011692091581794184,0.012266693103688553,0.050900227900227524
2021-11-30,0.0018763728349904252,-0.019457609996626823,0.006833823403773698
2021-12-01,0.000645264509557375,-0.011107142706596851,-0.04346763456194869
2021-12-02,0.00011705615212731502,0.015316295415298331,-0.00949773919092467
2021-12-03,0.003866142934611849,-0.008701290994038269,-0.06419876077133224
2021-12-06,-0.0026839904386529723,0.011843366278510903,-0.005872086315763081
2021-12-07,-0.0022236955956125293,0.0206848653261833,0.04235837141187604
2021-12-08,-0.003049749976483551,0.002647857352662486,0.016363195584229162
2021-12-09,0.00047051519848628764,-0.006751687869976486,-0.06095644581905246
2021-12-10,0.0003530334114201228,0.009413616424862381,0.013179927022311633
2021-12-13,0.0034087404794658216,-0.008858290786438627,-0.04977243020772948
2021-12-14,-0.0016399618980903474,-0.00688018082806463,-0.008174578197676419
2021-12-15,-0.0012905763255603997,0.015624899025843408,0.018236618133556703
2021-12-16,0.0012922440651577105,-0.008818323732807776,-0.050277132790258694
2021-12-17,0.0017605014311166123,-0.010642752501438313,0.006095449446181567
2021-12-20,-0.0016400807382794813,-0.010633462190657306,-0.03498927121736173
2021-12-21,-0.0010562183593796348,0.017758887570411108,0.04288056302579579
2021-12-22,0.0010573351361624628,0.009998751145454676,0.07494705523716627
2021-12-23,-0.001518385454643889,0.006222054120449183,0.05761886305530961
2021-12-27,0.0004716269085043301,0.014152189484489375,0.025248391499066658
2021-12-28,-0.0001182679486981808,-0.0008173348658390145,-0.005000275342793459
2021-12-29,-0.0032992844620156614,0.0012792738724787256,-0.0020947102761840197
2021-12-30,0.0022462222625583284,-0.002764494081891833,-0.014592268383646134
2021-12-31,-0.00023577177334066501,-0.0025202672055406605,-0.012668840823859995
2022-01-03,-0.006725775859019456,0.005790159685380658,0.1353166841897706
2022-01-04,-0.0001191323383786802,-0.00033505843731462814,-0.041832696836128
2022-01-05,-0.0034446376285343083,-0.019202261040751623,-0.05347121367683638
2022-01-06,-0.0010733895440409036,-0.0009392631091741377,-0.02152337383085412
2022-01-07,-0.002744987031814916,-0.003953618162592321,-0.035446567451716815
2022-01-10,-0.0008377856128206629,-0.0012443544947591256,0.03034195341380186
2022-01-11,0.002036691374313282,0.009108301542972486,0.005935024657598653
2022-01-12,-0.00035877264659833763,0.0027035183644334992,0.039289748931841784
2022-01-13,0.0016737452937809483,-0.01377854578118587,-0.06749107331435766
2022-01-14,-0.005491390624445813,0.0004090793125122172,0.017497758575059086
2022-01-18,-0.0062414235757602965,-0.017709680830163332,-0.01819724123253097
2022-01-19,0.002415706632912018,-0.010383447643954491,-0.0338278969185718
2022-01-20,0.0010845814776117013,-0.011067982522583009,0.0006227038828787723
2022-01-21,0.0037310354642632326,-0.019630664978004142,-0.05256606712507206
2022-01-24,-0.0015583020679582615,0.004246576782951372,-0.014726129872195681
2022-01-25,-0.0013215363045417927,-0.01220898237120227,-0.012473124842489969
2022-01-26,-0.005532229255682419,-0.0025088844504480567,0.02069905258271132
2022-01-27,0.0032646934197702038,-0.004937888354479059,-0.11554175561970448
2022-01-28,0.0012061783621728495,0.024835275733534168,0.020805692766870276
2022-01-31,-0.000722728677667428,0.018011235253335478,0.10677611383930952
2022-02-01,-0.0003979587433453613,0.006756878529593058,-0.0058395266373975074
2022-02-02,0.0014485709352076714,0.009714099253073982,-0.02747919159891432
2022-02-03,-0.00421925973231152,-0.023504946304639285,-0.016032495024879134
2022-02-04,-0.006174584679629058,0.004702174095550182,0.03611110968421327
2022-02-07,0.0008532087338115613,-0.0032092615944315783,-0.01730718642133755
2022-02-08,-0.0032867762222921204,0.008227811338079372,0.0161571905234128
2022-02-09,0.0007331386993838507,0.01463613427451338,0.010845920427172029
2022-02-10,-0.009152025497983218,-0.01796554733183575,-0.029452771017468238
2022-02-11,0.006527208754120828,-0.01971855101529929,-0.04925102969626416
2022-02-14,-0.0056281301072445,-0.003269593370741508,0.01832566437213501
2022-02-15,-0.002092456347771221,0.01612691601875893,0.053290764282768466
2022-02-16,0.0013568902131679828,0.0011208235581174897,0.0010407532409399955
2022-02-17,0.0022160920200031686,-0.02136156869762551,-0.05094269900666093
2022-02-18,0.001719791750510291,-0.006474960980889066,-0.022103035296720752
2022-02-22,-0.000612708204918766,-0.010731543721913206,-0.04136624223452856
2022-02-23,-0.005032206947980233,-0.017738734037830994,-0.06997917599526948
2022-02-24,0.002220246685121774,0.015049219890145515,0.04807345500262783
2022-02-25,0.0008612689754095015,0.022063916157694097,0.011364031324829549
2022-02-28,0.007378868710986586,-0.0025585467999493794,0.07477746853358713
2022-03-01,0.005245085729620458,-0.01523028344863897,-0.006962143345558558
2022-03-02,-0.012283997320970186,0.018396249151118926,0.01795529711451649
2022-03-03,0.004432585910659537,-0.004978504990837407,-0.04614210448825773
2022-03-04,0.003555404934145523,-0.008124714433550007,-0.0011915196265851469
2022-03-07,-0.004886599427960214,-0.029479207005346453,-0.04021280504200253
2022-03-08,-0.004664627501802299,-0.007581574185777651,0.02463394210323222
2022-03-09,-0.002713001139821425,0.026811003881536566,0.04193357517885765
2022-03-10,-0.005318120244047209,-0.004515658499446351,-0.024063755330148706
2022-03-11,-0.0007461480163455381,-0.012715025960451376,-0.0512345859010529
2022-03-14,-0.009207133578951976,-0.007308509402109364,-0.036436802368687404
2022-03-15,0.0016320467879242795,0.02199050506348388,0.046348355546253384
2022-03-16,0.0015045006263687544,0.022174269117023915,0.047812040425278646
2022-03-17,0.0008766472172521134,0.01251100807293426,0.037335010469022656
2022-03-18,0.0028759362724981585,0.010952646236277008,0.03876779427650434
2022-03-21,-0.010226338982298078,-0.0002924054450258451,0.017417963888751054
2022-03-22,-0.0025203244898341914,0.011701457812834049,0.07905243778179138
2022-03-23,0.004547823920818761,-0.01287846626631206,0.005161136057840299
2022-03-24,-0.0012574051162409505,0.015074349948847932,0.014823128420135223
2022-03-25,-0.008813916153585288,0.004883556802057987,-0.003234937980317265
2022-03-28,0.002921321187887571,0.007113137230001287,0.0803450783611821
2022-03-29,0.00443353020791859,0.012370727068772958,0.007079858095940583
2022-03-30,0.0022698972276795626,-0.006174756040988272,-0.00507475414515135
2022-03-31,0.0007552885168862211,-0.015391435475936355,-0.014981813142339484
2022-04-01,-0.0021686242800805777,0.002834287128105517,0.006486599368272561
2022-04-04,0.0007584689966217972,0.008566637985086833,0.05611341298759176
2022-04-05,-0.01009767168122766,-0.012631593997917134,-0.047308971544201106
2022-04-06,-0.0030598100253960148,-0.009999016443177466,-0.041694894294368345
2022-04-07,-0.0020460591600564015,0.005038779448818254,0.010996816105212748
2022-04-08,-0.005382564974483972,-0.002673803919268747,-0.03004944796541842
2022-04-11,-0.004638432803395598,-0.01709238146137737,-0.048328086073804455
2022-04-12,0.0032359674670816574,-0.003705267038602078,0.011291813566499442
2022-04-13,0.001161140790760351,0.011453555547129124,0.03588835603591267
2022-04-14,-0.0068304778569308056,-0.012451742668506904,-0.03655231880843268
2022-04-18,-0.003244631153844879,0.00041115548206072106,0.019583733431163042
2022-04-19,-0.006249375377277877,0.016142755464064518,0.023758093445249484
2022-04-20,0.006288675672179167,-0.0007416385125439406,-0.04955503671370076
2022-04-21,-0.005337669469517414,-0.014953565931433266,0.03231684066245499
2022-04-22,-0.0013090645758769837,-0.027439062195532382,-0.003697576672395231
2022-04-25,0.0062910317561750695,0.005797599041747814,-0.006994645387893739
2022-04-26,0.0026049426800378583,-0.02896094818930317,-0.12184121881948873
2022-04-27,-0.0031177866558959044,0.002811703880585048,0.005807678470473254
2022-04-28,-0.000390841946427245,0.025259566863064853,-0.004537702888526063
2022-04-29,-0.006778388844808192,-0.03695567229955188,-0.007692220213591394
2022-05-02,-0.005115543774513065,0.006019496853815864,0.03695628471433299
2022-05-03,0.002379344077792833,0.004584068149662279,0.006988279761963367
2022-05-04,0.006461092143298153,0.030452814417700758,0.04769864576468552
2022-05-05,-0.009957358950159034,-0.035542573114213716,-0.08328615317548016
2022-05-06,-0.004234170523822578,-0.005969022466599472,-0.008737180698190294
2022-05-09,0.004518453461912042,-0.032017355966309946,-0.09072948807249681
2022-05-10,0.00291008270565829,0.0023104414053967126,0.016427173986372612
2022-05-11,0.0034300303107379637,-0.015885950412955263,-0.08254582843646041
2022-05-12,0.0019718108353832253,-0.001043887569027846,-0.008174386751047313
2022-05-13,-0.0036733166364395498,0.023907672036987515,0.05712909369145702
2022-05-16,0.0015794552924928151,-0.004057605392261632,-0.05875856161837267
2022-05-17,-0.005916328795146475,0.020570458327238583,0.05141017778952928
2022-05-18,0.004232394574650744,-0.040311449222537044,-0.06801379812405906
2022-05-19,0.0021071050672010205,-0.006124572750280222,-0.0005494634476534976
2022-05-20,0.0030230343730588416,0.00043652424419793334,-0.06416505716141863
2022-05-23,-0.00353774873232493,0.018709822937115428,0.01656871415985961
2022-05-24,0.00815256529807673,-0.007633675465256284,-0.06925464690507588
2022-05-25,0.004043147512323486,0.008834969236569679,0.04877737911795821
2022-05-26,-0.0010393531292327562,0.019981304803630362,0.07427138936829314
2022-05-27,0.002861194897259889,0.024549047438149785,0.07333306253742577
2022-05-31,-0.005705039369881648,-0.005610801454634884,-0.001803563389055185
2022-06-01,-0.004469097129064403,-0.008088544184981283,-0.02359349020027357
2022-06-02,0.000918297294926429,0.0190435126241284,0.04677398003874078
2022-06-03,-0.001441829552130014,-0.0164115416233247,-0.09219359988526965
2022-06-06,-0.005909775781905879,0.0030447090786343,0.0160472016783606
2022-06-07,0.003434517362364664,0.009592276617497841,0.0025460558898939833
2022-06-08,-0.004080905417373937,-0.01087212158222639,0.012474516432601446
2022-06-09,-0.0013213334502087948,-0.023783039326744304,-0.008930555308462429
2022-06-10,-0.008471386720856122,-0.02899547128494062,-0.031190911234383223
2022-06-13,-0.016153306437467152,-0.037968208307049056,-0.07102153990705962
2022-06-14,-0.005427019985463577,-0.0030134680033071515,0.023887157055640484
2022-06-15,0.011459354060679994,0.014256355820984945,0.05482367080362738
2022-06-16,0.002158302962075087,-0.03309589524199241,-0.08540769912654234
2022-06-17,0.0005384431553405733,0.0021556152436672527,0.017174980283869212
2022-06-21,-0.0045736557241751186,0.025173682455234214,0.0935443480214786
2022-06-22,0.008242919243232505,-0.0018131008315989128,-0.004007805884153504
2022-06-23,0.0048252680707745466,0.009802663735166028,-0.004306310889948484
2022-06-24,-0.0018675339683080772,0.03179370318519492,0.04524889345059324
2022-06-27,-0.004810847397944462,-0.0038195225064532323,-0.0032016505127857586
2022-06-28,0.0005370964748074858,-0.020432957085810943,-0.0500435578248114
2022-06-29,0.005770864037756729,-0.0008143931320668818,-0.01793718238090891
2022-06-30,0.004270642921416767,-0.0081242441635907,-0.017579227799377373
2022-07-01,0.007974320525294232,0.010576365088684758,0.012429131666979787
2022-07-05,0.0017175591030169635,0.0018886402322340068,0.025535704813974602
2022-07-06,-0.006065588775260089,0.0033775508845168556,-0.005720802000385383
2022-07-07,-0.0027858254602642907,0.014977037689773987,0.055279044880592876
2022-07-08,-0.0033255797725105785,-0.0008225063833630086,0.02543516968760029
2022-07-11,0.003737278003212774,-0.011423596307784445,-0.06548005948146851
2022-07-12,0.0017285089935830111,-0.008849131903277296,-0.005433611636988744
2022-07-13,0.0031858639603246086,-0.005251532700916495,0.017033448479672808
2022-07-14,-0.003175746464117335,-0.0024283170973868895,0.005371861218914864
2022-07-15,0.003584401603388576,0.019104866130654763,0.0073572315408600986
2022-07-18,-0.0030421910158746623,-0.008256926288448319,0.001999426810217919
2022-07-19,-0.0007963040357245044,0.02701917218009675,0.020716718219316865
2022-07-20,-0.0009295102257733667,0.006373116843402693,0.008023464466653252
2022-07-21,0.008240447853508526,0.010183153558745772,0.09780470722853529
2022-07-22,0.008173213112267819,-0.009277966174488617,0.0019752262198982073
2022-07-25,-0.0036612747578145255,0.0012151183143231936,-0.013994935471540293
2022-07-26,0.00026250522457682557,-0.01183123452425372,-0.0356637312112531
2022-07-27,0.0027548932963459283,0.025966516104387605,0.061655036992220635
2022-07-28,0.006934655697347303,0.012542232709605416,0.02212352234272652
2022-07-29,-0.0007798523858143502,0.014578799360348116,0.05784976985791013
2022-08-01,0.00433931785318542,-0.002961320447598892,0.00042631152414229767
2022-08-02,-0.010119362680620858,-0.006597096440516426,0.011134400598203698
2022-08-03,0.004980642903741783,0.015659343151931848,0.02265568716125621
2022-08-04,0.002477353696516138,-0.0006755787862202656,0.004023022853486102
2022-08-05,-0.011317927370853353,-0.0016901276196764625,-0.0663030068235908
2022-08-08,0.0044735823065324976,-0.0011609467781819038,0.007819434052879659
2022-08-09,-0.002226314930470985,-0.0039710615544553685,-0.024412625864385085
2022-08-10,0.0027567146092473127,0.021003959031440145,0.03890581776676605
2022-08-11,-0.005630097156473113,0.0,-0.026249292544206493
2022-08-12,0.004608754980190755,0.016929075461740162,0.046750143628413676
2022-08-15,0.0010483878806453184,0.0041208825377743175,0.03096359891583922
2022-08-16,-0.0013094550928184345,0.0019587115143440137,-0.008912075793144236
2022-08-17,-0.005899073040390945,-0.007098099406507519,-0.008372333511224461
2022-08-18,0.0018459353350774865,0.002906502278274381,-0.0037062197211366055
2022-08-19,-0.0063182279146850595,-0.013438244425328594,-0.020481852686155544
2022-08-22,-0.004503920877640399,-0.020822410037867556,-0.022764022407583906
2022-08-23,-0.0003990456805714748,-0.002419224567688505,0.0225584954757323
2022-08-24,-0.0025294984257130393,0.003201158135150761,0.002170125887066332
2022-08-25,0.005472276245674923,0.014117401128694862,-0.003455684406709514
2022-08-26,-0.0019911222329938028,-0.03384892838573894,-0.026953121859416895
2022-08-29,-0.004522353926297185,-0.006612333575651608,-0.01135058160727187
2022-08-30,0.000801989680444315,-0.01097770412220822,-0.0249982267189629
2022-08-31,-0.004138002204636115,-0.00760912308933126,-0.007526203685978228
2022-09-01,-0.005427474588647008,0.003137960697038089,0.005623955563764049
2022-09-02,0.0025663212291435755,-0.010544555271591372,-0.02507581222110289
2022-09-06,-0.009026049697170913,-0.0037731265076705878,0.015580556255471167
2022-09-07,0.007204842904360076,0.017965060522872722,0.03381677109982606
2022-09-08,-0.0031039959085025215,0.006536139205407299,0.01959815762903916
2022-09-09,-0.00040599127118767786,0.0155352405886926,0.03602289482946186
2022-09-12,-0.0012191760902798832,0.010747790978189897,0.01581694096302666
2022-09-13,-0.0050176174517446714,-0.043482525143137885,-0.04037188096320543
2022-09-14,0.001226582666639997,0.0038159761590350616,0.03587437200418364
2022-09-15,-0.002994903401683069,-0.01135341757800834,0.003767273730617582
2022-09-16,-0.0010920462040397982,-0.007628934942255028,-0.0013168523341049454
2022-09-19,-0.0006834833156521558,0.007754941358323553,0.018856110452001085
2022-09-20,-0.00492425510042338,-0.011478491835328342,-0.0011000625419275156
2022-09-21,0.0027491022332117865,-0.017443961457466628,-0.025685948599634356
2022-09-22,-0.010280810534199492,-0.008399699551953188,-0.040591728559117746
2022-09-23,-0.002770224574930369,-0.016754668380463134,-0.04594757245188685
2022-09-26,-0.01277747683257735,-0.009892732659463221,0.0024698479153155706
2022-09-27,-0.004361832759846362,-0.002552789793698884,0.02510775852537339
2022-09-28,0.015543524785228247,0.019676418465138346,0.017212112374233923
2022-09-29,-0.005148233021101345,-0.020889256206070628,-0.06810050474193607
2022-09-30,-0.0023777108558443727,-0.01546337222574412,-0.011036096899372572
2022-10-03,0.008374078082097114,0.026401397762244594,-0.08614516909902215
2022-10-04,0.0025078780113905186,0.030986410425000166,0.029042940273044104
2022-10-05,-0.005281593946063312,-0.0023281990405743525,-0.034597517632881325
2022-10-06,-0.003771814451298261,-0.010315647434989916,-0.011129075632041241
2022-10-07,-0.0051899791796461425,-0.02789417497398139,-0.06324275500689214
2022-10-10,-0.004511481999115774,-0.007635221763276356,-0.0004931214719139376
2022-10-11,0.0002835453915321917,-0.006332897187805386,-0.02897383620084637
2022-10-12,0.0011328145228555186,-0.003298481621157645,0.003418039229395209
2022-10-13,-0.003535770937824312,0.026391193763373177,0.020622332969329804
2022-10-14,-0.004825908367295795,-0.022788804690980435,-0.07545550981161053
2022-10-17,0.002139747968168626,0.025696674809541298,0.07005219876844393
2022-10-18,0.00227667966401901,0.011749926927880239,0.003829479437051919
2022-10-19,-0.008235381263847708,-0.007086542066732426,0.008401793106927569
2022-10-20,-0.006728572811839473,-0.00838525410609725,-0.0664744863679374
2022-10-21,0.0017298054851637712,0.024301339878574524,0.03454266549727758
2022-10-24,-0.0014386820077745277,0.012236356895513056,-0.014875967194030837
2022-10-25,0.009509870466016368,0.015968833621910816,0.05287573097725584
2022-10-26,0.003996768161467434,-0.007534186841336554,0.009981122376490958
2022-10-27,0.005260319716080097,-0.0053400691424222435,0.00200319154854367
2022-10-28,-0.0019798597130431528,0.023790837738723702,0.015238384603380561
2022-10-31,-0.0031181187530749943,-0.0072232678881191115,-0.004288512900427199
2022-11-01,0.00104038045729693,-0.004376070419600309,0.0012306146011606955
2022-11-02,-0.0015652713077306535,-0.02509614520314607,-0.05636033352596026
2022-11-03,-0.003849440058419029,-0.010296681655772355,0.0015350350619269815
2022-11-04,0.0002863397696419856,0.014392852470021422,-0.03641259777431871
2022-11-07,-0.0038623413073419766,0.009565611948354924,-0.05007952633400592
2022-11-08,0.004451927775536824,0.0053955755419814455,-0.02932818513088775
2022-11-09,0.00142991253590119,-0.020602131707665894,-0.07166757185130745
2022-11-10,0.02070214662022929,0.05495406275875747,0.07393437216942544
2022-11-11,0.0,0.009678723566897807,0.027527264924482875
2022-11-14,-0.003217324082597006,-0.008506946902825718,-0.02561618738169713
2022-11-15,0.007017067348861206,0.008529219447681813,0.018172303095892017
2022-11-16,0.005713128569912795,-0.00762883019534677,-0.03857627852399581
2022-11-17,-0.004157008265555651,-0.0030599911008022396,-0.020062058831236462
2022-11-18,-0.0016693826395783873,0.004540517592980686,-0.016269016527425406
2022-11-21,0.0,-0.003635992692554102,-0.06837231343190053
2022-11-22,0.005156836693990252,0.013457113479832472,0.012152311933396831
2022-11-23,0.006100209800248946,0.006301548953059788,0.07821783885404354
2022-11-25,0.0,-0.0002238850266730319,-0.0018558752377418886
2022-11-28,-0.0012401313752042897,-0.015956774935200202,0.0003281065208000644
2022-11-29,-0.003725193038221053,-0.0017176808150601852,-0.011425739989130657
2022-11-30,0.007756283101932215,0.031500543326814956,0.07670184691003823
2022-12-01,0.008333679795663018,-0.0007357372555246711,0.0
2022-12-02,0.004098258491194828,-0.001153805409222386,0.0008217959148295595
2022-12-05,-0.007891148810638793,-0.01798926840353443,-0.06368676805520912
2022-12-06,0.0032915284473375994,-0.014414797680588731,-0.01441485156488942
2022-12-07,0.008748297664823435,-0.0017011896522795,-0.032143331123685615
2022-12-08,-0.0028463584014035703,0.007834028813418215,-0.003447430865732959
2022-12-09,-0.005842700696087277,-0.007470261368520803,0.0323454827685834
2022-12-12,0.0,0.014417069079316391,-0.0627198857086465
2022-12-13,0.0068342824801295166,0.007569966252120919,-0.04093677795344208
2022-12-14,0.0024433171208657622,-0.00639337107108473,-0.025784367661833008
2022-12-15,0.000542026368153925,-0.024461796014319415,0.005548438139381551
2022-12-16,-0.0025715917133152244,-0.011806116040452341,-0.047187179094365206
2022-12-19,-0.005971489929161966,-0.008479847870370039,-0.00239632976495896
2022-12-20,-0.00655257443059154,0.0013686211847039331,-0.08053641461716088
2022-12-21,0.0023364138898973597,0.014952483274162764,-0.0016690545895901021
2022-12-22,-0.00013729708516385664,-0.01426630575126897,-0.08882756559936855
2022-12-23,-0.0031338390465104338,0.00575237693489572,-0.017550833466474902
2022-12-27,-0.007721003740002397,-0.003943512221412093,-0.1140885333144338
2022-12-28,-0.0013894531508956698,-0.012427997554835257,0.03308891531476843
2022-12-29,0.00375676133308267,0.018000357409195145,0.0808269069678893
2022-12-30,-0.004158895410199759,-0.0026339200694653897,0.011164017515666869
2023-01-03,0.005290210690296782,-0.00421009568376518,-0.12242248574195735
2023-01-04,0.005676611672991605,0.007720202438144863,0.05124885285593783
2023-01-05,-0.0011015329994246148,-0.0114134512657873,-0.029039097760312105
2023-01-06,0.01102700144309754,0.022932117600482194,0.024651090365942707
2023-01-09,0.002726977279071008,-0.0005667214829138123,0.059349011404278285
2023-01-10,-0.003943269749047018,0.0070127836026780965,-0.007681374256751861
2023-01-11,0.00532416220905918,0.0126479194204423,0.036769060182475055
2023-01-12,0.007739122061529269,0.00364074281546789,0.0027592625752506095
2023-01-13,-0.003368414738723846,0.003879593273452775,-0.009388119582672827
2023-01-17,-0.0013521763238859563,-0.0018320670112847992,0.07426473736900463
2023-01-18,0.009205216589174947,-0.015787904410342835,-0.020609982513142944
2023-01-19,-0.002011733161991325,-0.007279889863713085,-0.012501946153228194
2023-01-20,-0.004435476623267487,0.018629033847528342,0.0491468120625187
2023-01-23,-0.0024297696401331947,0.01199865686376067,0.07742468874848996
2023-01-24,0.004465855767115556,-0.0010734002122582131,0.0009739087975544347
2023-01-25,0.0012120806322488686,0.00037474599574460754,0.003752820129427681
2023-01-26,-0.0018837825191948543,0.010990397771531102,0.10967259156647335
2023-01-27,-0.001078428920646357,0.002297716532322358,0.11000180416824756
2023-01-30,-0.0028344706849285917,-0.012546751360647534,-0.06318150994943417
2023-01-31,0.004602276754835488,0.014703403131767212,0.03936155894904236
2023-02-01,0.006428665503524833,0.010627729679376419,0.047280928205116535
2023-02-02,0.0006706040495429999,0.014556902723442677,0.03781489703913388
2023-02-03,-0.008850519733434092,-0.010628818542317675,0.009082654784473565
2023-02-06,-0.006223714608394992,-0.00611144866232971,0.025160537355481072
2023-02-07,-0.0013618012009303238,0.013078531700019935,0.010525791279409002
2023-02-08,0.0017726031544498255,-0.010934956415376562,0.022763049555982517
2023-02-09,-0.004082681623926665,-0.00866904802985724,0.029956849516678652
2023-02-10,-0.004236206658479014,0.002333587533523085,-0.05030873801899527
2023-02-13,0.002744453952881809,0.01173909275417917,-0.011427700782035255
2023-02-14,-0.003421089829669932,-0.0004601509437346385,0.0750616556523096
2023-02-15,-0.0021975432006001716,0.003247290147818882,0.02384709913101113
2023-02-16,-0.0038536964722424294,-0.013768724773373764,-0.05694553722096751
2023-02-17,0.002210903182252144,-0.00249829487602915,0.031033480898909227
2023-02-21,-0.008685158982299712,-0.020060709857381842,-0.05251789433835996
2023-02-22,0.002225114032605724,-0.0013783165968032085,0.017682553475729224
2023-02-23,0.003607812432448343,0.005319308674862411,0.006024129792842503
2023-02-24,-0.005530303291740424,-0.010682298233522736,-0.025684180003413215
2023-02-27,0.0016682514746551025,0.0034058616506291717,0.0546017865369246
2023-02-28,0.00027750915523361286,-0.003696023919555591,-0.009247209573726933
2023-03-01,-0.005924245612618728,-0.0038359462458492644,-0.014291975817664837
2023-03-02,-0.0020981874097222297,0.00777735599326812,-0.05853928157947319
2023-03-03,0.007709891052393392,0.016037754619682598,0.03609219282314147
2023-03-06,-0.002364522756239218,0.0006927415327093733,-0.020122331071529054
2023-03-07,-0.001115755401554841,-0.01532855654422316,-0.03147407730028162
2023-03-08,-0.0008376014159797718,0.0016319822032602183,-0.03041929843714275
2023-03-09,0.003353214320982456,-0.01844971479843871,-0.04989011995084991
2023-03-10,0.011976385185479277,-0.014429449977018338,0.0030071956856769777
2023-03-13,0.007980916514952474,-0.0014253904254784011,0.005996271168666301
2023-03-14,-0.006279806071053717,0.01653013713798912,0.050320947926932424
2023-03-15,0.01030360810919384,-0.006254228017993135,-0.015333393227232373
2023-03-16,-0.0047592734365839995,0.01754503192338719,0.020393505108375454
2023-03-17,0.007241453918084506,-0.011692762177070049,-0.02172378153438792
2023-03-20,-0.004340870641379224,0.009615607246501012,0.017320796272765726
2023-03-21,-0.0027249894672973785,0.013130664844075879,0.07819919143822474
2023-03-22,0.008880092183177313,-0.017046423671918554,-0.03254381959196684
2023-03-23,0.0023018536579240134,0.0027031668657599983,0.0055977366381618765
2023-03-24,0.0020265944697221983,0.006562073196560103,-0.009416281069083654
2023-03-27,-0.010381673697390292,0.0018697595535650535,0.007352522816861606
2023-03-28,-0.0017711086065840265,-0.0022443675900104543,-0.013659325116185062
2023-03-29,0.0010918828309862683,0.014534806153826407,0.024789906342217005
2023-03-30,0.0013634819812800014,0.005855098241038581,0.007220929756684091
2023-03-31,0.005173615426516953,0.014094796629497308,0.06237201971890638
2023-04-03,0.004250073540846611,0.003810404735610007,-0.061168427796826186
2023-04-04,0.00405626628917366,-0.005548109677563584,-0.011244043709844997
2023-04-05,0.0026932145228943938,-0.002618215099756016,-0.036660076287605925
2023-04-06,-0.0002686325739141848,0.003900775053511163,-0.002479553165553039
2023-04-10,-0.006717158611181939,0.0010263589076631163,-0.0029720256079851515
2023-04-11,0.0004058407704647937,0.00026864910716284385,0.012357047570192181
2023-04-12,0.0010818802202718913,-0.0040759909042351605,-0.03346003653646468
2023-04-13,-0.0005403555101974877,0.013282777690855285,0.029688716127604264
2023-04-14,-0.00445886737384138,-0.002442868872969073,-0.004841279860318459
2023-04-17,-0.0054291798214534115,0.003588328458705492,0.011026990735853115
2023-04-18,0.0015014463871183548,0.0006521924141980051,-0.014595786064655836
2023-04-19,-0.0013625123172373854,-0.00016887152753120027,-0.020183393575926356
2023-04-20,0.00436615176348476,-0.00545708384083321,-0.09745828230593856
2023-04-21,-0.0017661001863854553,0.0007768032635153688,0.012822849668400638
2023-04-24,0.003946364602073649,0.0010433156488014461,-0.015325895028073244
2023-04-25,0.00650667429666818,-0.015873831663721027,-0.011565701922588656
2023-04-26,-0.0035015249804676296,-0.004235530775911878,-0.04306963495243776
2023-04-27,-0.0043248458835872805,0.019907913731063376,0.041886194740853755
2023-04-28,0.005565731974859878,0.008535242694053258,0.025719427270091355
2023-05-01,-0.010284798050651411,-0.001009803425442768,-0.015093395194377579
2023-05-02,0.009844522718007953,-0.011239125031832109,-0.00939259874721976
2023-05-03,0.004196975424062277,-0.006864130899539633,0.0018713932775662467
2023-05-04,-0.001348249257667966,-0.0070830062785938175,0.003673471985857102
2023-05-05,-0.0036452568397021823,0.01851268627954017,0.05496278398315546
2023-05-08,-0.004742067779158754,0.00026660578397397217,0.010172855182730478
2023-05-09,-0.0010895675737243593,-0.004385343579051404,-0.015367597024416146
2023-05-10,0.006133508071711091,0.004672290870939344,-0.0036062703657255835
2023-05-11,0.0032509308094543776,-0.001744028170606371,0.021003967520705658
2023-05-12,-0.005266351061762653,-0.0013102677655305595,-0.023826162598143963
2023-05-15,-0.002578503776465846,0.0034501452733404214,-0.009703474612936969
2023-05-16,-0.002449683450750806,-0.006682722712196387,0.001021930644472091
2023-05-17,-0.0017739231892192064,0.012139014269973991,0.04407876621166107
2023-05-18,-0.0040999105155551385,0.00963319478537783,0.01742780840135616
2023-05-19,-0.0027443696270216256,-0.0014551541100500387,0.018373000232992265
2023-05-22,-0.0002752862665549305,0.0004061867374409722,0.04846228354123516
2023-05-23,0.0006879934844699065,-0.011222995715209572,-0.01641335799687571
2023-05-24,-0.0027506696242546314,-0.007244768840007687,-0.015449266889003499
2023-05-25,-0.003724548213327239,0.008659946904468585,0.008583965973816943
2023-05-26,0.0012460391347624,0.012950663474598834,0.047162123329924865
2023-05-30,0.006637429301842301,0.0003810636930476896,0.041362559242642094
2023-05-31,0.0032963626266524493,-0.005545262868599576,0.013770078361723614
2023-06-01,0.0027045212280230047,0.009500887260302626,0.017604137329555458
2023-06-02,-0.005612998867598917,0.014461216297305457,0.031081326211682914
2023-06-05,0.0001378755201133508,-0.0019162841429363198,0.017011727666879306
2023-06-06,0.0013768052603699843,0.002177387758523386,0.017002881015874438
2023-06-07,-0.00563614443432936,-0.0034577254823426884,0.014730512862447087
2023-06-08,0.004976443342364911,0.006048702836192188,0.045820870777622646
2023-06-09,-0.002063377424899371,0.0017943356990339776,0.0406199151040636
2023-06-12,0.0020676437543447612,0.009071723638585105,0.02221770896144215
2023-06-13,-0.00440169206562846,0.006592960389686375,0.035544128242966044
2023-06-14,0.0008290470775089709,0.0011910077278249886,-0.007421371317580694
2023-06-15,0.006212231799223256,0.012397578054858416,-0.0034659239799892383
2023-06-16,-0.0021950501624683483,-0.003406181627724658,0.01813214052015355
2023-06-20,0.0013745874421140503,-0.005188220676807687,0.05338912722001776
2023-06-21,0.0016477322001560157,-0.005123764779533357,-0.054618400747766804
2023-06-22,-0.004797424797424843,0.0036097827997971788,0.019848894111198723
2023-06-23,0.0028926358712912936,-0.007559852917591647,-0.030270888067223778
2023-06-26,0.0012358745694427409,-0.004085960256232646,-0.060600166336257755
2023-06-27,-0.0019206831631606303,0.010963382020643841,0.03800042956291749
2023-06-28,0.0031613380053252538,0.0005043830487496681,0.0240996896954786
2023-06-29,-0.0075354611481979195,0.003941423212513229,0.004917303362650394
2023-06-30,0.003451462144227202,0.011800623836813351,0.016582481606492783
2023-07-03,-0.002841564015220399,0.0011505137043690272,0.06895373445427366
2023-07-05,-0.004148842807882636,-0.001487096684625211,0.009506123909958086
2023-07-06,-0.006389297984917386,-0.007830715743746053,-0.021028045208104085
2023-07-07,-0.0005590397826209514,-0.0025247359931801494,-0.007630056425625198
2023-07-10,0.003496309748096449,0.002531126419153873,-0.01756370459810941
2023-07-11,0.0020903820975795018,0.006368686529911738,0.000667717084456676
2023-07-12,0.007927614899687407,0.008045896778068773,0.008154422401772665
2023-07-13,0.006071697984821434,0.007936720437259348,0.02172875427149612
2023-07-14,-0.004663133526844443,-0.0006228861330327407,0.012522529912772917
2023-07-17,0.0011026790813741805,0.0034722163467098,0.03198521516746822
2023-07-18,0.001238737987547589,0.007430647535585422,0.010193509901870401
2023-07-19,0.002336722781363987,0.002223646083532538,-0.007090702250741598
2023-07-20,-0.004663133526844443,-0.006634355937343517,-0.09737009860008494
2023-07-21,0.0006889986907736567,0.0,-0.010954754468143868
2023-07-24,-0.0016521773337004886,0.004467271138958395,0.03476659075024635
2023-07-25,-0.0011038607097356712,0.0027300664177838385,-0.014048906614123058
2023-07-26,0.0033143024990458514,0.00015371107214923185,-0.0035057022016762307
2023-07-27,-0.00853307016646776,-0.006630048719616699,-0.032683938680391544
2023-07-28,0.0034703384314636043,0.00979040561111888,0.04196157931177735
2023-07-31,0.0017981469759633661,0.0019039338074668954,0.00371562162326855
2023-08-01,-0.006188709441295126,-0.0028613718877684713,-0.023781870118334214
2023-08-02,-0.0032040529148931185,-0.013910801024561548,-0.02665954157355066
2023-08-03,-0.006149552985490914,-0.002865940285978974,0.020502958173047814
2023-08-04,0.00829678272138068,-0.004522956756208507,-0.02105509239416581
2023-08-07,-0.0015338618632625423,0.008728634805472923,-0.009493435973824349
2023-08-08,0.0036312550405308563,-0.004348586054148562,-0.006959634206558429
2023-08-09,0.00027863440581410437,-0.006685382273445062,-0.03007606967809695
2023-08-10,-0.005565236678885754,0.0003590889586930768,0.013006292021680244
2023-08-11,-0.003218661092035946,-0.0005830170617915353,-0.01096438608281991
2023-08-14,-0.0012629840918280122,0.005519964789593379,-0.011910156448968756
2023-08-15,-0.0022490978343256973,-0.011648972665925128,-0.028361644764614224
2023-08-16,-0.002817410984743529,-0.007337943875153852,-0.03159340830287438
2023-08-17,-0.0009884457140331149,-0.007620016136792973,-0.028280162722535862
2023-08-18,0.00212087023963492,0.00048130103023402704,-0.017014851321818125
2023-08-21,-0.004797319229945085,0.0065063759668742005,0.073274828918382
2023-08-22,0.0012757577828708122,-0.002708774803758196,0.008258403978685713
2023-08-23,0.009062710987075118,0.011137812060772134,0.01573823118710882
2023-08-24,-0.0023860971066854697,-0.013859072061154332,-0.02879341090367582
2023-08-25,0.0,0.007049725689322273,0.037167463490241914
2023-08-28,0.0018291740710416615,0.006341520380933385,0.0009640428763089126
2023-08-29,0.006177988454578953,0.014454758364166098,0.07687791972402569
2023-08-30,-0.000418527181902828,0.004118799602859768,-0.0010887269121663268
2023-08-31,0.0016750464366672713,-0.001463360569796901,0.004593198535678855
2023-09-01,-0.004807439470922881,0.001865098828221834,-0.05064318329763218
2023-09-05,-0.005476844906031286,-0.004321914265616789,0.046855214011356505
2023-09-06,-0.0011296881655881164,-0.006722513446366651,-0.017817428513501543
2023-09-07,0.003392479023608619,-0.003070160493406471,-0.0017068620153485314
2023-09-08,0.0002825896650335835,0.0015060549819017055,-0.01188916230408743
2023-09-11,-0.0015495163984331484,0.006576646870672942,0.10092549928477124
2023-09-12,0.0007052234969209259,-0.005485570735918599,-0.022296863386701782
2023-09-13,0.0015505890402631728,0.0011660380842797302,0.014281354305895722
2023-09-14,-0.0016887489023548197,0.008622406366416202,0.017471511114000693
2023-09-15,-0.0019739770042259686,-0.012048457170638294,-0.005977372284481253
2023-09-18,0.0009889107843836786,0.0005866455550207483,-0.033200974462619715
2023-09-19,-0.002116745290055233,-0.0020739707703035792,0.004598918977371191
2023-09-20,-0.0012732794000387404,-0.009193334898152217,-0.014671683535119606
2023-09-21,-0.006230223336682772,-0.016528360624534222,-0.026238620989897266
2023-09-22,0.004131966767140227,-0.002248574701449235,-0.042315182614647506
2023-09-25,-0.007378783492505425,0.004205209778298968,0.008616467528091087
2023-09-26,-0.001000846651712184,-0.01469117974189238,-0.011619945391094011
2023-09-27,-0.003577627139359496,0.00039912898714855594,-0.014828753029631048
2023-09-28,0.002584843881331844,0.00579739716138028,0.02444908475181906
2023-09-29,-0.00042935340673067035,-0.0024270169385127716,0.015585665483353939
2023-10-02,-0.006869030346675076,-0.00039748747744605684,0.005515166158101437
2023-10-03,-0.008102659968444947,-0.013386242424752837,-0.020151062008054166
2023-10-04,0.006564308883210135,0.007282061879444246,0.05934371052307452
2023-10-05,0.0007247468794024936,-0.0003767868665581764,-0.00425032873937603
2023-10-06,-0.003910554552541301,0.01187277664751174,0.001845841218459432
2023-10-09,0.010177564532556582,0.006402197793960784,-0.003300907210654902
2023-10-10,-0.0010076967275253201,0.005204693380704617,0.015211543440507347
2023-10-11,0.004610618175049819,0.004096475250114029,-0.002389822071472425
2023-10-12,-0.008604644061227074,-0.006096457270250877,-0.015665976919941982
2023-10-13,0.004628681405238533,-0.004980947856252582,-0.02993780718577166
2023-10-16,-0.005183396278100938,0.010521496140540432,0.01115006015531006
2023-10-17,-0.0065134930638817146,-4.5968700599474666e-05,0.0036626021631882555
2023-10-18,-0.004370613583799976,-0.013325020458822001,-0.04775363208267347
2023-10-19,-0.004389367811216349,-0.008786304432619407,-0.09300310180733784
2023-10-20,0.0036741186635969036,-0.012288050686256713,-0.036890623300491754
2023-10-23,0.003807557532758077,-0.0017333043549946359,0.0004245310418349302
2023-10-24,0.0033547358179373266,0.007539467208081074,0.02093550737020089
2023-10-25,-0.007560252312478144,-0.014352265498730699,-0.018935922882932887
2023-10-26,0.006739152860336439,-0.011974539126637818,-0.031352997455599385
2023-10-27,0.0,-0.004532814510393002,0.00748448962886572
2023-10-30,-0.0024736271706669033,0.01195579639643607,-0.04794984223383958
2023-10-31,-0.0002920477752762496,0.006280243395604623,0.017632730628176496
2023-11-01,0.009703150201324506,0.010664844282132657,0.023999240251476817
2023-11-02,0.005798092327079507,0.01916426373071589,0.06248172039245192
2023-11-03,0.005908800100813627,0.009123380342047183,0.006635907937775798
2023-11-06,-0.00429783351439228,0.002300417421303269,-0.0031369449915676917
2023-11-07,0.005035842542150837,0.0028460460296850787,0.013271256198382764
2023-11-08,0.0031495967263117652,0.000732411733296745,-0.00031502415940676265
2023-11-09,-0.007421280513171924,-0.007798684948302714,-0.054612601186257326
2023-11-10,0.0018694034857813513,0.015604715087276677,0.022240205086035525
2023-11-13,-0.0002871242309140376,-0.0009530377963341552,0.04220830689495392
2023-11-14,0.012202210894083576,0.0194006978735366,0.06123998273248876
2023-11-15,-0.005531375904491154,0.0021168748756221767,0.022871793909364557
2023-11-16,0.005989616511180129,0.001223162378403364,-0.038090924639652135
2023-11-17,0.0014177018925973783,0.0012438929741640514,0.0030395424675642158
2023-11-20,0.0014155758333485036,0.0076975556449827565,0.005548455120893081
2023-11-21,0.0014135748110073454,-0.002179354867042904,0.023769060694616817
2023-11-22,0.0008473274705251832,0.003860833660118468,-0.028980059381488954
2023-11-24,-0.004795638943970393,0.0006153298435043197,0.00529435207219775
2023-11-27,0.006093769624311962,-0.0018008995207469125,0.0026757481035388775
2023-11-28,0.004225909444019349,0.0009900036303838178,0.04506946504203557
2023-11-29,0.0051902189841455115,-0.0007034327420673003,-0.010457205813430348
2023-11-30,-0.0032094935490986076,0.003937496923179573,-0.016629792613843564
2023-12-01,0.00815692003965407,0.005915863686980938,-0.005206597761023168
2023-12-04,-0.004038864732474834,-0.005249277602951574,-0.01360800559009756
2023-12-05,0.006431977900612118,-0.00019705638812439474,0.013328802806870987
2023-12-06,0.0029178606501971682,-0.004029840397110629,0.002722829646282676
2023-12-07,-0.0002770000419274332,0.007630287287313076,0.01366087788429815
2023-12-08,-0.004850063698618512,0.0042992479364318825,0.0049455858525417895
2023-12-11,0.0001392719613670934,0.003889530902242866,-0.01681426716823431
2023-12-12,0.002923720291666987,0.0045671441383419165,-0.011387381846063915
2023-12-13,0.01277051377322369,0.013790337357405313,0.009619842336358264
2023-12-14,0.007538317308940945,0.003209163687273753,0.04914543063053567
2023-12-15,-0.0014965429299438338,-0.0016463951876762861,0.009758999874367902
2023-12-18,-0.0020435393827962223,0.005625020765432698,-0.005601570686174839
2023-12-19,0.0019112853628713289,0.006080946509705587,0.0203903496997484
2023-12-20,0.003270222513365617,-0.013857328835340188,-0.03918825045959673
2023-12-21,-0.00013573446694392644,0.009481946536269659,0.029780693649462897
2023-12-22,-0.0006676035742188002,0.0020097299447832118,-0.007701401626197146
2023-12-26,0.0009540960373104479,0.004222534756743723,0.01611622781987765
2023-12-27,0.006400878042893465,0.0018081670696932228,0.018822405072142834
2023-12-28,-0.002435688435514227,0.00037751426844923053,-0.03159428430420175
2023-12-29,-0.0023057748705468395,-0.002894854599408525,-0.018563856087399966
2024-01-02,-0.00421504768157599,-0.005596317344066182,-0.0002414583049958896
2024-01-03,0.0008193646761820439,-0.008166746606301456,-0.04013364984377277
2024-01-04,-0.0045020178785039056,-0.0032211423681619555,-0.0021807686270334248
2024-01-05,-0.0030150712315734074,0.0013698705710813996,-0.001849229589212631
2024-01-08,0.004398841807636833,0.014275713965423709,0.012463646412957496
2024-01-09,-0.0001367259054058101,-0.0015169956372050875,-0.02283214932024613
2024-01-10,-0.0017800828683730563,0.0056553985717209265,-0.004341182513256769
2024-01-11,0.005210949034220036,-0.000440607070651744,-0.028725319101363445
2024-01-12,0.0020461133881184423,0.0006926500295143523,-0.036660513098772496
2024-01-16,-0.0070789444393737355,-0.0036711092873069617,0.004659894354722027
2024-01-17,-0.002330432442388841,-0.0055587608851758175,-0.019826295019533036
2024-01-18,-0.0013742745049561966,0.008892944055935104,-0.017026203279914
2024-01-19,0.0,0.012466081998595113,0.0014630807600990448
2024-01-22,0.0016514679081993666,0.002114386856159056,-0.015976244642273096
2024-01-23,-0.002335693452638732,0.0029164783268964545,0.0016283349277841364
2024-01-24,-0.0020657850777651143,0.0010930682304626238,-0.006263735117226887
2024-01-25,0.004691669987178626,0.005438841931409755,-0.12125293136804816
2024-01-26,-0.0015107341120593754,-0.001270334286663788,0.0033948152034783963
2024-01-29,0.003988912417342894,0.007919372812505543,0.04190991910385411
2024-01-30,0.0017815619902592505,-0.0007734281174205382,0.0034567835721344142
2024-01-31,0.004239034677761877,-0.0163173886337441,-0.02244377647032403
2024-02-01,0.006037228016763985,0.013088180337325284,0.008382761388752824
2024-02-02,-0.00896030373251111,0.010527360933223484,-0.0050301649114266045
2024-02-05,-0.007945167654616836,-0.003641132568705019,-0.03645365318513305
2024-02-06,0.0046948210895148,0.002903190145455037,0.0223130928940527
2024-02-07,-0.00192387208817002,0.00834043320153155,0.01339813963135228
2024-02-08,-0.00261655967515817,0.0004416874150769967,0.010555473441792307
2024-02-09,-0.0008286677611987203,0.005779525577980893,0.021154303741671487
2024-02-12,0.00027633648545832834,-0.0004390181849750485,-0.028103539988478476
2024-02-13,-0.008702712761767706,-0.013772989470670738,-0.021846598116614713
2024-02-14,0.00376289268774177,0.009087666865085442,0.025486372853585015
2024-02-15,0.002776638783389629,0.006899667161367695,0.06221180550417671
2024-02-16,-0.0031843160518220115,-0.004979973893040612,-0.0024943876658132247
2024-02-20,0.0012497302324030457,-0.005505318738834419,-0.030957752117438453
2024-02-21,-0.0027744442612263054,0.0009058826872427872,0.00521268473502845
2024-02-22,0.0004175621951409969,0.020695360626808768,0.013554445406056326
2024-02-23,0.0036149664339448773,0.0006895960448953797,-0.027556873210526134
2024-02-26,-0.0018008572695017433,-0.0036625174973052843,0.03870392576202142
2024-02-27,-0.0015267739056799012,0.0018578726780009713,0.0016549741281637331
2024-02-28,0.002223789132274945,-0.0013217647956973444,0.01156560160219966
2024-02-29,0.001664690343084807,0.0035949682739748745,-0.0007918650199801869
2024-03-01,0.004193708421606379,0.00938839316210549,0.003764585340074067
2024-03-04,-0.0023509773688685787,-0.0010725214798540383,-0.07155546804023882
2024-03-05,0.00540536928356139,-0.0099940695152958,-0.03933237971984138
2024-03-06,0.0017921791817054888,0.00506719125229993,-0.02323786698783792
2024-03-07,0.0016515884957104543,0.009926452199480407,0.011951969472048907
2024-03-08,0.0009612480121512501,-0.006002270247929431,-0.018527834714126334
2024-03-11,-0.0004117634038742768,-0.0008598013825016348,0.013858834181150304
2024-03-12,-0.003020728026843056,0.010757350110865094,-0.0012938683737420131
2024-03-13,-0.0016524955499167548,-0.0015674687751836558,-0.04539820808488959
2024-03-14,-0.00593172155701327,-0.001976761069401922,-0.04118477639544138
2024-03-15,-0.0005554589094224349,-0.006866584964197897,0.006584660456730784
2024-03-18,-0.0012494671729480489,0.005943093761497487,0.06254200201423088
2024-03-19,0.0026413207736439848,0.005557089074327504,-0.014269250195585559
2024-03-20,0.0018026163352611313,0.009249342703349317,0.025332688257929448
2024-03-21,0.000830709847317479,0.003304671689740246,-0.016167575308454918
2024-03-22,0.0033188167910584987,-0.0018958134439868157,-0.01151490226146512
2024-03-25,-0.001929543918378962,-0.002762773618825154,0.010536808713131895
2024-03-26,0.0008283001043210003,-0.001847032185524733,0.029195349264770964
2024-03-27,0.0034498279731667303,0.008403986248242123,0.012157391142962881
2024-03-28,-0.0012376683275222566,-0.00019121868906291084,-0.022465709302040393
2024-04-01,-0.006821849053813667,-0.001739991469008717,-0.003242460249155976
2024-04-02,-0.0011125361294782588,-0.00635783725014627,-0.049024062767074494
2024-04-03,0.0006960230009471768,0.0010984144691581488,0.01050231020055925
2024-04-04,0.002086616669644936,-0.012206030849658323,0.016213301154368365
2024-04-05,-0.004996807965624295,0.010446673974453757,-0.036292482565110196
2024-04-08,-0.0008373689963261377,0.0005594351820528143,0.04899940648952894
2024-04-09,0.0036300198755392366,0.0011569132818938233,0.02254601255405486
2024-04-10,-0.011685826339214,-0.010012983638105433,-0.028946236061948905
2024-04-11,0.0,0.007546617719762727,0.01653476762638495
2024-04-12,0.0022522848353387914,-0.013803029362475683,-0.020332204625772565
2024-04-15,-0.006600935138298292,-0.012528106121352134,-0.05594859487563397
2024-04-16,-0.002545262157549355,-0.0018238497618979777,-0.027062145360474688
2024-04-17,0.0048196853118838145,-0.005918238137195275,-0.010565868854054306
2024-04-18,-0.0026802834027030986,-0.0020577059283769517,-0.03550983840996058
2024-04-19,0.00127299530202718,-0.008728272490450717,-0.0192088959161848
2024-04-22,0.00042348006716674824,0.009209133674185965,-0.03400203941675628
2024-04-23,0.0018357468813310351,0.011866574121826012,0.018514534090260826
2024-04-24,-0.0025372536472144658,-0.0004745284342694278,0.12061109407252757
2024-04-25,-0.0028257172593961766,-0.0037990219180447093,0.04965143743002587
2024-04-26,0.0022674024547750804,0.009473954297642972,-0.011105884774887609
2024-04-29,0.002968984268027608,0.0035413654559535157,0.1530691710339953
2024-04-30,-0.003806182610776254,-0.015841105249633447,-0.05550118063944742
2024-05-01,0.0036051656370716945,-0.00324715015108501,-0.017950640048260635
2024-05-02,0.003959499819688128,0.009353324390745765,0.0001110562423569661
2024-05-03,0.0050710738345416395,0.012395333312771761,0.006555235656792835
2024-05-06,0.0009814884901220289,0.01032673487815794,0.019703030064167848
2024-05-07,0.001960126659677819,0.001103544897574693,-0.03761635178001177
2024-05-08,-0.0023756789778044407,9.660297516567162e-05,-0.017378079862311324
2024-05-09,0.0026613232632153316,0.005761865398999255,-0.01573946875450305
2024-05-10,-0.0027939390581205314,0.001288289280531929,-0.02035238689978358
2024-05-13,0.0008406574445936066,0.00013436762911123168,0.020300339194899042
2024-05-14,0.0029393670107320524,0.004588221555147154,0.03292805679333921
2024-05-15,0.0064202541945983516,0.012382824564703743,-0.02005067585133169
2024-05-16,-0.0016638357395354353,-0.0020577577775837685,0.004885285464054867
2024-05-17,-0.0025007165154838917,0.0014376622942415818,0.014985188920464187
2024-05-20,-0.0009747407403657427,0.001152054091964505,-0.014144086952910362
2024-05-21,0.0020907516604671272,0.002452821732412014,0.06659050790792542
2024-05-22,-0.001251810734860359,-0.0028795139861687025,-0.03478030697150003
2024-05-23,-0.002924629423799785,-0.007304043730328114,-0.03536724832380789
2024-05-24,0.0011169343850392366,0.006616512787070317,0.03165649721483632
2024-05-28,-0.004743721443419502,0.0006985145909634838,-0.01389201861667555
2024-05-29,-0.0036448622490203864,-0.007002630615346339,-0.0031683030189180172
2024-05-30,0.004361838171339283,-0.0066336391600539946,0.014756744473008343
2024-05-31,0.0036421929467427283,0.009108154772724308,-0.003971091681523098
2024-06-03,0.005587005215722307,0.0008153593738040588,-0.0100517100545634
2024-06-04,0.0037589556498978105,0.0011178899444297397,-0.008622094682395387
2024-06-05,0.0027747207195945034,0.011885062660881296,0.0013159908560766986
2024-06-06,0.00013845470645157398,-1.8405780399799454e-05,0.01680001395089281
2024-06-07,-0.008022197084809557,-0.0012157417572239426,-0.0025851787543875737
2024-06-10,-0.0015339572536479107,0.0030896534756781335,-0.020791089307163446
2024-06-11,0.004049748731290048,0.002408338954078104,-0.018010183238054034
2024-06-12,0.004589893618179186,0.008213109386135509,0.03884911216309472
2024-06-13,0.00443023898998085,0.002013162262592072,0.029217711832219218
2024-06-14,0.0015160676257905958,0.0006086169154597698,-0.024442410719736185
2024-06-17,-0.003715840204472687,0.00795905911726269,0.052974598199923895
2024-06-18,0.00345305847849664,0.0025404907177681846,-0.013764414198944475
2024-06-20,-0.0019272127337116585,-0.0027165587345688857,-0.017797215597047833
2024-06-21,0.00027633468402510353,-0.0013406079179634212,0.00793075466503601
2024-06-24,0.000551380757833897,-0.0032507399076459054,-0.0023495584322592578
2024-06-25,0.0005510769046326303,0.0038512151289415986,0.026125557150967316
2024-06-26,-0.004682935397481547,0.0012478120857613018,0.04814512260377568
2024-06-27,0.001799062471962598,0.0015765763702069169,0.0053470646120412635
2024-06-28,-0.0046968605207444725,-0.003935065191992049,0.002330091774560339
2024-07-01,-0.005276289465554473,0.0020581385390028295,0.060541719385108106
2024-07-02,0.002939029786842795,0.00672966152911969,0.10197271435359379
2024-07-03,0.0057214762793214025,0.00446240640822082,0.06542422054051067
2024-07-05,0.004578809258898753,0.005766711601198793,0.02082067005771515
2024-07-08,0.0,0.001153871456714528,0.005645666924397386
2024-07-09,-0.00041436843240783006,0.0009725096949979584,0.03712336538398886
2024-07-10,0.0008289669301770886,0.00989528053077593,0.003545241645880992
2024-07-11,0.004970362191503819,-0.008622564638903096,-0.08444127539962887
2024-07-12,0.0026103103195938004,0.006307288783128584,0.029871787680814776
2024-07-15,-0.0031515397037061854,0.0027501766488369217,0.01776579679334911
2024-07-16,0.0038489829590839797,0.005930004252645782,0.015516142251486675
2024-07-17,0.0009583313653915848,-0.014020797861567513,-0.031415644041518975
2024-07-18,-0.00259912805910123,-0.0076850899114235816,0.002937608561525362
2024-07-19,-0.0026060137687548,-0.006640528727991368,-0.040243947162209914
2024-07-22,-0.00041254502788379277,0.010309968244979206,0.05146320115237035
2024-07-23,0.0001376094237826031,-0.00156861958772736,-0.020396762498772203
2024-07-24,-0.0028886095407821832,-0.022662647248933188,-0.12334604589403697
2024-07-25,0.002206919053766354,-0.005210194216618613,0.01972310939623889
2024-07-26,0.0039919672313681875,0.01119966931668226,-0.0020431189477511102
2024-07-29,0.0012341274000939872,0.0005875724524460058,0.055959976710561854
2024-07-30,0.0012323812993813021,-0.005066327451080932,-0.04084450985365373
2024-07-31,0.005470321274815726,0.01625473240430919,0.04244907202543402
2024-08-01,0.0037380738866092944,-0.0141609832922176,-0.06554059651757449
2024-08-02,0.011417848956805532,-0.018618256361918384,-0.042377581921705376
2024-08-05,-0.0009409936880141467,-0.029123806647390005,-0.04232673647438423
2024-08-06,-0.006187530376786099,0.009219426109186246,0.008849529684359148
2024-08-07,-0.002436185741902408,-0.006683865687295731,-0.044258397676563366
2024-08-08,-0.0014926319903385554,0.023117179036905133,0.036921162045623124
2024-08-09,0.0035331108988059245,0.004409693130006165,0.005833854775063374
2024-08-12,0.0017602251207862185,0.0005252879060695381,-0.012549972534179665
2024-08-13,0.003784856280820703,0.016445732363792986,0.05235706137163754
2024-08-14,0.0018850169433222153,0.0031548955749161056,-0.0310349655555765
2024-08-15,-0.004166812478692217,0.017140277998652476,0.06336276788880446
2024-08-16,0.0021598646860521153,0.002241993397156694,0.009246267550119258
2024-08-19,0.001211857501877578,0.009561430105987645,0.030538618603692225
2024-08-20,0.0029596750469975674,-0.0016261720245489553,-0.007273684933137958
2024-08-21,0.002145809637113194,0.00343645955089511,0.009814554993405888
2024-08-22,-0.004015065755714309,-0.007848402853028458,-0.056478704568676985
2024-08-23,0.004434464658888748,0.010625385922989672,0.04585589810206048
2024-08-26,-0.0010705610817858258,-0.0023838078459922363,-0.0322712435275504
2024-08-27,0.0,0.0013730706791585945,-0.018760845523390857
2024-08-28,-0.0006694065735396437,-0.005805185168784366,-0.01653843794670573
2024-08-29,-0.0014740101205705791,8.941710010823556e-05,0.002575935743848623
2024-08-30,-0.0020131907342459954,0.009545848743069074,0.03795812428442069
2024-09-03,0.004262423093718493,-0.02057892055604249,-0.016393416920415627
2024-09-04,0.004432362263687484,-0.00204671790647859,0.04183284569452206
2024-09-05,0.0024073010622840396,-0.002432293987318923,0.04904058305110959
2024-09-06,0.0012007599404617597,-0.01683009220076248,-0.0844593239607937
2024-09-09,0.0013322271501128302,0.011196022254911231,0.026289605928169646
2024-09-10,0.003326734101424922,0.004356030698381641,0.04577608406578748
2024-09-11,-0.0005308936475175718,0.010258734559868365,0.008666077418469476
2024-09-12,-0.0010610515133144816,0.008423348989226254,0.007364189890953776
2024-09-13,0.0021253329473231997,0.005222783247845975,0.0020886633855721204
2024-09-16,0.0026511130086961376,0.0014769268670506985,-0.015241628421408637
2024-09-17,-0.0013220515961633872,0.000408622523593305,0.004806404196833203
2024-09-18,-0.003044927676079112,-0.002965935955357324,-0.0029402649901351108
2024-09-19,0.0,0.017064492025055333,0.07359155565707187
2024-09-20,-0.00013255688023317003,-0.0017288215529849271,-0.02324531900421767
2024-09-23,-0.0006640646807237749,0.0024991241720191404,0.04931794333683115
2024-09-24,0.0011959154686811413,0.0028611588420435208,0.017080017089843746
2024-09-25,-0.003716506693894117,-0.0022054649913506585,0.010815214909361437
2024-09-26,0.0,0.0039645812385114,-0.01089404681602335
2024-09-27,0.002931184160774203,-0.0014502902539623719,0.024545630573566513
2024-09-30,-0.002258267909489242,0.004007197783506555,0.004492104223754234
2024-10-01,0.002951076145697895,-0.00895838840635721,-0.013798172234708361
2024-10-02,-0.0018639308787422593,0.0004220737216988901,-0.03488095932262847
2024-10-03,-0.0044020195662441974,-0.0018282874847113106,-0.03357160254966751
2024-10-04,-0.006564730129795304,0.00908742566416687,0.03914235030998814
2024-10-07,-0.0029667679187349583,-0.00904048416232972,-0.03698816351676526
2024-10-08,0.0014875777406058166,0.009457552416897164,0.015238957526229946
2024-10-09,-0.002701099038319499,0.006926483704299491,-0.014110416966225725
2024-10-10,-0.0004061575020376518,-0.0017499289570287457,-0.009458613360014412
2024-10-11,0.00013540408968859552,0.005988017478069985,-0.08782510719719305
2024-10-14,-0.0006774800344594434,0.008178456240884868,0.00624426350457119
2024-10-15,0.0039312758178216,-0.007769603150609483,0.0018707960177875016
2024-10-16,0.0013501296227735882,0.004346306574101622,0.008015641700267029
2024-10-17,-0.004854286358009996,8.589743781750592e-05,-0.001987992760882462
2024-10-18,0.0005420206618496071,0.003846548369420555,-0.0008601676940163117
2024-10-21,-0.006771202165585466,-0.001642173469649788,-0.008382378207102636
2024-10-22,0.0004090373960718985,-0.0005310729434451211,-0.004021041161846095
2024-10-23,-0.0024534427676626835,-0.009137471588891777,-0.019819274670942355
2024-10-24,0.001639503038429302,0.002162586827586299,0.21919035070290427
2024-10-25,-0.002046246366863569,-0.00034529733208077396,0.03343823359841336
2024-10-28,-0.0012300205099829986,0.0030914301936280086,-0.024815158866218545
2024-10-29,0.0008210978028617699,0.0016185941105824053,-0.01139012091242797
2024-10-30,-0.0009573098990873774,-0.0030255297407282278,-0.007590942139718337
2024-10-31,-0.00013690551647915772,-0.01960308836489222,-0.029897037679701755
2024-11-01,-0.003872204764719167,0.00422069834587524,-0.003482130697311625
2024-11-04,0.00399775908960609,-0.0021541105300423302,-0.024660613282231236
2024-11-05,0.0024716063815055644,0.012091814888343544,0.03541429020427711
2024-11-06,-0.00821807901819549,0.024865487816271736,0.14751032444224466
2024-11-07,0.00745771477960866,0.0077321681824567,0.02904379065700735
2024-11-08,0.0019186911794701889,0.004331712096133478,0.08187665372925301
2024-11-11,-0.001915016853524798,0.0009529899591387281,0.08959591143118995
2024-11-12,-0.006031888175848765,-0.0031063360412690866,-0.06145717075892854
2024-11-13,-0.00041365914352309296,0.0004856642941051259,0.005327407385385952
2024-11-14,-0.00027603613454041387,-0.006429998524105307,-0.05771559508909463
2024-11-15,0.00027611235152669167,-0.012808639480448747,0.030657525449785616
2024-11-18,0.0009661264708915596,0.0040973033512390344,0.056186046847983784
2024-11-19,0.00179160845980042,0.0036555804977529416,0.021432396454288627
2024-11-20,-0.0011007711872779158,0.00033861666072065866,-0.011473991967350106
2024-11-21,-0.0005509362339921609,0.005368458783025609,-0.006987644766217049
2024-11-22,0.0004134858557200971,0.00309939412825333,0.038040225983177356
2024-11-25,0.009229620264369576,0.003392105066349016,-0.039624464821427674
2024-11-26,-0.0017743567901262747,0.005221484926557496,-0.001063189566898104
2024-11-27,0.002735050055310051,-0.0030299843803049953,-0.015788061864523528
2024-11-29,0.00368196431617962,0.006211841057420342,0.03685898787510977
2024-12-02,0.0005857802667008638,0.0017925343116806935,0.034563659025395044
2024-12-03,-0.0023154189584084772,0.0004637390430815014,-0.01587830229999254
2024-12-04,0.003413222543655836,0.006209613761900323,0.018524782309774723
2024-12-05,0.00013591041489768863,-0.0016457394823613525,0.03229681165351517
2024-12-06,0.0027205897644426713,0.0018956945975732165,0.053397958017247005
2024-12-09,-0.002984693664798699,-0.005149673070058869,0.0014644862094215227
2024-12-10,-0.001088422166478531,-0.0031090940537520373,0.02873337295448497
2024-12-11,-0.002179656975629496,0.007730740341302056,0.05930322291934931
2024-12-12,-0.003959271895916494,-0.00515274218354822,-0.015702575706076027
2024-12-13,-0.003974677451022424,-0.00019861818637578743,0.04336284290396253
2024-12-16,0.0011011491108161575,0.004269953778850866,0.06141250567967771
2024-12-17,0.00013753393319038132,-0.004119889249361797,0.036369912179738284
2024-12-18,-0.007834020593457947,-0.02980346115350485,-0.0827949436951747
2024-12-19,-0.002770671886812126,-0.0003071527492615189,-0.008997322180141931
2024-12-20,0.0030558922215420115,0.012011013709321894,-0.034642491239586515
2024-12-23,-0.0031850326540336926,0.00598841886167123,0.022657123925894362
2024-12-24,0.0014354507336653555,0.011114783341427126,0.07357174228224572
2024-12-26,0.0006960496182499831,6.69015309611165e-05,-0.017629994630971146
2024-12-27,-0.002086135741905859,-0.010526788502584816,-0.04947922616674816
2024-12-30,0.003902432994880467,-0.011411586367528481,-0.03301209257078741
2024-12-31,-0.0016657620749561675,-0.0036380303829519622,-0.03251001941775111
2025-01-02,0.00041685507177957604,-0.002457018332623462,-0.06081615932376483
2025-01-03,-0.0012511648418644938,0.012503510745669022,0.08215567328200035
2025-01-06,-0.0009738859643384501,0.00576050990496646,0.0014861742226248698
2025-01-07,-0.00348285451197472,-0.01130414970707061,-0.040603340073111505
2025-01-08,0.0011181201514782746,0.0014611171355269903,0.0014707807875757872
2025-01-10,-0.005166768483601647,-0.015267533310024395,-0.0005064369418008585
2025-01-13,-0.0009825642936226453,0.0015504779606583252,0.021710512074366584
2025-01-14,0.0007025866448950868,0.0013759504239274634,-0.017232432245921525
2025-01-15,0.008003547371434605,0.018190030783588274,0.08038151439752794
2025-01-16,0.0019499604853079333,-0.0019229971694386672,-0.03362756026209679
2025-01-17,0.0002777514373468737,0.010039795288152353,0.030641323404759335
2025-01-21,0.002918941960017518,0.009153480443916395,-0.00569752092797482
2025-01-22,-0.0020787307686678247,0.005621435388493801,-0.021128638710367298
2025-01-23,-0.00152761530786083,0.005458161465926592,-0.006576523247056931
2025-01-24,0.0019472020618251928,-0.0029193667721001404,-0.014064741844588391
2025-01-27,0.00527492731348711,-0.01414515344593592,-0.023193450212053546
2025-01-28,-0.0005520782702037597,0.008592107276066407,0.0023668700890153715
2025-01-29,-0.0005529401792020439,-0.004482762232656312,-0.02258280870425211
2025-01-30,0.0013822236146250333,0.005367082266790391,0.028732954254456988
2025-01-31,-0.0013803157096555774,-0.005322013686878346,0.010792463618949588
2025-02-03,0.0009014211091022961,-0.0067295534034903515,-0.05170542044525339
2025-02-04,0.0013856555256355207,0.006708162080112823,0.022232065633156273
2025-02-05,0.0051195197703644,0.0040547333815506015,-0.035797094243459227
2025-02-06,-0.0011012193620340005,0.003475526445625654,-0.010180622383618276
2025-02-07,-0.0030319686853099714,-0.009153513951071335,-0.0339282217314959
2025-02-10,0.00027650206776663744,0.006791328320455037,-0.030114441341470455
2025-02-11,-0.0016585538130412525,0.0007606437523806076,-0.06338211812502892
2025-02-12,-0.005121535657519827,-0.0032215869710539025,0.0243835913717656
2025-02-13,0.0059829433505040885,0.010557397411396385,0.05773971683431944
2025-02-14,0.0031810326468495465,-4.917697295880874e-05,-0.0002809633725618932
2025-02-18,-0.0037221689096185173,0.002935999487638341,-0.004861766535893763
2025-02-19,0.0013835956337497901,0.0023548170755354203,0.018214714280444966
2025-02-20,0.0012439708892375556,-0.004160346116164559,-0.01708454543992588
2025-02-21,0.004416760551991361,-0.017104107843856187,-0.046839747148427646
2025-02-24,0.0013740095524694684,-0.004550510344039749,-0.021521578674915554
2025-02-25,0.006312741985502024,-0.004973079507837541,-0.0838955952220366
2025-02-26,0.0015000656443104887,0.0005049020314549235,-0.039630120487999076
2025-02-27,-0.0012256771316287995,-0.01596211835726624,-0.030433204805490277
2025-02-28,0.0042263855255497695,0.015605598316998925,0.03912040539724382
2025-03-03,0.002301331759109182,-0.01751987501654706,-0.02843203214376444
2025-03-04,-0.0028528072705494845,-0.011836867992038314,-0.04429996705409467
2025-03-05,-0.0035423445035095424,0.010747839611165988,0.025952056083059283
2025-03-06,-0.0008204038569169514,-0.017751050248379863,-0.056073068986891905
2025-03-07,-0.0010948430545879573,0.005604668443293992,-0.0029607088371812473
2025-03-10,0.004657689050413527,-0.026635514522396653,-0.1542620682219512
2025-03-11,-0.003817928916406088,-0.008313001919943996,0.037947369642955975
2025-03-12,-0.002052981621318062,0.0053067124815113775,0.0759389121683911
2025-03-13,0.0030175637175848813,-0.013330436330021067,-0.02986820819658198
2025-03-14,-0.0024615478333733787,0.0206557912275962,0.038640532386444715
2025-03-17,0.0013708278906416904,0.00771133679017999,-0.04788383640805238
2025-03-18,0.0010952926546072828,-0.010808597358321625,-0.05335909096824687
2025-03-19,0.003008156732678957,0.010891068511607482,0.046824389357219776
2025-03-20,0.000409082170352848,-0.0028919175507399197,0.0016958954271570903
2025-03-21,-0.000817829781124102,0.00033000177186570667,0.05269623506518384
2025-03-24,-0.004364491123545866,0.01790848775160092,0.11933580126800525
2025-03-25,0.0012332405073627317,0.002403713718828193,0.03502280788451673
2025-03-26,-0.0021892764370669004,-0.011938122033753884,-0.05580626179068926
2025-03-27,-0.00041143804352805624,-0.0026556270261320902,0.0039329829222258805
2025-03-28,0.005761294528885852,-0.020138428433983946,-0.03507493471452938
2025-03-31,0.0017731598931034487,0.006712800625198856,-0.016657121359109794
2025-04-01,0.0031417715551043113,0.0028243320979046693,0.035885119854736525
2025-04-02,-0.0008173188071842752,0.006328409324741324,0.05326685079977622
2025-04-03,0.00517880903390644,-0.0492808064931346,-0.05474611137253549
2025-04-04,0.0008132316283113727,-0.05854288397358964,-0.10419786826814681
2025-04-07,-0.012056036770479395,-0.0017811884523963872,-0.025644236634809525
2025-04-08,-0.005759268826689978,-0.015662815673295305,-0.048994783337158565
2025-04-09,0.0023445206260983564,0.10501957153372676,0.22689989839624536
2025-04-10,-0.007979997263963257,-0.0438192832644565,-0.07274069589492627
2025-04-11,-0.0011096427377936813,0.01784277787885369,-0.00035656236159631316
2025-04-14,0.005692876103903233,0.009701624027727895,0.00015856900364230597
2025-04-15,0.002485155663208838,-0.0028009069165995104,0.0069744183248166
2025-04-16,0.002754292211683884,-0.022228078391931083,-0.049427403598542585
2025-04-17,-0.0021974254124120796,0.0014267172797870487,-0.0007452201709629014
2025-04-21,-0.005505661812208573,-0.023802651133915886,-0.05746362595919796
2025-04-22,0.0017992875802732566,0.02601794197538787,0.04602198338770602
2025-04-23,0.0020723383108292026,0.01549536109982208,0.0536622440095611
2025-04-24,0.005652956064397419,0.021048912949868326,0.0349764859229853
2025-04-25,0.003290043460675962,0.007225311311978455,0.09803091011549903
2025-04-28,0.0024599047314834976,0.0003813851666460977,0.0032637046356942534
2025-04-29,0.002589946509347296,0.006299276475910887,0.021512501019458785
2025-04-30,-0.0006797184923061916,0.00039694175083582195,-0.03379788089732105
2025-05-01,-0.0027846124843604603,0.0070868680708551235,-0.005812356915055328
2025-05-02,-0.004927429831549035,0.014844136511218409,0.023848576584252656
2025-05-05,-0.001375623810303872,-0.005734215590911473,-0.024198258752220814
2025-05-06,0.0022040519424242344,-0.008358325676825262,-0.017519458684867262
2025-05-07,0.0019239349321595878,0.004205305572209772,0.003159597232260225
2025-05-08,-0.005349701622906267,0.006967983937040012,0.031134624811778533
2025-05-09,0.0008275590105124575,-0.00127433074633454,0.04718770485146129
2025-05-12,-0.0034450553922696914,0.03304754271395138,0.06745790403815088
2025-05-13,-0.0004146464530832006,0.006603966987809073,0.049280740626853614
2025-05-14,-0.0034581786023051286,0.0012779770394448775,0.04073991993646375
2025-05-15,0.0054134528779314905,0.004884285134641564,-0.013978329078298546
2025-05-16,0.0006902109946433921,0.006334148752651592,0.0208856061756566
2025-05-19,-0.00027589397280403105,0.001093715365680037,-0.022544186527114873
2025-05-20,-0.0017942451662659176,-0.0033622577257844677,0.005057180873010214
2025-05-21,-0.0062213690511763176,-0.016850568304607516,-0.026758222357769146
2025-05-22,0.00278241223977882,0.0003946018551170827,0.019185982671137136
2025-05-23,0.0015261688986016875,-0.0068258512570531504,-0.004984788190348977
2025-05-27,0.004709589813903348,0.02079068471986001,0.06939947711644767
2025-05-28,-0.0022056304820415873,-0.005785451740996206,-0.016506435862546853
2025-05-29,0.003592622304089632,0.003947442276660329,0.004286911755287504
2025-05-30,0.0019274880444446474,-0.0011185059286688004,-0.03339564619395741
2025-06-02,-0.0022060131415635453,0.005632921295571913,-0.01088145559849063
2025-06-03,-0.0011052259283086396,0.005702557269405606,0.004610541775392996
2025-06-04,0.0062244742173063194,-0.0002684085986693896,-0.03549540073392177
2025-06-05,-0.0019243348735357158,-0.0048327557623635276,-0.14259893789082123
2025-06-06,-0.005372122426600234,0.010269029902033378,0.036670186138995975
2025-06-09,0.0015233415503383974,0.0009012286833693928,0.04553761352840424
2025-06-10,0.0019359491136994311,0.005669614593777128,0.05674382827003055
2025-06-11,0.0031743581067948945,-0.002851975015019881,0.0010426457165473302
2025-06-12,0.0037142206909424047,0.0039742753822695764,-0.022424432461661592
2025-06-13,-0.003563671344896102,-0.011180162300879815,0.019429076154419578
2025-06-16,-0.001925611627795587,0.009514448178697288,0.011742668079331553
2025-06-17,0.00316976446226902,-0.008545170520861345,-0.03882963749794621
2025-06-18,0.0005495878799413045,-0.00015071307483049967,0.0180179597897272
2025-06-20,0.0006865530277238019,-0.002348577608368929,0.0003416111576173275
2025-06-23,0.0024696556776333534,0.009877485739587577,0.0823193093872907
2025-06-24,0.003011236970275055,0.011047288866202987,-0.023545920693855638
2025-06-25,0.0002731730429419432,0.000560282661534961,-0.037947582404945
2025-06-26,0.0028646651643184917,0.007823809728070064,-0.0054037218123500486
2025-06-27,-0.0023127090957995033,0.0049683222933454285,-0.006599526995335614
2025-06-30,0.003954253085828752,0.004781279687299023,-0.018446995428822777
2025-07-01,-0.0007492443978545094,-0.0003237141327537829,-0.05335897504131726
2025-07-02,-0.0010909016794127258,0.004533365492089381,0.04968242780731846
2025-07-03,-0.002456885481477933,0.007881299997254843,-0.0009503811144286889
2025-07-07,-0.0032841319587727513,-0.007451971921066947,-0.06789282780315342
2025-07-08,-0.0005490864502250004,-0.0005477352950125081,0.013165935514200422
2025-07-09,0.003983471207261058,0.00599675555837198,-0.0064806174796113725
2025-07-10,0.00013688323686755766,0.0028202579962521845,0.0472826483827995
2025-07-11,-0.004103987593259917,-0.003515605355253415,0.01174690904506881
2025-07-14,-0.00013753714643660597,0.0019083822163517006,0.010813001260769006
2025-07-15,-0.0030225392023921493,-0.004273310535627517,-0.01931207079538977
2025-07-16,0.0019294436545562732,0.0033432733845384366,0.03504091219258654
2025-07-17,0.0002749796974048646,0.006119538410830128,-0.007025863995037018
2025-07-18,0.0016499683447053215,-0.0007322363413652111,0.03205907804067243
2025-07-21,0.002882715400005731,0.0018960449732978724,-0.0035188948387289143
2025-07-22,0.0016425155288244397,0.0001431954391026835,0.0110201078413521
2025-07-23,-0.002049858675715832,0.008507476351847565,0.0013550095657464123
2025-07-24,-0.0012323115800034756,0.00033102965109055305,-0.08197020076301287
2025-07-25,0.002467772521663525,0.004224338152491125,0.03524405566934252
2025-07-28,-0.0016410596321612125,-0.0002511658677887274,0.030152499060024596
2025-07-29,0.0052053753848559925,-0.0026375650574512743,-0.013483166498468035
2025-07-30,-0.0025892098830366805,-0.0012593696215839056,-0.006724793213012448
2025-07-31,0.00013669621141865207,-0.003751164153554032,-0.03375758288237862
2025-08-01,0.008662330009350239,-0.01639041762130744,-0.01829559909125389
2025-08-04,0.0006795539837833875,0.015199664900845011,0.021907956170373222
2025-08-05,0.0004075197291679711,-0.005069926839315064,-0.0017461311772288823
2025-08-06,-0.0008142794440130219,0.007659857740445197,0.03624644466558724
2025-08-07,-0.0004076856945691709,-0.0008377338742812102,0.007377028928595486
2025-08-08,-0.0021746748459895437,0.007797554830949682,0.02290006868278205
2025-08-11,0.0006812347473741376,-0.0019774044951013092,0.02845443669493286
2025-08-12,0.00013604690399415809,0.010645980769615315,0.005338753399730889
2025-08-13,0.003674483185956756,0.0034232284065640606,-0.004283509772223915
2025-08-14,-0.0028476346579434653,9.29178689290655e-05,-0.011196942235471519
2025-08-15,-0.00135960312965977,-0.0023411979263346927,-0.014959143019665277
2025-08-18,-0.0010894638753635721,-0.00021771255650937515,0.013915797850586165
2025-08-19,0.0019083725439776877,-0.00542510102815319,-0.017454368181154756
2025-08-20,0.000680171499312765,-0.002657177257710863,-0.016428300696053943
2025-08-21,-0.0024472531421545485,-0.004011616774111215,-0.011701168929731831
2025-08-22,0.005042961003916435,0.015356734450693521,0.062166209505171155
2025-08-25,-0.00135612933364615,-0.0044010200352035955,0.019381771561470362
2025-08-26,0.0012222380529656185,0.004186968758527643,0.01462783391499567
2025-08-27,0.0009493978433487982,0.002278452752666471,-0.0058862207330171445
2025-08-28,0.0012194813236281465,0.0035415153417788225,-0.010354676927882056
2025-08-29,-0.0012179960002535184,-0.0059638290232071345,-0.03500206799409333
2025-09-02,-0.0021345462705949503,-0.0074102526816088865,-0.01350828116207925
2025-09-03,0.0032698960511734487,0.005419642546478309,0.014361219324440011
2025-09-04,0.0038023028695661765,0.00835741674721624,0.01328983953448204
2025-09-05,0.004734928301676655,-0.002896288899897903,0.036363092201525005
2025-09-08,0.0032314858667585877,0.0024566730815143156,-0.01265534855703887
2025-09-09,-0.0018791636904366138,0.00231188440026342,0.001645517708609212
2025-09-10,0.0017481097183680294,0.0028908050214451197,0.0023633378140295314
2025-09-11,0.0021478137984856094,0.008310100433307488,0.06043873744853956
2025-09-12,-0.0012056743410148174,-0.00033453660158855314,0.07356092584909457
2025-09-15,0.0018773359361903275,0.005323962798345239,0.03561147147692467
2025-09-16,0.0001339793648642562,-0.0013768848246955567,0.028241113869250656
2025-09-17,-0.0017399211646526025,-0.001242457061691904,0.01005642588937583
2025-09-18,-0.0025470698637215516,0.004672593154858351,-0.021157139806429193
2025-09-19,0.0004031903359351663,0.00495277480627232,0.022118270566640064
2025-09-22,-0.0018811836351274591,0.004731049353107419,0.019104804353584193
2025-09-23,0.0020192544632895437,-0.005443562937222368,-0.019253323313789705
2025-09-24,-0.0020151852913955492,-0.0031816645261014687,0.03977927016229388
2025-09-25,-0.0010767312465694845,-0.004613374905433676,-0.04381307961359793
2025-09-26,0.0,0.0057290340826092745,0.0401756741055197
2025-09-29,0.002560429860854363,0.0028104467833012237,0.00638055766924972
2025-09-30,-0.00040340154093054803,0.003766834755358328,0.0034069849388267404
2025-10-01,0.00252238276640826,0.0034074798459751143,0.033144428390707636
2025-10-02,0.0010765550113183142,0.001151824796685963,-0.051059922281332826
2025-10-03,-0.001209611415885381,-1.4805406382656372e-05,-0.014151406944344913
2025-10-06,-0.0022875652359222176,0.003586271966467658,0.054486690457546505
2025-10-07,0.0018882276952245647,-0.0037075138893177817,-0.044478772558432134
2025-10-08,0.0,0.005963055269571305,0.012930352007360923
2025-10-09,-0.0006733144785597833,-0.002896974724933221,-0.007180455170972544
2025-10-10,0.003906715714792508,-0.027027862178845674,-0.05062684914805626
2025-10-13,0.0016104985504041824,0.015344118135168339,0.054197209585187034
2025-10-14,0.0014737067423264971,-0.0012216462876413203,-0.015278742269702716
2025-10-15,-0.0006689762149356682,0.004439529909605389,0.013768529951932784
2025-10-16,0.0037483552717798574,-0.006810134562330372,-0.01470755828163206
2025-10-17,-0.0013336394464811274,0.005676205164253156,0.02462973191508744
2025-10-20,0.0013354204158253502,0.010400500262923273,0.018483519979771268
2025-10-21,0.0012003590632019279,-1.494287878323064e-05,-0.010794954856246153
2025-10-22,0.0,-0.005198916065879078,-0.008201547294971134
2025-10-23,-0.0019981651058381678,0.005929962705964353,0.022803402824313368
2025-10-24,0.0013348120208556136,0.008172554694480416,-0.03398817183887881
2025-10-27,0.000532941639497686,0.011797664492784632,0.043115401997602554
2025-10-28,0.000533179466017053,0.002655926209922388,0.017969970655449252
2025-10-29,-0.004926622606337916,0.0004804602529762114,0.0020845119924046696
2025-10-30,-0.0017399081502047498,-0.010998097614260183,-0.04639120107705208
2025-10-31,-0.00026791860523589506,0.0032801312668069293,0.03740057084027071
2025-11-03,-0.001156811246019962,0.0018767398754619968,0.02586735066967427
2025-11-04,0.0005384939600259209,-0.01185354736001909,-0.05147636612701911
2025-11-05,-0.0028265699678516887,0.0034653852011290454,0.040089130615176494
2025-11-06,0.003914568434873367,-0.010729363869237507,-0.03497306340156037
2025-11-07,-0.0005378350815422595,0.000984565078659072,-0.03675632866235745
2025-11-10,-0.0002691672722843208,0.01560437034633999,0.03657576451501576
2025-11-11,0.0028260193371492104,0.002289177027853917,-0.01260026442672324
2025-11-12,-0.00040245963383300776,0.0005563903663643455,-0.02051769508633805
2025-11-13,-0.002953432224006902,-0.01659390636118807,-0.06644220962287406
2025-11-14,-0.0014810378595361273,-0.0001637328001578009,0.005870832424868633
2025-11-17,0.0005391475090532616,-0.009316529838549359,0.011302107716671506
2025-11-18,0.0008087062961157354,-0.008397554120144202,-0.018756757252943457
2025-11-19,-0.00040407896905625407,0.003863270235832328,0.006828636098130891
2025-11-20,0.0014819413894915368,-0.015242227316648038,-0.02168365419886953
2025-11-21,0.0024213397961199146,0.009961138168965045,-0.010474950113494086
2025-11-24,0.0017444456747059967,0.014718606876234608,0.0682451678419993
2025-11-25,0.0022775394041505415,0.009405836039293458,0.0038776272725380423
2025-11-26,0.0010689918090562855,0.006903582418005261,0.017119677587676296
2025-11-28,-0.0016021923135206562,0.0054584342293309,0.008415835173881447
2025-12-01,-0.0039035012403956237,-0.004565560353440801,-6.973703038437584e-05
2025-12-02,0.0009424440520127142,0.001852367504067809,-0.0020923987153301793
2025-12-03,0.0014802322304077187,0.003462749080359595,0.04076973347810542
2025-12-04,-0.0018810618585305416,0.000731139787988333,0.017437455153354264
2025-12-05,-0.0012115405019760273,0.001899394752821859,0.0010340378456106247
2025-12-08,-0.0014824164394697803,-0.0030042091058060105,-0.033890139401614006
2025-12-09,-0.0006747782893840037,-0.000863028073573191,0.01271674558948499
2025-12-10,0.0029713445436527763,0.00663214455678518,0.014106967203253218
2025-12-11,0.0,0.0023270355362734474,-0.010100780674035192
2025-12-12,-0.0030971885139761124,-0.010752074615154483,0.027008830833098685
2025-12-15,0.001215795439448053,-0.001510898681416406,0.035624033484225714
2025-12-16,0.0018887191574030737,-0.002732285145230273,0.030653694218629735
2025-12-17,-0.0002693981889652086,-0.011003593983400228,-0.04617456293730249
2025-12-18,0.002122016915973468,0.00755126270975226,0.034477560704677446
2025-12-19,-0.0014835006054175759,0.009063506223587092,-0.00448927929345333
2025-12-22,-0.0002702423854232805,0.006229803850433591,0.01564837611861325
2025-12-23,-0.00013494817120607294,0.004570492347330646,-0.00648622625268469
2025-12-24,0.0024321194008205538,0.003517674396244841,-0.00032952397832164415
2025-12-26,0.0,-0.00010140966545213459,-0.021034181259704576
2025-12-29,0.0014827007272488757,-0.0035636535074947684,-0.03272372674735757
2025-12-30,-0.00040404942909622044,-0.0012212136133650242,-0.011335005235871831
2025-12-31,-0.002692802486049417,-0.0074088529688375315,-0.010364613980130777
2026-01-02,-0.00040488534426041944,0.0018329931020035772,-0.02590499391813139
2026-01-05,0.0018908587370776164,0.0066602071082446646,0.031045280151877908
2026-01-06,0.0,0.005947158299371091,-0.041424095947095174
2026-01-07,0.0010784067014064647,-0.003223412281198157,-0.0035799792672750463
2026-01-08,-0.0017506406030817212,-0.00010152731427326422,0.010175897854927118
2026-01-09,0.002158477574462081,0.006613382996888628,0.02113359850994656
2026-01-12,-0.0009423522017082409,0.00157043300066384,0.00887616368794375
2026-01-13,0.0008084475612510911,-0.0019995067653818532,-0.003920124914344347
2026-01-14,0.0020193296443669073,-0.004915252903138989,-0.017889087168218576
2026-01-15,-0.0014778157793172708,0.0027232975079871657,-0.0014344373071545347
2026-01-16,-0.0016148237796810294,-0.000837905189162047,-0.0024397640202233895
2026-01-20,-0.0036387337532638453,-0.02035680001149731,-0.041714285714285704
2026-01-21,0.0028406134608929268,0.0115411092816613,0.02907573629435012
2026-01-22,0.0004045030277057826,0.005223257672714476,0.041535283721378935
2026-01-23,0.001078656835930225,0.00036273518897367296,-0.0006675890216037983
2026-01-26,0.0012121291882170038,0.00507823176187272,-0.030864440001147186
2026-01-27,-0.0008070382582662239,0.003984165378470905,-0.009880556502607107
2026-01-28,-0.00040394945421928785,-0.0001006645803248718,0.0012995998294869082
2026-01-29,0.00013473904806549086,-0.001984377154833794,-0.03453389466363932
2026-01-30,-0.00040395381809466,-0.0029824841055743345,0.033248526466028494
2026-02-02,-0.001013635921033762,0.00497122273706152,-0.019980962408733927
2026-02-03,0.0002704516794045375,-0.008455385901172563,0.0003555958781265023
2026-02-04,-0.00040567238734434685,-0.004843853725993386,-0.03779974882085746
2026-02-05,0.004330009095770082,-0.012489284060324235,-0.02167438757390938
2026-02-06,0.00013476520495725453,0.01918478647681998,0.03499406912088299
2026-02-09,0.0002695982236715633,0.004821726716577324,0.015105500216312517
2026-02-10,0.0029629072865386963,-0.002637057770699447,0.018906316477488305
2026-02-11,-0.0020143801854823895,-0.00023112214366449724,0.00719643851293883
2026-02-12,0.00457501969355234,-0.01544885969788623,-0.02615168463063977
2026-02-13,0.002946636283351678,0.0007044991031190939,0.0008871295242764976
2026-02-17,-0.00013357735114460922,0.0016134830190519533,-0.016313715788533356
2026-02-18,-0.0010686583294591268,0.005037707550576753,0.0016803507615161806
2026-02-19,0.0004011109978827587,-0.002637344323549562,0.0009481282794785439
2026-02-20,-0.00013358118342188252,0.00723184928909637,0.00026721690370390405
2026-02-23,0.002138824374001258,-0.010211366038766267,-0.02911471161845125
2026-02-24,-0.0005335648919043701,0.00726847527019836,0.023885197787236967
2026-02-25,-0.0002668732880057867,0.008438306300538434,0.019590573349979934
2026-02-26,0.0014682464994872912,-0.005554445579207146,-0.021130827631028026
2026-02-27,0.0019996123799777,-0.004801940858611298,-0.014856275407819197
2026-03-02,-0.004029805071329107,0.0005685229860479257,0.0020123662491409178
2026-03-03,-0.0010719006640683704,-0.008814250912485666,-0.027000928420799375
2026-03-04,-0.0006704759180078401,0.007055355958297538,0.03442654745501761
2026-03-05,-0.0022816853919801483,-0.005575670491907769,-0.0009607691927178141
2026-03-06,-0.0013451275253665296,-0.013107129910862048,-0.021748186591348584
2026-03-09,0.0028286141150646316,0.00875996152231262,0.004915135319874642
2026-03-10,-0.003089242944503412,-0.0016070155764896787,0.0014046291985592152
2026-03-11,-0.004446325849866706,-0.0012551345486657706,0.02149087591352461
2026-03-12,-0.003653941923860149,-0.015184966271003186,-0.03141091003024221
2026-03-13,-0.0009508815857237618,-0.00566013575260893,-0.009645319015724074
2026-03-16,0.0038068321599102894,0.01017686501045656,0.011145156481373375
2026-03-17,0.0020318378320771657,0.002630544991105488,0.00937908655570907
2026-03-18,-0.004055123175056519,-0.013953644515257158,-0.016254640751756533
2026-03-19,0.0010856575434476934,-0.002464381043311259,-0.03177353995904619
2026-03-20,-0.007998929310907954,-0.014335696266852715,-0.03244805872728129
2026-03-23,0.0038267080715903568,0.010499991225476402,0.035031022251806876
2026-03-24,-0.0025867733677019666,-0.0033568144771775055,0.005724019012326664
2026-03-25,0.0038221120569410516,0.0055726882440485515,0.007623458833617036
2026-03-26,-0.005847199460874308,-0.017858729983344035,-0.03585963575004292
2026-03-27,0.0,-0.01705189415742525,-0.027626237359861583
2026-03-30,0.0050608934696312335,-0.0033433906874337227,-0.018102390725044493
2026-03-31,0.002177329948076956,0.029067865784757174,0.04635780589195071
2026-04-01,0.00040886017902774796,0.00753449141030349,0.025581734406523227
2026-04-02,0.0021792431405829316,0.0009004595313388819,-0.05421500524128142
2026-04-06,-0.0014950043703018112,0.004726845083763864,-0.021547988276388597
2026-04-07,0.0014972427547637057,0.0004400005646272298,-0.017487708462248674
2026-04-08,0.0019027043682351419,0.02546963651219092,-0.009808146419583275
2026-04-09,0.00040692573855305447,0.005769017699185586,0.006904574267115882
2026-04-10,-0.0014915582675680827,-0.0006617754265585418,0.009634908676839249
2026-04-13,0.0021728370134452835,0.009772447246481741,0.009944121218842028
2026-04-14,0.0024390116991805932,0.012184877209840739,0.03342602102735692
2026-04-15,-0.0013517558032015708,0.007890969227043909,0.07619439612820611
2026-04-16,-0.0014889336769083883,0.002457347646937613,-0.007781651270713175
2026-04-17,0.003931053574204091,0.012085686101644066,0.03013628543234881
2026-04-20,-0.0006749923675775094,-0.0019997351150194964,-0.02026857175416885
2026-04-21,-0.003107747025573371,-0.006546892848539487,-0.015490411649084379
2026-04-22,0.0010842528819985375,0.01012671209511895,0.0028207553957204645
2026-04-23,-0.0017600026453070683,-0.0038807408683984024,-0.03558619957523779
2026-04-24,0.0017631057160312213,0.007749309237231605,0.0069035282132037246
2026-04-27,-0.0016246178264373023,0.001722787837563633,0.0062982346841573555
2026-04-28,-0.00027121025074761107,-0.004865992267119479,-0.006998242057971282
2026-04-29,-0.004476495663052971,-0.00015450932498595193,-0.008563377785179571
2026-04-30,0.0014988749281328317,0.009949633527564838,0.02368566893502
2026-05-01,0.0013923491537286559,0.0027690952923506984,0.024080922159745333
2026-05-04,-0.0034078427861605753,-0.0036633921467564834,0.00432424750456617
2026-05-05,0.0017781713680591338,0.008022228723942426,-0.007999833304410453
2026-05-06,0.004232631807124854,0.013899399692774095,0.024038873016714035
2026-05-07,-0.002583286559551645,-0.0030660824190705815,0.03275398690529352
2026-05-08,0.0025899772128752385,0.00825609701116825,0.040214665764012114
2026-05-11,-0.0024472583764271194,0.002277563042387465,0.038870068073398656
2026-05-12,-0.002998501062464687,-0.0015149526145865622,-0.025955028748244402
2026-05-13,0.0004101067292558991,0.00559483781461112,0.027269526989873505
2026-05-14,-0.000273327274735613,0.0078943149045545,-0.004424284747029383
2026-05-15,-0.005740918904864389,-0.012029343756796207,-0.04750732717914996
2026-05-18,-0.0006872937579394112,-0.0007035093177317764,-0.029011937010514632
2026-05-19,-0.0033017212800902085,-0.0066607880874933745,-0.014341825466156255
2026-05-20,0.005520992269828939,0.010248994582563453,0.0325407064678751
2026-05-21,0.001098261747549678,0.0019830877010671433,0.0014139776735901943
2026-05-22,0.000959767338290396,0.003931549076803931,0.019528547428303344
2026-05-26,0.0028767509261566904,0.006638641352187502,0.017792977626126305
2026-05-27,0.0009560966163653095,-0.0001732421647460125,0.015613803526030035
2026-05-28,0.0019104711976802857,0.005516578600909927,0.003951359818862743
2026-05-29,0.0005448676511679018,0.0024914048034492264,-0.014272783242432974
2026-06-01,-0.0038115797079490976,0.0027231134609038143,-0.045687150397476395
2026-06-02,0.0002732226718751285,0.0013579397972762752,0.018899647156100485
2026-06-03,-0.001912559162903782,-0.00701718232049986,-9.43456559803213e-05
2026-06-04,0.0013687763711311973,0.0037786857621391334,-0.012390842220308285
2026-06-05,-0.004510662207273919,-0.025809371248925683,-0.06559926253138726
2026-06-08,-0.0002746408149043589,0.002264172608771542,0.04590795960877547
2026-06-09,0.0021975198367640836,-0.0029354505508077944,-0.03000371479396924
2026-06-10,-0.0008222367735588598,-0.015765562508027298,-0.038040729596927614
2026-06-11,0.005760498812770409,0.016996847886747934,0.046017971453959916
2026-06-12,-0.0012273002432365843,0.005408247901529384,0.018238754580025995
2026-06-15,0.0008192055733571291,0.01763396989375332,0.011613319158924273
2026-06-16,0.0015006823561944937,-0.005961562844234103,-0.015784969793794956
2026-06-17,-0.003677992545162101,-0.012487870885051433,-0.02046161890071707
2026-06-18,0.002734453740352194,0.010396992441959574,0.010368800900483421
2026-06-22,-0.002726996893496869,-0.003146979693962715,0.011386046267785943
2026-06-23,0.0010938024281554881,-0.014521954010491611,-0.05786940661108486
2026-06-24,0.0045069660382179855,-0.0004635170636431152,-0.0159324619523894
2026-06-25,0.0006798286856690705,0.0014456352254532678,-0.00109180002514353
2026-06-26,0.0009510303608954995,-0.007231373616869652,0.01223607484974698
2026-06-29,0.0005430186412500593,0.016474862380159383,0.08461722263269356
