Date,BND,SPY,TSLA
2015-01-02,59.4053955078125,169.68783569335938,14.620667457580566
2015-01-05,59.57790756225586,166.6233367919922,14.005999565124512
2015-01-06,59.750404357910156,165.05389404296875,14.085332870483398
2015-01-07,59.786354064941406,167.1107177734375,14.063332557678223
2015-01-08,59.69291305541992,170.0760955810547,14.041333198547363
2015-01-09,59.79352951049805,168.71315002441406,13.77733325958252
2015-01-12,59.872615814208984,167.39154052734375,13.480667114257812
2015-01-13,59.93011474609375,166.9207305908203,13.616666793823242
2015-01-14,60.0666618347168,165.9129180908203,12.845999717712402
2015-01-15,60.332603454589844,164.39309692382812,12.791333198547363
2015-01-16,60.152896881103516,166.54905700683594,12.871333122253418
2015-01-20,60.08818054199219,166.90419006347656,12.795332908630371
2015-01-21,59.97321319580078,167.74671936035156,13.104666709899902
2015-01-22,59.98762893676758,170.2412872314453,13.441332817077637
2015-01-23,60.181663513183594,169.30792236328125,13.419333457946777
2015-01-26,60.10981750488281,169.70436096191406,13.770000457763672
2015-01-27,60.14573669433594,167.4658660888672,13.732000350952148
2015-01-28,60.3613395690918,165.31822204589844,13.291333198547363
2015-01-29,60.29664611816406,166.84640502929688,13.680000305175781
2015-01-30,60.62731170654297,164.74830627441406,13.573332786560059
2015-02-02,60.55527877807617,166.78855895996094,14.062666893005371
2015-02-03,60.36799621582031,169.20045471191406,14.557332992553711
2015-02-04,60.38962936401367,168.5562286376953,14.569999694824219
2015-02-05,60.25993728637695,170.2578125,14.732666969299316
2015-02-06,59.87107467651367,169.78701782226562,14.490667343139648
2015-02-09,59.84946060180664,169.02706909179688,14.498666763305664
2015-02-10,59.7414436340332,170.82772827148438,14.419333457946777
2015-02-11,59.7414436340332,170.92681884765625,14.186667442321777
2015-02-12,59.77024841308594,172.57066345214844,13.525333404541016
2015-02-13,59.63343811035156,173.28099060058594,13.584667205810547
2015-02-17,59.395748138427734,173.55361938476562,13.623332977294922
2015-02-18,59.56134033203125,173.57008361816406,13.630666732788086
2015-02-19,59.510921478271484,173.4462432861328,14.11400032043457
2015-02-20,59.525367736816406,174.4870147705078,14.473999977111816
2015-02-23,59.64781951904297,174.46221923828125,13.822667121887207
2015-02-24,59.89268112182617,174.95787048339844,13.607333183288574
2015-02-25,59.95026779174805,174.80911254882812,13.583999633789062
2015-02-26,59.78466796875,174.6026611328125,13.812666893005371
2015-02-27,59.8350830078125,174.00790405273438,13.555999755859375
2015-03-02,59.64166259765625,175.1064910888672,13.155332565307617
2015-03-03,59.569496154785156,174.38790893554688,13.303999900817871
2015-03-04,59.569496154785156,173.6527099609375,13.496000289916992
2015-03-05,59.605567932128906,173.84268188476562,13.375332832336426
2015-03-06,59.259212493896484,171.39773559570312,12.925333023071289
2015-03-09,59.331363677978516,172.1080780029297,12.725333213806152
2015-03-10,59.562259674072266,169.3162078857422,12.687999725341797
2015-03-11,59.6271858215332,168.91961669921875,12.916000366210938
2015-03-12,59.67052459716797,171.06732177734375,12.73799991607666
2015-03-13,59.61281204223633,170.01828002929688,12.578666687011719
2015-03-16,59.72826385498047,172.28977966308594,13.046667098999023
2015-03-17,59.77873992919922,171.77764892578125,12.982000350952148
2015-03-18,60.14681625366211,173.84268188476562,13.380666732788086
2015-03-19,59.96638870239258,173.04965209960938,13.043333053588867
2015-03-20,60.125144958496094,174.57720947265625,13.20533275604248
2015-03-23,60.153987884521484,174.23703002929688,13.308667182922363
2015-03-24,60.255043029785156,173.25796508789062,13.447999954223633
2015-03-25,60.16122055053711,170.7191162109375,12.953332901000977
2015-03-26,59.96638870239258,170.3125457763672,12.694000244140625
2015-03-27,60.024139404296875,170.7024688720703,12.333333015441895
2015-03-30,60.0963020324707,172.7850799560547,12.704667091369629
2015-03-31,60.16122055053711,171.27499389648438,12.584667205810547
2015-04-01,60.400630950927734,170.6693115234375,12.505999565124512
2015-04-02,60.32109451293945,171.28329467773438,12.733332633972168
2015-04-06,60.3717155456543,172.43658447265625,13.539999961853027
2015-04-07,60.40787887573242,171.980224609375,13.550000190734863
2015-04-08,60.364471435546875,172.56105041503906,13.844667434692383
2015-04-09,60.23429870605469,173.3243408203125,14.005999565124512
2015-04-10,60.205326080322266,174.2701873779297,14.0600004196167
2015-04-13,60.219791412353516,173.4819793701172,13.985333442687988
2015-04-14,60.32829666137695,173.8138885498047,13.830666542053223
2015-04-15,60.38617706298828,174.59378051757812,13.85533332824707
2015-04-16,60.3717155456543,174.5440216064453,13.779999732971191
2015-04-17,60.47298812866211,172.53614807128906,13.78600025177002
2015-04-20,60.40787887573242,174.11253356933594,13.684666633605957
2015-04-21,60.33552169799805,173.9051971435547,13.96066665649414
2015-04-22,60.111305236816406,174.759765625,14.629332542419434
2015-04-23,60.22705841064453,175.19949340820312,14.573332786560059
2015-04-24,60.32109451293945,175.60604858398438,14.562000274658203
2015-04-27,60.27768325805664,174.87588500976562,15.436667442321777
2015-04-28,60.08964538574219,175.43174743652344,15.36533260345459
2015-04-29,59.90157699584961,174.70999145507812,15.49666690826416
2015-04-30,59.96665954589844,172.95924377441406,15.069999694824219
2015-05-01,59.784786224365234,174.83436584472656,15.0686674118042
2015-05-04,59.697845458984375,175.332275390625,15.36733341217041
2015-05-05,59.60359573364258,173.3243408203125,15.529999732971191
2015-05-06,59.43693542480469,172.6107940673828,15.362000465393066
2015-05-07,59.56012725830078,173.29945373535156,15.786666870117188
2015-05-08,59.71956253051758,175.5811767578125,15.77400016784668
2015-05-11,59.407928466796875,174.74314880371094,15.965999603271484
2015-05-12,59.33544921875,174.22047424316406,16.31599998474121
2015-05-13,59.306480407714844,174.25364685058594,16.211999893188477
2015-05-14,59.42240524291992,176.07064819335938,16.273332595825195
2015-05-15,59.661590576171875,176.26144409179688,16.589332580566406
2015-05-18,59.44419860839844,176.80909729003906,16.583332061767578
2015-05-19,59.31371307373047,176.75103759765625,16.47599983215332
2015-05-20,59.31371307373047,176.62655639648438,16.290000915527344
2015-05-21,59.50217819213867,177.14096069335938,16.374666213989258
2015-05-22,59.46589660644531,176.71783447265625,16.51533317565918
2015-05-26,59.61085510253906,174.81777954101562,16.497333526611328
2015-05-27,59.639854431152344,176.4772186279297,16.495332717895508
2015-05-28,59.6470832824707,176.27809143066406,16.76333236694336
2015-05-29,59.66879653930664,175.18289184570312,16.719999313354492
2015-06-01,59.469879150390625,175.53964233398438,16.6299991607666
2015-06-02,59.3028450012207,175.36544799804688,16.55666732788086
2015-06-03,59.04143524169922,175.83009338378906,16.599332809448242
2015-06-04,59.186676025390625,174.34490966796875,16.39466667175293
2015-06-05,58.954322814941406,174.0461883544922,16.609333038330078
2015-06-08,59.026947021484375,172.97589111328125,17.086000442504883
2015-06-09,58.85269546508789,172.9509735107422,17.066667556762695
2015-06-10,58.72917556762695,175.0252227783203,16.713333129882812
2015-06-11,59.00516891479492,175.5894317626953,16.76066780090332
2015-06-12,58.96159362792969,174.24533081054688,16.71266746520996
2015-06-15,58.9688606262207,173.49859619140625,16.691999435424805
2015-06-16,59.121368408203125,174.44444274902344,16.874666213989258
2015-06-17,59.14314651489258,174.7265167236328,17.360666275024414
2015-06-18,59.09959411621094,176.54360961914062,17.459333419799805
2015-06-19,59.26656723022461,175.7598876953125,17.500667572021484
2015-06-22,58.98336410522461,176.66026306152344,17.319332122802734
2015-06-23,58.84540939331055,176.78533935546875,17.844667434692383
2015-06-24,58.954322814941406,175.5014190673828,17.67799949645996
2015-06-25,58.87444305419922,174.9678497314453,17.91933250427246
2015-06-26,58.765541076660156,174.93450927734375,17.805999755859375
2015-06-29,59.06327438354492,171.2660369873047,17.468000411987305
2015-06-30,59.00516891479492,171.62457275390625,17.884000778198242
2015-07-01,58.86180877685547,173.00021362304688,17.94333267211914
2015-07-02,59.0073356628418,172.84182739257812,18.667999267578125
2015-07-06,59.21104431152344,172.34991455078125,18.648000717163086
2015-07-07,59.26926803588867,173.43374633789062,17.858667373657227
2015-07-08,59.43659973144531,170.5240478515625,16.997333526611328
2015-07-09,59.24020004272461,170.83245849609375,17.19466781616211
2015-07-10,58.96369552612305,172.9835205078125,17.27666664123535
2015-07-13,58.82542419433594,174.89280700683594,17.477333068847656
2015-07-14,58.9345817565918,175.65150451660156,17.709999084472656
2015-07-15,59.10192108154297,175.59315490722656,17.542667388916016
2015-07-16,59.10192108154297,177.00216674804688,17.778667449951172
2015-07-17,59.10920715332031,177.15220642089844,18.310667037963867
2015-07-20,59.02914810180664,177.24391174316406,18.817333221435547
2015-07-21,59.1382942199707,176.54364013671875,17.784666061401367
2015-07-22,59.16010665893555,176.22677612304688,17.857999801635742
2015-07-23,59.298362731933594,175.23460388183594,17.81333351135254
2015-07-24,59.334747314453125,173.4170684814453,17.694000244140625
2015-07-27,59.451175689697266,172.4082794189453,16.867332458496094
2015-07-28,59.34931564331055,174.5259552001953,17.654666900634766
2015-07-29,59.298362731933594,175.72659301757812,17.58799934387207
2015-07-30,59.32021713256836,175.7682647705078,17.785999298095703
2015-07-31,59.52392578125,175.5014190673828,17.74333381652832
2015-08-03,59.661712646484375,174.90945434570312,17.332666397094727
2015-08-04,59.45756912231445,174.567626953125,17.75200080871582
2015-08-05,59.36283493041992,175.14292907714844,18.0086669921875
2015-08-06,59.39923095703125,173.7088623046875,16.408666610717773
2015-08-07,59.52322006225586,173.37538146972656,16.167333602905273
2015-08-10,59.39923095703125,175.5598602294922,16.076000213623047
2015-08-11,59.62527847290039,173.9757080078125,15.824666976928711
2015-08-12,59.6033821105957,174.18409729003906,15.878000259399414
2015-08-13,59.479454040527344,173.96734619140625,16.167333602905273
2015-08-14,59.45756912231445,174.6009521484375,16.209999084472656
2015-08-17,59.56692123413086,175.5764617919922,16.999332427978516
2015-08-18,59.45756912231445,175.06788635253906,17.381332397460938
2015-08-19,59.66902160644531,173.6838836669922,17.016666412353516
2015-08-20,59.72004699707031,170.05711364746094,16.14533233642578
2015-08-21,59.81481170654297,164.93804931640625,15.38466739654541
2015-08-24,59.80023956298828,157.9929656982422,14.591333389282227
2015-08-25,59.6033821105957,156.13372802734375,14.66866683959961
2015-08-26,59.348209381103516,162.1282501220703,14.989333152770996
2015-08-27,59.428409576416016,166.13861083984375,16.19933319091797
2015-08-28,59.45756912231445,166.1468963623047,16.565332412719727
2015-08-31,59.37737274169922,164.80459594726562,16.604000091552734
2015-09-01,59.521995544433594,159.88555908203125,15.908666610717773
2015-09-02,59.47818374633789,162.9202880859375,16.512666702270508
2015-09-03,59.521995544433594,163.03709411621094,16.3713321685791
2015-09-04,59.66812515258789,160.56924438476562,16.1286678314209
2015-09-08,59.521995544433594,164.6044921875,16.544666290283203
2015-09-09,59.50746154785156,162.4034423828125,16.5939998626709
2015-09-10,59.383209228515625,163.2871856689453,16.565332412719727
2015-09-11,59.50746154785156,164.02920532226562,16.682666778564453
2015-09-14,59.521995544433594,163.4205780029297,16.87933349609375
2015-09-15,59.27363204956055,165.46328735351562,16.904666900634766
2015-09-16,59.23708724975586,166.8972625732422,17.483333587646484
2015-09-17,59.57318115234375,166.52206420898438,17.471332550048828
2015-09-18,59.74121856689453,163.80084228515625,17.374666213989258
2015-09-21,59.521995544433594,164.64735412597656,17.613332748413086
2015-09-22,59.631614685058594,162.51022338867188,17.395999908447266
2015-09-23,59.631614685058594,162.2504425048828,17.40399932861328
2015-09-24,59.65354919433594,161.66378784179688,17.541332244873047
2015-09-25,59.54396057128906,161.62185668945312,17.12733268737793
2015-09-28,59.69740676879883,157.5656280517578,16.562000274658203
2015-09-29,59.74121856689453,157.6577911376953,16.44333267211914
2015-09-30,59.85810089111328,160.5994110107422,16.559999465942383
2015-10-01,59.89030456542969,161.0184783935547,15.991999626159668
2015-10-02,60.11725997924805,163.42373657226562,16.504667282104492
2015-10-05,59.88300323486328,166.33180236816406,16.40999984741211
2015-10-06,59.96353530883789,165.76194763183594,16.097333908081055
2015-10-07,59.96353530883789,167.11964416503906,15.46399974822998
2015-10-08,59.86838912963867,168.628173828125,15.114666938781738
2015-10-09,59.86103820800781,168.72872924804688,14.712667465209961
2015-10-12,59.96353530883789,168.8879852294922,14.371999740600586
2015-10-13,60.00011444091797,167.82362365722656,14.616666793823242
2015-10-14,60.21975326538086,167.0189971923828,14.458666801452637
2015-10-15,60.10260772705078,169.58355712890625,14.753999710083008
2015-10-16,60.080623626708984,170.3545684814453,15.133999824523926
2015-10-19,60.080623626708984,170.43841552734375,15.206666946411133
2015-10-20,59.98548126220703,170.22048950195312,14.20199966430664
2015-10-21,60.09529495239258,169.16452026367188,14.005999565124512
2015-10-22,60.19776153564453,172.02230834960938,14.114666938781738
2015-10-23,60.0440673828125,173.90805053710938,13.939332962036133
2015-10-26,60.10995101928711,173.4805908203125,14.350666999816895
2015-10-27,60.12461853027344,173.1453399658203,14.023332595825195
2015-10-28,59.956180572509766,175.11476135253906,14.197333335876465
2015-10-29,59.74392318725586,175.0142059326172,14.108667373657227
2015-10-30,59.875694274902344,174.2599639892578,13.795332908630371
2015-11-02,59.757564544677734,176.32162475585938,14.252667427062988
2015-11-03,59.65485763549805,176.83287048339844,13.890000343322754
2015-11-04,59.69151306152344,176.29652404785156,15.442000389099121
2015-11-05,59.58151626586914,176.1205291748047,15.451333045959473
2015-11-06,59.34674835205078,176.02828979492188,15.490667343139648
2015-11-09,59.29540252685547,174.3856964111328,15.022000312805176
2015-11-10,59.361480712890625,174.78797912597656,14.433333396911621
2015-11-11,59.368804931640625,174.10079956054688,14.60533332824707
2015-11-12,59.37612533569336,171.67041015625,14.196000099182129
2015-11-13,59.48613357543945,169.74281311035156,13.812666893005371
2015-11-16,59.48613357543945,172.3240509033203,14.287332534790039
2015-11-17,59.55215835571289,172.19837951660156,14.266667366027832
2015-11-18,59.5228157043457,174.9304962158203,14.73799991607666
2015-11-19,59.60350036621094,174.77955627441406,14.786666870117188
2015-11-20,59.5888671875,175.41651916503906,14.667332649230957
2015-11-23,59.61085510253906,175.21542358398438,14.516667366027832
2015-11-24,59.63285827636719,175.45004272460938,14.550000190734863
2015-11-25,59.640220642089844,175.42491149902344,15.309332847595215
2015-11-27,59.66954803466797,175.6260528564453,15.440667152404785
2015-11-30,59.640220642089844,174.89691162109375,15.350666999816895
2015-12-01,59.86583709716797,176.56468200683594,15.812666893005371
2015-12-02,59.7923469543457,174.7628631591797,15.465999603271484
2015-12-03,59.32925033569336,172.3156280517578,15.513999938964844
2015-12-04,59.564449310302734,175.67628479003906,15.358667373657227
2015-12-07,59.66739273071289,174.61199951171875,15.408666610717773
2015-12-08,59.68210220336914,173.43869018554688,15.114666938781738
2015-12-09,59.66004943847656,172.08937072753906,14.968000411987305
2015-12-10,59.65272521972656,172.53358459472656,15.137999534606934
2015-12-11,59.81443405151367,169.18960571289062,14.468000411987305
2015-12-14,59.53508377075195,170.04446411132812,14.571999549865723
2015-12-15,59.46891784667969,171.82962036132812,14.739333152770996
2015-12-16,59.40275573730469,174.34376525878906,15.633999824523926
2015-12-17,59.52770233154297,171.6870880126953,15.559332847595215
2015-12-18,59.66004943847656,168.62850952148438,15.36400032043457
2015-12-21,59.593910217285156,170.0194854736328,15.503999710083008
2015-12-22,59.51300811767578,171.56236267089844,15.329999923706055
2015-12-23,59.52037811279297,173.68687438964844,15.313332557678223
2015-12-24,59.56462860107422,173.4001922607422,15.371333122253418
2015-12-28,59.56462860107422,173.00399780273438,15.263333320617676
2015-12-29,59.38034439086914,174.8502655029297,15.812666893005371
2015-12-30,59.417198181152344,173.61093139648438,15.87266731262207
2015-12-31,59.5351448059082,171.87425231933594,16.000667572021484
2016-01-04,59.50564956665039,169.47158813476562,14.894000053405762
2016-01-05,59.57940673828125,169.75816345214844,14.895333290100098
2016-01-06,59.84480667114258,167.6168670654297,14.602666854858398
2016-01-07,59.85212326049805,163.59542846679688,14.376667022705078
2016-01-08,59.92585372924805,161.7997283935547,14.066666603088379
2016-01-11,59.67521667480469,161.95993041992188,13.856666564941406
2016-01-12,59.83001708984375,163.2666778564453,13.998000144958496
2016-01-13,59.977455139160156,159.1946563720703,13.354000091552734
2016-01-14,59.903724670410156,161.80812072753906,13.745332717895508
2016-01-15,60.00693893432617,158.334716796875,13.666000366210938
2016-01-19,59.933250427246094,158.5455322265625,13.64799976348877
2016-01-20,59.999542236328125,156.5137176513672,13.24666690826416
2016-01-21,59.96271514892578,157.39056396484375,13.33133316040039
2016-01-22,59.94060516357422,160.6194305419922,13.50333309173584
2016-01-25,59.94060516357422,158.19143676757812,13.092000007629395
2016-01-26,60.029052734375,160.34963989257812,12.904000282287598
2016-01-27,60.029052734375,158.6045379638672,12.538000106811523
2016-01-28,60.07331848144531,159.43072509765625,12.646666526794434
2016-01-29,60.250244140625,163.31723022460938,12.74666690826416
2016-02-01,60.12754440307617,163.25819396972656,13.129332542419434
2016-02-02,60.334415435791016,160.31591796875,12.185333251953125
2016-02-03,60.37877655029297,161.27703857421875,11.565333366394043
2016-02-04,60.42311096191406,161.530029296875,11.688667297363281
2016-02-05,60.364009857177734,158.4528045654297,10.84000015258789
2016-02-08,60.622535705566406,156.31982421875,9.866000175476074
2016-02-09,60.61512756347656,156.32827758789062,9.883333206176758
2016-02-10,60.74075698852539,156.19337463378906,9.57800006866455
2016-02-11,60.77770233154297,154.16162109375,10.031332969665527
2016-02-12,60.578189849853516,157.33995056152344,10.06933307647705
2016-02-16,60.48957061767578,159.99562072753906,10.344667434692383
2016-02-17,60.47478485107422,162.6090545654297,11.245332717895508
2016-02-18,60.68164825439453,161.9429931640625,11.118000030517578
2016-02-19,60.600406646728516,161.86712646484375,11.10533332824707
2016-02-22,60.61512756347656,164.2108154296875,11.849332809448242
2016-02-23,60.6520881652832,162.136962890625,11.814000129699707
2016-02-24,60.69639205932617,162.87889099121094,11.933333396911621
2016-02-25,60.785091400146484,164.8516082763672,12.495332717895508
2016-02-26,60.72599792480469,164.47219848632812,12.689332962036133
2016-02-29,60.762908935546875,163.182373046875,12.795332908630371
2016-03-01,60.559329986572266,167.01824951171875,12.423333168029785
2016-03-02,60.52231979370117,167.76856994628906,12.555999755859375
2016-03-03,60.55194854736328,168.4261474609375,13.049332618713379
2016-03-04,60.52231979370117,168.97412109375,13.402667045593262
2016-03-07,60.50749588012695,169.10902404785156,13.685999870300293
2016-03-08,60.70741653442383,167.2626953125,13.506667137145996
2016-03-09,60.60374450683594,168.08892822265625,13.914667129516602
2016-03-10,60.574153900146484,168.22378540039062,13.678667068481445
2016-03-11,60.49271011352539,170.9384765625,13.833333015441895
2016-03-14,60.62601089477539,170.71926879882812,14.34333324432373
2016-03-15,60.56673812866211,170.4410400390625,14.555999755859375
2016-03-16,60.80361557006836,171.42747497558594,14.795332908630371
2016-03-17,60.93687057495117,172.5149688720703,15.092000007629395
2016-03-18,60.988704681396484,173.19293212890625,15.515999794006348
2016-03-21,60.87765121459961,173.4386444091797,15.887999534606934
2016-03-22,60.862850189208984,173.34542846679688,15.616000175476074
2016-03-23,60.9961051940918,172.20147705078125,14.838666915893555
2016-03-24,60.922080993652344,172.12518310546875,15.183333396911621
2016-03-28,60.9516716003418,172.22686767578125,15.350666999816895
2016-03-29,61.203338623046875,173.8199920654297,15.342000007629395
2016-03-30,61.181156158447266,174.5826873779297,15.12600040435791
2016-03-31,61.29960250854492,174.15895080566406,15.317999839782715
2016-04-01,61.36855697631836,175.3453369140625,15.839332580566406
2016-04-04,61.36855697631836,174.7775421142578,16.465999603271484
2016-04-05,61.479820251464844,173.03196716308594,17.031333923339844
2016-04-06,61.450164794921875,174.921630859375,17.69466781616211
2016-04-07,61.650455474853516,172.82850646972656,17.14666748046875
2016-04-08,61.5985107421875,173.29458618164062,16.67133331298828
2016-04-11,61.591148376464844,172.88780212402344,16.661333084106445
2016-04-12,61.49471664428711,174.4979705810547,16.521333694458008
2016-04-13,61.531795501708984,176.26052856445312,16.968666076660156
2016-04-14,61.479820251464844,176.26901245117188,16.790666580200195
2016-04-15,61.62077713012695,176.07408142089844,16.96733283996582
2016-04-18,61.5985107421875,177.3113250732422,16.92533302307129
2016-04-19,61.6356315612793,177.87063598632812,16.4913330078125
2016-04-20,61.465003967285156,178.04010009765625,16.6646671295166
2016-04-21,61.3908576965332,177.08250427246094,16.55266761779785
2016-04-22,61.36855697631836,177.08250427246094,16.916667938232422
2016-04-25,61.29436492919922,176.77745056152344,16.788000106811523
2016-04-26,61.20539093017578,177.04017639160156,16.916000366210938
2016-04-27,61.3908576965332,177.4044952392578,16.764667510986328
2016-04-28,61.50209426879883,175.79446411132812,16.513999938964844
2016-04-29,61.546653747558594,174.84536743164062,16.05066680908203
2016-05-02,61.43805694580078,176.2350616455078,16.1200008392334
2016-05-03,61.609004974365234,174.7012939453125,15.48799991607666
2016-05-04,61.63134002685547,173.72679138183594,14.837332725524902
2016-05-05,61.74281692504883,173.69290161132812,14.10200023651123
2016-05-06,61.713130950927734,174.32843017578125,14.328666687011719
2016-05-09,61.7577018737793,174.47250366210938,13.928000450134277
2016-05-10,61.7577018737793,176.64183044433594,13.912667274475098
2016-05-11,61.77255630493164,174.98941040039062,13.93066692352295
2016-05-12,61.78000259399414,175.04025268554688,13.8186674118042
2016-05-13,61.84687042236328,173.51492309570312,13.840666770935059
2016-05-16,61.713130950927734,175.22669982910156,13.88599967956543
2016-05-17,61.668548583984375,173.5912322998047,13.644000053405762
2016-05-18,61.378631591796875,173.64202880859375,14.07800006866455
2016-05-19,61.445533752441406,173.04037475585938,14.347332954406738
2016-05-20,61.445533752441406,174.13356018066406,14.685333251953125
2016-05-23,61.460384368896484,173.89625549316406,14.414667129516602
2016-05-24,61.4306526184082,176.15032958984375,14.52733325958252
2016-05-25,61.40835952758789,177.34519958496094,14.638667106628418
2016-05-26,61.51244354248047,177.3960723876953,15.008000373840332
2016-05-27,61.49009704589844,178.15872192382812,14.869333267211914
2016-05-31,61.54218292236328,177.8197479248047,14.881999969482422
2016-06-01,61.56377410888672,178.1841583251953,14.637332916259766
2016-06-02,61.68290328979492,178.72650146484375,14.597332954406738
2016-06-03,62.07020568847656,178.19259643554688,14.599332809448242
2016-06-06,61.97334289550781,179.09933471679688,14.711999893188477
2016-06-07,61.980804443359375,179.37893676757812,15.489333152770996
2016-06-08,62.05533218383789,179.96371459960938,15.701333045959473
2016-06-09,62.1148681640625,179.71792602539062,15.290666580200195
2016-06-10,62.17445755004883,178.0146484375,14.586000442504883
2016-06-13,62.1893424987793,176.64183044433594,14.524666786193848
2016-06-14,62.181922912597656,176.29440307617188,14.330666542053223
2016-06-15,62.32344055175781,176.04869079589844,14.513333320617676
2016-06-16,62.39044189453125,176.5740509033203,14.528667449951172
2016-06-17,62.30110549926758,175.91644287109375,14.364666938781738
2016-06-20,62.159542083740234,177.04937744140625,14.646666526794434
2016-06-21,62.0776481628418,177.55191040039062,14.640666961669922
2016-06-22,62.10000228881836,177.26234436035156,13.11066722869873
2016-06-23,61.98823928833008,179.57069396972656,13.09333324432373
2016-06-24,62.338356018066406,173.1225128173828,12.876667022705078
2016-06-27,62.65114212036133,170.0218963623047,13.236666679382324
2016-06-28,62.725624084472656,173.0884246826172,13.452667236328125
2016-06-29,62.70326614379883,176.0357208251953,14.012666702270508
2016-06-30,62.78517150878906,178.43785095214844,14.152000427246094
2016-07-01,62.95981979370117,178.8125762939453,14.433333396911621
2016-07-05,63.17619705200195,177.52638244628906,14.26533317565918
2016-07-06,63.28816604614258,178.59115600585938,14.295999526977539
2016-07-07,63.183658599853516,178.48040771484375,14.395999908447266
2016-07-08,63.34783172607422,181.13803100585938,14.45199966430664
2016-07-11,63.161285400390625,181.77691650390625,14.985333442687988
2016-07-12,62.907588958740234,183.09727478027344,14.976667404174805
2016-07-13,63.01948165893555,183.07167053222656,14.835332870483398
2016-07-14,62.92250061035156,184.09385681152344,14.768667221069336
2016-07-15,62.72100067138672,183.8468780517578,14.69333267211914
2016-07-18,62.74335479736328,184.3408966064453,15.083333015441895
2016-07-19,62.840415954589844,184.15350341796875,15.017333030700684
2016-07-20,62.77325439453125,184.92013549804688,15.223999977111816
2016-07-21,62.84785461425781,184.2216339111328,14.699999809265137
2016-07-22,62.85536193847656,185.0479278564453,14.817999839782715
2016-07-25,62.81801223754883,184.54530334472656,15.333999633789062
2016-07-26,62.810550689697266,184.63046264648438,15.300666809082031
2016-07-27,62.99708557128906,184.4346160888672,15.232666969299316
2016-07-28,62.95981979370117,184.6475830078125,15.37399959564209
2016-07-29,63.161285400390625,184.9457244873047,15.652667045593262
2016-08-01,62.96317672729492,184.79237365722656,15.333999633789062
2016-08-02,62.90336990356445,183.60836791992188,15.146666526794434
2016-08-03,62.90336990356445,184.14495849609375,15.052666664123535
2016-08-04,63.015506744384766,184.3408966064453,15.37399959564209
2016-08-05,62.80613708496094,185.84860229492188,15.335332870483398
2016-08-08,62.8135986328125,185.7378692626953,15.077333450317383
2016-08-09,62.99311065673828,185.84860229492188,15.272000312805176
2016-08-10,63.075279235839844,185.388671875,15.043333053588867
2016-08-11,62.91079330444336,186.24891662597656,14.994000434875488
2016-08-12,63.05286407470703,186.08712768554688,15.040666580200195
2016-08-15,62.94818115234375,186.62374877929688,15.03933334350586
2016-08-16,62.91829299926758,185.6612091064453,14.907333374023438
2016-08-17,63.015506744384766,186.0104217529297,14.88266658782959
2016-08-18,63.082786560058594,186.4278564453125,14.900667190551758
2016-08-19,62.955657958984375,186.1552276611328,15.0
2016-08-22,63.04541778564453,186.14674377441406,14.862000465393066
2016-08-23,63.075279235839844,186.5215301513672,14.989333152770996
2016-08-24,63.06782531738281,185.56752014160156,14.841333389282227
2016-08-25,63.00054168701172,185.4397430419922,14.730667114257812
2016-08-26,62.84351348876953,185.0904998779297,14.666000366210938
2016-08-29,63.06033706665039,186.001953125,14.346667289733887
2016-08-30,63.00800323486328,185.6952667236328,14.089332580566406
2016-08-31,62.96317672729492,185.16714477539062,14.133999824523926
2016-09-01,63.050106048583984,185.1756134033203,13.38466739654541
2016-09-02,62.96015548706055,186.0104217529297,13.185333251953125
2016-09-06,63.14751052856445,186.5726776123047,13.522000312805176
2016-09-07,63.15497589111328,186.5555877685547,13.447333335876465
2016-09-08,62.91521453857422,186.12966918945312,13.157333374023438
2016-09-09,62.63804626464844,181.67474365234375,12.964667320251465
2016-09-12,62.66050720214844,184.28125,13.220000267028809
2016-09-13,62.48067092895508,181.63211059570312,13.069999694824219
2016-09-14,62.56308364868164,181.56399536132812,13.093999862670898
2016-09-15,62.61552429199219,183.3783416748047,13.361332893371582
2016-09-16,62.667930603027344,182.66952514648438,13.69333267211914
2016-09-19,62.622989654541016,182.70372009277344,13.755999565124512
2016-09-20,62.63804626464844,182.71229553222656,13.642666816711426
2016-09-21,62.817813873291016,184.7669677734375,13.6813325881958
2016-09-22,62.945152282714844,185.93128967285156,13.76200008392334
2016-09-23,62.93018341064453,184.9125213623047,13.829999923706055
2016-09-26,63.035057067871094,183.414306640625,13.932666778564453
2016-09-27,63.1099967956543,184.55294799804688,13.720666885375977
2016-09-28,63.1099967956543,185.46896362304688,13.751333236694336
2016-09-29,63.11751174926758,183.79095458984375,13.380000114440918
2016-09-30,63.035057067871094,185.1779022216797,13.60200023651123
2016-10-03,62.968292236328125,184.73272705078125,14.24666690826416
2016-10-04,62.75813293457031,183.79095458984375,14.093999862670898
2016-10-05,62.653045654296875,184.60430908203125,13.897333145141602
2016-10-06,62.630523681640625,184.73272705078125,13.399999618530273
2016-10-07,62.68305587768555,184.0991973876953,13.107333183288574
2016-10-10,62.61546325683594,185.0580596923828,13.396666526794434
2016-10-11,62.51791000366211,182.72088623046875,13.34000015258789
2016-10-12,62.555423736572266,182.96055603027344,13.434000015258789
2016-10-13,62.630523681640625,182.36126708984375,13.349332809448242
2016-10-14,62.502899169921875,182.4554443359375,13.100666999816895
2016-10-17,62.638023376464844,181.82191467285156,12.93066692352295
2016-10-18,62.72055435180664,182.96055603027344,13.273332595825195
2016-10-19,62.76559829711914,183.4485321044922,13.570667266845703
2016-10-20,62.72806930541992,183.10606384277344,13.273332595825195
2016-10-21,62.7806282043457,183.1916961669922,13.339332580566406
2016-10-24,62.69052505493164,183.9707489013672,13.517333030700684
2016-10-25,62.69052505493164,183.35430908203125,13.489333152770996
2016-10-26,62.577938079833984,182.98619079589844,13.482666969299316
2016-10-27,62.405269622802734,182.49827575683594,13.600666999816895
2016-10-28,62.375274658203125,181.9589385986328,13.33133316040039
2016-10-31,62.44285583496094,181.96742248535156,13.182000160217285
2016-11-01,62.42253112792969,180.64901733398438,12.719332695007324
2016-11-02,62.482704162597656,179.56179809570312,12.534667015075684
2016-11-03,62.44509506225586,178.73992919921875,12.494667053222656
2016-11-04,62.55790710449219,178.54299926757812,12.704000473022461
2016-11-07,62.47515869140625,182.4811248779297,12.880666732788086
2016-11-08,62.362396240234375,183.302978515625,12.996000289916992
2016-11-09,61.74565124511719,185.24642944335938,12.670666694641113
2016-11-10,61.48242950439453,185.70870971679688,12.356666564941406
2016-11-11,61.369606018066406,185.2806396484375,12.570667266845703
2016-11-14,61.136474609375,185.42617797851562,12.096667289733887
2016-11-15,61.21916580200195,186.87301635742188,12.251333236694336
2016-11-16,61.34707260131836,186.52203369140625,12.26200008392334
2016-11-17,61.098838806152344,187.4808807373047,12.577333450317383
2016-11-18,60.948490142822266,187.0613555908203,12.334667205810547
2016-11-21,60.94093704223633,188.47390747070312,12.3013334274292
2016-11-22,60.9935417175293,188.84207153320312,12.744667053222656
2016-11-23,60.835655212402344,188.94479370117188,12.87600040435791
2016-11-25,60.85819625854492,189.64682006835938,13.109999656677246
2016-11-28,61.00111770629883,188.7564697265625,13.074666976928711
2016-11-29,61.04621887207031,189.1246337890625,12.637999534606934
2016-11-30,60.835655212402344,188.6708526611328,12.626667022705078
2016-12-01,60.60957717895508,187.97740173339844,12.125332832336426
2016-12-02,60.828086853027344,188.07159423828125,12.097999572753906
2016-12-05,60.9034538269043,189.20166015625,12.453332901000977
2016-12-06,60.89591979980469,189.8009490966797,12.390000343322754
2016-12-07,61.03908920288086,192.28366088867188,12.876667022705078
2016-12-08,60.91853713989258,192.7545166015625,12.81933307647705
2016-12-09,60.737667083740234,193.91883850097656,12.812000274658203
2016-12-12,60.66988754272461,193.6962432861328,12.828666687011719
2016-12-13,60.737667083740234,194.9889678955078,13.210000038146973
2016-12-14,60.42871856689453,193.37945556640625,13.246000289916992
2016-12-15,60.33827590942383,194.17564392089844,13.17199993133545
2016-12-16,60.39102554321289,193.79586791992188,13.499333381652832
2016-12-19,60.54929733276367,194.21788024902344,13.51533317565918
2016-12-20,60.556819915771484,194.9671173095703,13.919333457946777
2016-12-21,60.64727783203125,194.42453002929688,13.846667289733887
2016-12-22,60.605709075927734,194.0887451171875,13.896666526794434
2016-12-23,60.635921478271484,194.37290954589844,14.22266674041748
2016-12-27,60.59058380126953,194.8551788330078,14.635333061218262
2016-12-28,60.74171447753906,193.2447509765625,14.649333000183105
2016-12-29,60.90788269042969,193.20172119140625,14.312000274658203
2016-12-30,61.03632736206055,192.49559020996094,14.246000289916992
2017-01-03,61.043888092041016,193.96810913085938,14.465999603271484
2017-01-04,61.08919906616211,195.12208557128906,15.13266658782959
2017-01-05,61.398983001708984,194.9671173095703,15.116666793823242
2017-01-06,61.15721893310547,195.66468811035156,15.267333030700684
2017-01-09,61.30832290649414,195.01878356933594,15.41866683959961
2017-01-10,61.293174743652344,195.01878356933594,15.324666976928711
2017-01-11,61.32341766357422,195.5699462890625,15.315333366394043
2017-01-12,61.33852005004883,195.0790252685547,15.305999755859375
2017-01-13,61.24030303955078,195.52684020996094,15.850000381469727
2017-01-17,61.429229736328125,194.837890625,15.70533275604248
2017-01-18,61.111900329589844,195.26846313476562,15.890666961669922
2017-01-19,61.00612258911133,194.5450897216797,16.250667572021484
2017-01-20,61.051414489746094,195.25985717773438,16.315332412719727
2017-01-23,61.2176513671875,194.75181579589844,16.594667434692383
2017-01-24,61.127017974853516,196.00045776367188,16.974000930786133
2017-01-25,60.9456787109375,197.69703674316406,16.96466636657715
2017-01-26,60.96835708618164,197.49032592773438,16.833999633789062
2017-01-27,61.03632736206055,197.1802520751953,16.863332748413086
2017-01-30,61.02123260498047,195.95745849609375,16.708667755126953
2017-01-31,61.14964294433594,195.94020080566406,16.795333862304688
2017-02-01,61.04215621948242,196.0177001953125,16.615999221801758
2017-02-02,61.079994201660156,196.14688110351562,16.770000457763672
2017-02-03,61.09516906738281,197.49887084960938,16.755332946777344
2017-02-06,61.284427642822266,197.14581298828125,17.184667587280273
2017-02-07,61.3828239440918,197.1544189453125,17.165332794189453
2017-02-08,61.549373626708984,197.4127960205078,17.472000122070312
2017-02-09,61.3828239440918,198.58396911621094,17.946666717529297
2017-02-10,61.367671966552734,199.36761474609375,17.948667526245117
2017-02-13,61.2995491027832,200.4526824951172,18.706666946411133
2017-02-14,61.170894622802734,201.25360107421875,18.73200035095215
2017-02-15,61.072444915771484,202.30422973632812,18.650667190551758
2017-02-16,61.18598175048828,202.1319580078125,17.93000030517578
2017-02-17,61.32984924316406,202.45062255859375,18.148666381835938
2017-02-21,61.3222541809082,203.65621948242188,18.492666244506836
2017-02-22,61.360145568847656,203.475341796875,18.233999252319336
2017-02-23,61.47368240356445,203.61314392089844,17.06599998474121
2017-02-24,61.70079040527344,203.8715362548828,17.133333206176758
2017-02-27,61.57210159301758,204.19012451171875,16.415332794189453
2017-02-28,61.52668380737305,203.63909912109375,16.666000366210938
2017-03-01,61.274837493896484,206.48947143554688,16.667999267578125
2017-03-02,61.161041259765625,205.18902587890625,16.698667526245117
2017-03-03,61.20657730102539,205.31826782226562,16.771333694458008
2017-03-06,61.168601989746094,204.70684814453125,16.747333526611328
2017-03-07,61.05488967895508,204.09536743164062,16.57266616821289
2017-03-08,60.91074752807617,203.7165069580078,16.45800018310547
2017-03-09,60.72113800048828,203.974853515625,16.32666778564453
2017-03-10,60.84250259399414,204.68960571289062,16.246000289916992
2017-03-13,60.72113800048828,204.79290771484375,16.411333084106445
2017-03-14,60.71357345581055,204.0093231201172,17.200000762939453
2017-03-15,61.092803955078125,205.77468872070312,17.048667907714844
2017-03-16,61.001800537109375,205.3699188232422,17.469999313354492
2017-03-17,61.123111724853516,205.00927734375,17.433332443237305
2017-03-20,61.2445182800293,204.78436279296875,17.461332321166992
2017-03-21,61.38859558105469,202.1550750732422,16.711999893188477
2017-03-22,61.47207260131836,202.63079833984375,17.000667572021484
2017-03-23,61.44169998168945,202.41456604003906,16.985332489013672
2017-03-24,61.42654037475586,202.2675323486328,17.54400062561035
2017-03-27,61.555458068847656,202.0598907470703,18.014667510986328
2017-03-28,61.44169998168945,203.5302734375,18.496667861938477
2017-03-29,61.56309127807617,203.7205810546875,18.492000579833984
2017-03-30,61.4644889831543,204.3692169189453,18.527999877929688
2017-03-31,61.502410888671875,203.8935546875,18.553333282470703
2017-04-03,61.72592544555664,203.53890991210938,19.90133285522461
2017-04-04,61.65748977661133,203.66860961914062,20.246667861938477
2017-04-05,61.71066665649414,203.06324768066406,19.666667938232422
2017-04-06,61.7335090637207,203.63404846191406,19.913333892822266
2017-04-07,61.596675872802734,203.4264678955078,20.16933250427246
2017-04-10,61.65748977661133,203.5475311279297,20.826000213623047
2017-04-11,61.855133056640625,203.30538940429688,20.58066749572754
2017-04-12,61.99955749511719,202.41456604003906,19.78933334350586
2017-04-13,62.09078598022461,201.099853515625,20.266666412353516
2017-04-17,62.05274963378906,202.881591796875,20.09600067138672
2017-04-18,62.27322769165039,202.27613830566406,20.016666412353516
2017-04-19,62.15922927856445,201.9042205810547,20.368000030517578
2017-04-20,62.07558059692383,203.5475311279297,20.167333602905273
2017-04-21,62.09078598022461,202.89886474609375,20.373332977294922
2017-04-24,62.0071907043457,205.13034057617188,20.53533363342285
2017-04-25,61.817115783691406,206.32394409179688,20.91933250427246
2017-04-26,61.877906799316406,206.19422912597656,20.67799949645996
2017-04-27,61.923561096191406,206.36721801757812,20.575332641601562
2017-04-28,61.99198532104492,205.91744995117188,20.937999725341797
2017-05-01,61.876155853271484,206.43637084960938,21.52199935913086
2017-05-02,61.982826232910156,206.5142364501953,21.25933265686035
2017-05-03,61.91425704956055,206.2633819580078,20.73466682434082
2017-05-04,61.845699310302734,206.50552368164062,19.69733238220215
2017-05-05,61.88381576538086,207.31854248046875,20.55666732788086
2017-05-08,61.77711868286133,207.2839813232422,20.479333877563477
2017-05-09,61.74665451049805,207.09371948242188,21.417333602905273
2017-05-10,61.73907470703125,207.46560668945312,21.681333541870117
2017-05-11,61.78476333618164,207.04180908203125,21.540000915527344
2017-05-12,61.967586517333984,206.69581604003906,21.65399932861328
2017-05-15,61.95235824584961,207.83753967285156,21.058666229248047
2017-05-16,62.01324462890625,207.64724731445312,21.134000778198242
2017-05-17,62.34844970703125,203.96270751953125,20.407333374023438
2017-05-18,62.295143127441406,204.78436279296875,20.87066650390625
2017-05-19,62.333187103271484,206.11630249023438,20.722000122070312
2017-05-22,62.27987289428711,207.1628875732422,20.690000534057617
2017-05-23,62.15040588378906,207.6212615966797,20.257333755493164
2017-05-24,62.27987289428711,208.1056365966797,20.681333541870117
2017-05-25,62.27987289428711,209.10031127929688,21.121999740600586
2017-05-26,62.31037139892578,209.05703735351562,21.676000595092773
2017-05-30,62.40178680419922,208.8754425048828,22.34000015258789
2017-05-31,62.432220458984375,208.82350158691406,22.733999252319336
2017-06-01,62.44904708862305,210.48414611816406,22.691333770751953
2017-06-02,62.6551399230957,211.18467712402344,22.656667709350586
2017-06-05,62.555904388427734,211.02903747558594,23.154666900634766
2017-06-06,62.670379638671875,210.35435485839844,23.523332595825195
2017-06-07,62.586463928222656,210.74362182617188,23.976667404174805
2017-06-08,62.54061508178711,210.84738159179688,24.666667938232422
2017-06-09,62.48720169067383,210.5273895263672,23.821332931518555
2017-06-12,62.471923828125,210.48414611816406,23.93400001525879
2017-06-13,62.48720169067383,211.51336669921875,25.06333351135254
2017-06-14,62.716243743896484,211.24526977539062,25.37733268737793
2017-06-15,62.647499084472656,210.83871459960938,25.022666931152344
2017-06-16,62.716243743896484,210.8848419189453,24.760000228881836
2017-06-19,62.6246337890625,212.6404571533203,24.65333366394043
2017-06-20,62.716243743896484,211.20639038085938,24.81599998474121
2017-06-21,62.74674987792969,211.15420532226562,25.093332290649414
2017-06-22,62.76960372924805,211.05868530273438,25.507333755493164
2017-06-23,62.78493118286133,211.3107452392578,25.56333351135254
2017-06-26,62.853599548339844,211.44973754882812,25.166000366210938
2017-06-27,62.63983917236328,209.74627685546875,24.158000946044922
2017-06-28,62.63983917236328,211.62356567382812,24.749332427978516
2017-06-29,62.51008987426758,209.76364135742188,24.049999237060547
2017-06-30,62.46427536010742,210.15472412109375,24.107332229614258
2017-07-03,62.47121810913086,210.51109313964844,23.507999420166016
2017-07-05,62.50953674316406,210.99781799316406,21.805999755859375
2017-07-06,62.36390686035156,209.068359375,20.588666915893555
2017-07-07,62.34855270385742,210.42417907714844,20.881332397460938
2017-07-10,62.37923812866211,210.6501007080078,21.06999969482422
2017-07-11,62.440555572509766,210.49374389648438,21.814666748046875
2017-07-12,62.586181640625,212.0755157470703,21.968000411987305
2017-07-13,62.563175201416016,212.43185424804688,21.560667037963867
2017-07-14,62.586181640625,213.42262268066406,21.851999282836914
2017-07-17,62.67049789428711,213.39657592773438,21.30466651916504
2017-07-18,62.81609344482422,213.50955200195312,21.882667541503906
2017-07-19,62.82377624511719,214.66551208496094,21.68400001525879
2017-07-20,62.862098693847656,214.76112365722656,21.994667053222656
2017-07-21,62.931087493896484,214.5699005126953,21.893333435058594
2017-07-24,62.90046310424805,214.51779174804688,22.834667205810547
2017-07-25,62.662803649902344,215.03924560546875,22.639999389648438
2017-07-26,62.81609344482422,215.04795837402344,22.92333221435547
2017-07-27,62.739463806152344,214.84800720214844,22.297332763671875
2017-07-28,62.8544807434082,214.5959930419922,22.33799934387207
2017-07-31,62.8467903137207,214.47430419921875,21.564666748046875
2017-08-01,63.10236358642578,214.95233154296875,21.30466651916504
2017-08-02,63.06386184692383,215.05662536621094,21.72599983215332
2017-08-03,63.1947135925293,214.63943481445312,23.139333724975586
2017-08-04,63.09465408325195,215.0305633544922,23.79400062561035
2017-08-07,63.11772918701172,215.43032836914062,23.67799949645996
2017-08-08,63.033058166503906,214.90016174316406,24.347999572753906
2017-08-09,63.07926559448242,214.89149475097656,24.235332489013672
2017-08-10,63.1716423034668,211.85824584960938,23.69333267211914
2017-08-11,63.22551345825195,212.1710968017578,23.857999801635742
2017-08-14,63.17931365966797,214.2744598388672,24.253332138061523
2017-08-15,63.07157516479492,214.24830627441406,24.155332565307617
2017-08-16,63.16390609741211,214.62208557128906,24.194000244140625
2017-08-17,63.279396057128906,211.27586364746094,23.461332321166992
2017-08-18,63.24860763549805,210.94566345214844,23.163999557495117
2017-08-21,63.279396057128906,211.11082458496094,22.52400016784668
2017-08-22,63.202415466308594,213.31837463378906,22.75666618347168
2017-08-23,63.38713836669922,212.55352783203125,23.51799964904785
2017-08-24,63.29474639892578,212.0581512451172,23.528667449951172
2017-08-25,63.371761322021484,212.55352783203125,23.203332901000977
2017-08-28,63.40255355834961,212.56222534179688,23.04400062561035
2017-08-29,63.471832275390625,212.80557250976562,23.157333374023438
2017-08-30,63.464141845703125,213.81375122070312,23.545333862304688
2017-08-31,63.51796340942383,215.1000518798828,23.726667404174805
2017-09-01,63.41310501098633,215.4042510986328,23.69333267211914
2017-09-05,63.675350189208984,213.85726928710938,23.305999755859375
2017-09-06,63.56736373901367,214.58724975585938,22.968666076660156
2017-09-07,63.767940521240234,214.56121826171875,23.374000549316406
2017-09-08,63.69846725463867,214.30918884277344,22.893333435058594
2017-09-11,63.50566864013672,216.594970703125,24.246000289916992
2017-09-12,63.41310501098633,217.32505798339844,24.183332443237305
2017-09-13,63.33597183227539,217.42933654785156,24.415332794189453
2017-09-14,63.37456130981445,217.35980224609375,25.176000595092773
2017-09-15,63.38225555419922,217.6523895263672,25.320667266845703
2017-09-18,63.33597183227539,218.11534118652344,25.666667938232422
2017-09-19,63.28970718383789,218.33372497558594,25.00666618347168
2017-09-20,63.23570251464844,218.4122772216797,24.92733383178711
2017-09-21,63.22024154663086,217.8270721435547,24.43199920654297
2017-09-22,63.281982421875,217.87075805664062,23.4060001373291
2017-09-25,63.42081832885742,217.42532348632812,22.999332427978516
2017-09-26,63.38991928100586,217.55633544921875,23.016666412353516
2017-09-27,63.19712448120117,218.40359497070312,22.731332778930664
2017-09-28,63.212547302246094,218.66561889648438,22.639999389648438
2017-09-29,63.22024154663086,219.43423461914062,22.739999771118164
2017-10-02,63.19553756713867,220.38629150390625,22.768667221069336
2017-10-03,63.22646713256836,220.85791015625,23.209333419799805
2017-10-04,63.22646713256836,221.11997985839844,23.667333602905273
2017-10-05,63.18006134033203,222.4301300048828,23.68866729736328
2017-10-06,63.11046600341797,222.1768341064453,23.79199981689453
2017-10-09,63.17237091064453,221.8099822998047,22.862667083740234
2017-10-10,63.20326614379883,222.39523315429688,23.70599937438965
2017-10-11,63.234127044677734,222.74459838867188,23.639999389648438
2017-10-12,63.288299560546875,222.4126739501953,23.711999893188477
2017-10-13,63.41970443725586,222.68341064453125,23.704666137695312
2017-10-16,63.357818603515625,222.9804229736328,23.373332977294922
2017-10-17,63.3655891418457,223.13763427734375,23.71666717529297
2017-10-18,63.26510238647461,223.35595703125,23.976667404174805
2017-10-19,63.296024322509766,223.41708374023438,23.45400047302246
2017-10-20,63.14141845703125,224.5700225830078,23.00666618347168
2017-10-23,63.19553756713867,223.6965789794922,22.468000411987305
2017-10-24,63.08732223510742,224.0896759033203,22.48933219909668
2017-10-25,63.03323745727539,222.9804229736328,21.722667694091797
2017-10-26,62.955902099609375,223.26861572265625,21.744667053222656
2017-10-27,63.09504318237305,225.0941162109375,21.391332626342773
2017-10-30,63.24190902709961,224.255615234375,21.338666915893555
2017-10-31,63.20326614379883,224.60494995117188,22.101999282836914
2017-11-01,63.2442741394043,224.9019317626953,21.405332565307617
2017-11-02,63.30631637573242,224.9892578125,19.950666427612305
2017-11-03,63.36048126220703,225.7404327392578,20.4060001373291
2017-11-06,63.40695571899414,226.08984375,20.185333251953125
2017-11-07,63.430206298828125,225.93264770507812,20.40333366394043
2017-11-08,63.383731842041016,226.31686401367188,20.292667388916016
2017-11-09,63.32176208496094,225.4958953857422,20.19933319091797
2017-11-10,63.06615447998047,225.42599487304688,20.19933319091797
2017-11-13,63.073883056640625,225.6356658935547,21.02666664123535
2017-11-14,63.15132522583008,225.11155700683594,20.579999923706055
2017-11-15,63.298526763916016,223.98486328125,20.753332138061523
2017-11-16,63.21331787109375,225.8889617919922,20.833332061767578
2017-11-17,63.27528381347656,225.22511291503906,21.003332138061523
2017-11-20,63.23656463623047,225.6094207763672,20.582666397094727
2017-11-21,63.29076385498047,227.0855255126953,21.187332153320312
2017-11-22,63.4224739074707,226.88465881347656,20.84000015258789
2017-11-24,63.40695571899414,227.40869140625,21.036666870117188
2017-11-27,63.383731842041016,227.29518127441406,21.12066650390625
2017-11-28,63.383731842041016,229.60107421875,21.170000076293945
2017-11-29,63.22883224487305,229.46133422851562,20.502666473388672
2017-11-30,63.13587188720703,231.4701385498047,20.59000015258789
2017-12-01,63.30508041381836,230.98980712890625,20.435333251953125
2017-12-04,63.31282043457031,230.7103271484375,20.34666633605957
2017-12-05,63.39040756225586,229.8805694580078,20.246667861938477
2017-12-06,63.46029281616211,229.9242401123047,20.884000778198242
2017-12-07,63.37494659423828,230.6492156982422,20.749332427978516
2017-12-08,63.35161209106445,231.90692138671875,21.0086669921875
2017-12-11,63.30508041381836,232.60569763183594,21.92733383178711
2017-12-12,63.29729461669922,233.01620483398438,22.735332489013672
2017-12-13,63.475799560546875,232.9900360107422,22.601999282836914
2017-12-14,63.49910354614258,232.0379638671875,22.525999069213867
2017-12-15,63.5068473815918,233.97024536132812,22.89666748046875
2017-12-18,63.405982971191406,235.4539337158203,22.591333389282227
2017-12-19,63.21192932128906,234.54966735839844,22.073333740234375
2017-12-20,63.087730407714844,234.42672729492188,21.93199920654297
2017-12-21,63.12655258178711,234.90960693359375,22.110666275024414
2017-12-22,63.15758514404297,234.8480987548828,21.68000030517578
2017-12-26,63.220603942871094,234.56719970703125,21.152666091918945
2017-12-27,63.4151725769043,234.68133544921875,20.775999069213867
2017-12-28,63.37627410888672,235.1641845703125,21.02400016784668
2017-12-29,63.4774284362793,234.27749633789062,20.75666618347168
2018-01-02,63.29845428466797,235.95431518554688,21.368667602539062
2018-01-03,63.352909088134766,237.44674682617188,21.149999618530273
2018-01-04,63.32179260253906,238.44754028320312,20.974666595458984
2018-01-05,63.236202239990234,240.03660583496094,21.10533332824707
2018-01-08,63.24397277832031,240.4755401611328,22.42733383178711
2018-01-09,63.057186126708984,241.01974487304688,22.246000289916992
2018-01-10,63.06499099731445,240.6510772705078,22.31999969482422
2018-01-11,63.06499099731445,242.40689086914062,22.530000686645508
2018-01-12,63.057186126708984,243.98712158203125,22.4146671295166
2018-01-16,63.10386657714844,243.15304565429688,22.67066764831543
2018-01-17,63.03388214111328,245.4707794189453,23.143999099731445
2018-01-18,62.909339904785156,245.0581817626953,22.971332550048828
2018-01-19,62.77707290649414,246.173095703125,23.334667205810547
2018-01-22,62.730350494384766,248.1747283935547,23.437332153320312
2018-01-23,62.89376449584961,248.7014923095703,23.519332885742188
2018-01-24,62.82373046875,248.6049041748047,23.05933380126953
2018-01-25,62.994937896728516,248.71031188964844,22.50933265686035
2018-01-26,62.878204345703125,251.58984375,22.856666564941406
2018-01-29,62.79262924194336,249.92178344726562,23.302000045776367
2018-01-30,62.67589569091797,247.35824584960938,23.05466651916504
2018-01-31,62.691463470458984,247.48117065429688,23.62066650390625
2018-02-01,62.517494201660156,247.20021057128906,23.28333282470703
2018-02-02,62.330360412597656,241.81871032714844,22.916667938232422
2018-02-05,62.603328704833984,231.7052001953125,22.208667755126953
2018-02-06,62.40053939819336,236.2703399658203,22.264667510986328
2018-02-07,62.26016616821289,234.9886474609375,23.0
2018-02-08,62.21335983276367,226.17446899414062,21.01533317565918
2018-02-09,62.05743408203125,229.5719451904297,20.69466781616211
2018-02-12,62.0730094909668,232.9430389404297,21.048667907714844
2018-02-13,62.12760925292969,233.52249145507812,21.577333450317383
2018-02-14,61.9248161315918,236.67416381835938,21.487333297729492
2018-02-15,61.987213134765625,239.69418334960938,22.271333694458008
2018-02-16,62.119781494140625,239.76438903808594,22.365999221801758
2018-02-20,62.05743408203125,238.26324462890625,22.31800079345703
2018-02-21,61.823402404785156,237.0780792236328,22.219999313354492
2018-02-22,61.90142059326172,237.38531494140625,23.077999114990234
2018-02-23,62.06517791748047,241.16900634765625,23.469999313354492
2018-02-26,62.09640121459961,243.96954345703125,23.827999114990234
2018-02-27,61.96377182006836,240.92312622070312,23.39933204650879
2018-02-28,62.04175567626953,238.48272705078125,22.87066650390625
2018-03-01,62.14728927612305,235.0149383544922,22.062000274658203
2018-03-02,62.030059814453125,236.22647094726562,22.341333389282227
2018-03-05,61.990970611572266,238.95672607421875,22.22333335876465
2018-03-06,62.01447296142578,239.5624237060547,21.8799991607666
2018-03-07,61.998802185058594,239.47474670410156,22.15333366394043
2018-03-08,62.06914138793945,240.633544921875,21.940000534057617
2018-03-09,61.990970611572266,244.8211212158203,21.81133270263672
2018-03-12,62.05351257324219,244.51385498046875,23.034000396728516
2018-03-13,62.06914138793945,242.93362426757812,22.78933334350586
2018-03-14,62.2020263671875,241.68699645996094,21.775333404541016
2018-03-15,62.20981979370117,241.4236297607422,21.706666946411133
2018-03-16,62.15510177612305,241.68536376953125,21.42333221435547
2018-03-19,62.108219146728516,238.41529846191406,20.90399932861328
2018-03-20,62.030059814453125,238.82080078125,20.703332901000977
2018-03-21,62.030059814453125,238.36244201660156,21.101999282836914
2018-03-22,62.13167953491211,232.40403747558594,20.606666564941406
2018-03-23,62.14728927612305,227.4504852294922,20.1026668548584
2018-03-26,62.108219146728516,233.67332458496094,20.278667449951172
2018-03-27,62.3192138671875,229.69808959960938,18.61199951171875
2018-03-28,62.311405181884766,229.01939392089844,17.185333251953125
2018-03-29,62.467708587646484,231.9456787109375,17.742000579833984
2018-04-02,62.459861755371094,226.9392547607422,16.832000732421875
2018-04-03,62.38938522338867,229.84791564941406,17.8353328704834
2018-04-04,62.38938522338867,232.30712890625,19.12933349609375
2018-04-05,62.30317306518555,234.14047241210938,20.381332397460938
2018-04-06,62.459861755371094,228.92247009277344,19.953332901000977
2018-04-09,62.5225944519043,230.0507049560547,19.310667037963867
2018-04-10,62.412872314453125,233.7085418701172,20.31333351135254
2018-04-11,62.459861755371094,232.4834442138672,20.062000274658203
2018-04-12,62.34239959716797,234.39614868164062,19.60533332824707
2018-04-13,62.38938522338867,233.7085418701172,20.022666931152344
2018-04-16,62.39718246459961,235.63006591796875,19.413999557495117
2018-04-17,62.42070770263672,238.15086364746094,19.179332733154297
2018-04-18,62.217018127441406,238.3272705078125,19.55666732788086
2018-04-19,62.06814956665039,237.00511169433594,20.005332946777344
2018-04-20,61.91143798828125,234.99549865722656,19.349332809448242
2018-04-23,61.88011169433594,234.96017456054688,18.891332626342773
2018-04-24,61.77041244506836,231.79591369628906,18.8973331451416
2018-04-25,61.68424987792969,232.36886596679688,18.71266746520996
2018-04-26,61.809593200683594,234.73098754882812,19.031999588012695
2018-04-27,61.90364074707031,234.95135498046875,19.60533332824707
2018-04-30,61.9349365234375,233.14443969726562,19.593332290649414
2018-05-01,61.839141845703125,233.5587158203125,19.994667053222656
2018-05-02,61.847015380859375,231.9898681640625,20.07666778564453
2018-05-03,61.90198516845703,231.47854614257812,18.963333129882812
2018-05-04,61.94123077392578,234.47535705566406,19.606000900268555
2018-05-07,61.90980529785156,235.26870727539062,20.184667587280273
2018-05-08,61.86273956298828,235.26870727539062,20.131332397460938
2018-05-09,61.792030334472656,237.54275512695312,20.456666946411133
2018-05-10,61.917694091796875,239.763916015625,20.334667205810547
2018-05-11,61.980525970458984,240.49546813964844,20.070667266845703
2018-05-14,61.90198516845703,240.61016845703125,19.46466636657715
2018-05-15,61.61140441894531,238.9530029296875,18.94533348083496
2018-05-16,61.56431198120117,239.95779418945312,19.09866714477539
2018-05-17,61.50935745239258,239.75515747070312,18.96933364868164
2018-05-18,61.674224853515625,239.15577697753906,18.454666137695312
2018-05-21,61.674224853515625,240.95384216308594,18.965999603271484
2018-05-22,61.689937591552734,240.28392028808594,18.333999633789062
2018-05-23,61.8784065246582,240.94497680664062,18.60466766357422
2018-05-24,62.0040283203125,240.451416015625,18.523332595825195
2018-05-25,62.13752746582031,239.87847900390625,18.59000015258789
2018-05-29,62.56943130493164,237.11964416503906,18.917333602905273
2018-05-30,62.380958557128906,240.28392028808594,19.447999954223633
2018-05-31,62.357444763183594,238.81199645996094,18.98200035095215
2018-06-01,62.39607620239258,241.1565704345703,19.454666137695312
2018-06-04,62.261959075927734,242.30245971679688,19.78266716003418
2018-06-05,62.31719970703125,242.4786834716797,19.408666610717773
2018-06-06,62.1436653137207,244.50596618652344,21.299999237060547
2018-06-07,62.3013801574707,244.4795379638672,21.07266616821289
2018-06-08,62.22251510620117,245.20225524902344,21.17733383178711
2018-06-11,62.16731262207031,245.52842712402344,22.139999389648438
2018-06-12,62.159385681152344,245.84573364257812,22.851333618164062
2018-06-13,62.11994171142578,245.06117248535156,22.985332489013672
2018-06-14,62.254085540771484,245.67825317382812,23.847999572753906
2018-06-15,62.261959075927734,245.36485290527344,23.878000259399414
2018-06-18,62.261959075927734,244.860107421875,24.722000122070312
2018-06-19,62.36452102661133,243.92169189453125,23.503332138061523
2018-06-20,62.22251510620117,244.33778381347656,24.148000717163086
2018-06-21,62.254085540771484,242.80612182617188,23.167333602905273
2018-06-22,62.29354476928711,243.24879455566406,22.242000579833984
2018-06-25,62.28560256958008,239.93746948242188,22.200666427612305
2018-06-26,62.38819885253906,240.46868896484375,22.799999237060547
2018-06-27,62.53805160522461,238.4766082763672,22.96666717529297
2018-06-28,62.49078369140625,239.84010314941406,23.32866668701172
2018-06-29,62.47498321533203,240.18536376953125,22.863332748413086
2018-07-02,62.43619918823242,240.6988983154297,22.33799934387207
2018-07-03,62.56276321411133,239.8489990234375,20.724000930786133
2018-07-05,62.64970397949219,241.80557250976562,20.610666275024414
2018-07-06,62.720882415771484,243.85086059570312,20.593332290649414
2018-07-09,62.665531158447266,246.046630859375,21.233999252319336
2018-07-10,62.62602233886719,246.9319305419922,21.49799919128418
2018-07-11,62.65762710571289,245.1258087158203,21.263999938964844
2018-07-12,62.705078125,247.34805297851562,21.11400032043457
2018-07-13,62.76043701171875,247.54286193847656,21.257999420166016
2018-07-16,62.67345428466797,247.32147216796875,20.67333221435547
2018-07-17,62.64970397949219,248.3219757080078,21.512666702270508
2018-07-18,62.618072509765625,248.8444366455078,21.59000015258789
2018-07-19,62.73673629760742,247.90591430664062,21.34866714477539
2018-07-20,62.5943717956543,247.6225128173828,20.905332565307617
2018-07-23,62.39670944213867,248.08291625976562,20.213333129882812
2018-07-24,62.4915771484375,249.33139038085938,19.82866668701172
2018-07-25,62.4915771484375,251.45631408691406,20.582666397094727
2018-07-26,62.4915771484375,250.86294555664062,20.44333267211914
2018-07-27,62.47578430175781,249.1631317138672,19.812000274658203
2018-07-30,62.404563903808594,247.86155700683594,19.344667434692383
2018-07-31,62.452049255371094,249.08346557617188,19.875999450683594
2018-08-01,62.41795349121094,248.6673583984375,20.055999755859375
2018-08-02,62.449676513671875,250.02194213867188,23.30266761779785
2018-08-03,62.58439636230469,251.09327697753906,23.211332321166992
2018-08-06,62.639892578125,252.01409912109375,22.799333572387695
2018-08-07,62.52891159057617,252.84628295898438,25.30466651916504
2018-08-08,62.513065338134766,252.73995971679688,24.689332962036133
2018-08-09,62.63196563720703,252.3947296142578,23.496667861938477
2018-08-10,62.7587776184082,250.7036895751953,23.69933319091797
2018-08-13,62.76669692993164,249.76519775390625,23.76066780090332
2018-08-14,62.727073669433594,251.3588409423828,23.176000595092773
2018-08-15,62.79838562011719,249.4818115234375,22.57933235168457
2018-08-16,62.83009719848633,251.5005340576172,22.363332748413086
2018-08-17,62.90142822265625,252.38580322265625,20.366666793823242
2018-08-20,62.980716705322266,252.92605590820312,20.562667846679688
2018-08-21,62.9489860534668,253.51910400390625,21.459999084472656
2018-08-22,62.988624572753906,253.36868286132812,21.44266700744629
2018-08-23,62.988624572753906,253.0322265625,21.34000015258789
2018-08-24,63.02033615112305,254.55503845214844,21.521333694458008
2018-08-27,62.941097259521484,256.5649108886719,21.284666061401367
2018-08-28,62.845970153808594,256.6887512207031,20.790666580200195
2018-08-29,62.80632019042969,258.0700378417969,20.333999633789062
2018-08-30,62.853912353515625,257.0252380371094,20.209999084472656
2018-08-31,62.86976623535156,257.0340881347656,20.110666275024414
2018-09-04,62.772823333740234,256.5914306640625,19.26333236694336
2018-09-05,62.788692474365234,255.9008026123047,18.715999603271484
2018-09-06,62.88404846191406,255.13058471679688,18.729999542236328
2018-09-07,62.68544006347656,254.634765625,17.549333572387695
2018-09-10,62.72513961791992,255.07749938964844,19.03333282470703
2018-09-11,62.59007263183594,255.91859436035156,18.62933349609375
2018-09-12,62.63777542114258,255.98052978515625,19.369333267211914
2018-09-13,62.677459716796875,257.49456787109375,19.297332763671875
2018-09-14,62.57419204711914,257.5388488769531,19.68000030517578
2018-09-17,62.566219329833984,256.1753845214844,19.6560001373291
2018-09-18,62.4232063293457,257.5653076171875,18.997333526611328
2018-09-19,62.32789611816406,257.8398132324219,19.934667587280273
2018-09-20,62.40734100341797,259.9293212890625,19.8886661529541
2018-09-21,62.44707107543945,259.6918640136719,19.940000534057617
2018-09-24,62.36760711669922,258.8291931152344,19.978666305541992
2018-09-25,62.319976806640625,258.5890197753906,20.06599998474121
2018-09-26,62.47886276245117,257.81524658203125,20.6386661529541
2018-09-27,62.52653503417969,258.53558349609375,20.501333236694336
2018-09-28,62.52653503417969,258.56231689453125,17.65133285522461
2018-10-01,62.409461975097656,259.4606018066406,20.713333129882812
2018-10-02,62.52091979980469,259.3093566894531,20.06800079345703
2018-10-03,62.202396392822266,259.45166015625,19.65333366394043
2018-10-04,62.043190002441406,257.4239501953125,18.788667678833008
2018-10-05,61.931644439697266,255.98306274414062,17.463333129882812
2018-10-08,61.907752990722656,255.98306274414062,16.70400047302246
2018-10-09,62.027191162109375,255.60946655273438,17.520000457763672
2018-10-10,61.979434967041016,247.51612854003906,17.125333786010742
2018-10-11,62.15465545654297,242.06423950195312,16.815332412719727
2018-10-12,62.138710021972656,245.4260711669922,17.25200080871582
2018-10-15,62.122737884521484,244.0475311279297,17.305999755859375
2018-10-16,62.17057800292969,249.38392639160156,18.439332962036133
2018-10-17,62.059051513671875,249.4283447265625,18.118667602539062
2018-10-18,62.0192756652832,245.82630920410156,17.5939998626709
2018-10-19,61.987403869628906,245.69290161132812,17.333332061767578
2018-10-22,61.9635009765625,244.5900115966797,17.39666748046875
2018-10-23,62.05109405517578,243.34486389160156,19.609333038330078
2018-10-24,62.2183837890625,235.971923828125,19.233333587646484
2018-10-25,62.146671295166016,240.20538330078125,20.99066734313965
2018-10-26,62.258174896240234,235.9807586669922,22.059999465942383
2018-10-29,62.202396392822266,234.67343139648438,22.323333740234375
2018-10-30,62.114845275878906,238.15089416503906,21.99333381652832
2018-10-31,61.987403869628906,240.69454956054688,22.488000869750977
2018-11-01,62.10238265991211,243.25592041015625,22.95199966430664
2018-11-02,61.87086868286133,241.815185546875,23.0939998626709
2018-11-05,61.91873550415039,243.14926147460938,22.760000228881836
2018-11-06,61.910789489746094,244.68785095214844,22.737333297729492
2018-11-07,61.966636657714844,249.92630004882812,23.21066665649414
2018-11-08,61.862857818603516,249.47279357910156,23.426666259765625
2018-11-09,62.01454162597656,247.03587341308594,23.367332458496094
2018-11-12,62.1103515625,242.4199981689453,22.0853328704834
2018-11-13,62.078399658203125,241.96636962890625,22.582000732421875
2018-11-14,62.12629699707031,240.31214904785156,22.933332443237305
2018-11-15,62.13429641723633,242.82020568847656,23.229333877563477
2018-11-16,62.270042419433594,243.4516143798828,23.62066650390625
2018-11-19,62.270042419433594,239.33383178710938,23.564666748046875
2018-11-20,62.23008346557617,234.9045867919922,23.166000366210938
2018-11-21,62.293968200683594,235.7051239013672,22.54599952697754
2018-11-23,62.285987854003906,234.130859375,21.722000122070312
2018-11-26,62.2380485534668,237.91078186035156,23.066667556762695
2018-11-27,62.2779541015625,238.711181640625,22.92799949645996
2018-11-28,62.3099479675293,244.20761108398438,23.191333770751953
2018-11-29,62.357810974121094,243.67398071289062,22.744667053222656
2018-11-30,62.38178253173828,245.15927124023438,23.365333557128906
2018-12-03,62.479408264160156,248.405517578125,23.89933204650879
2018-12-04,62.631473541259766,240.3566131591797,23.979999542236328
2018-12-06,62.743499755859375,239.991943359375,24.20400047302246
2018-12-07,62.871559143066406,234.41555786132812,23.864667892456055
2018-12-10,62.93559646606445,234.86016845703125,24.343332290649414
2018-12-11,62.94359588623047,234.9134979248047,24.450666427612305
2018-12-12,62.87955856323242,236.09640502929688,24.440000534057617
2018-12-13,62.92763137817383,236.0164337158203,25.119333267211914
2018-12-14,62.983612060546875,231.6583709716797,24.380666732788086
2018-12-17,63.10366439819336,227.1136016845703,23.22800064086914
2018-12-18,63.1996955871582,226.8645782470703,22.468666076660156
2018-12-19,63.311744689941406,223.46717834472656,22.197999954223633
2018-12-20,63.22370147705078,219.82955932617188,21.025333404541016
2018-12-21,63.22370147705078,215.32533264160156,21.31800079345703
2018-12-24,63.23813247680664,209.63580322265625,19.69266700744629
2018-12-26,63.101749420166016,220.22763061523438,21.73933219909668
2018-12-27,63.23813247680664,221.91839599609375,21.075332641601562
2018-12-28,63.39059829711914,221.6321258544922,22.257999420166016
2018-12-31,63.551063537597656,223.5733642578125,22.18666648864746
2019-01-02,63.67941665649414,223.8059844970703,20.674667358398438
2019-01-03,63.92813491821289,218.46534729003906,20.02400016784668
2019-01-04,63.73557662963867,225.78298950195312,21.179332733154297
2019-01-07,63.639278411865234,227.5631866455078,22.33066749572754
2019-01-08,63.55907440185547,229.7012176513672,22.356666564941406
2019-01-09,63.647315979003906,230.7747344970703,22.568666458129883
2019-01-10,63.518951416015625,231.5887908935547,22.99799919128418
2019-01-11,63.647315979003906,231.6782989501953,23.150667190551758
2019-01-14,63.591156005859375,230.26480102539062,22.293333053588867
2019-01-15,63.59916687011719,232.90383911132812,22.961999893188477
2019-01-16,63.623260498046875,233.46739196777344,23.06999969482422
2019-01-17,63.551063537597656,235.2386932373047,23.15399932861328
2019-01-18,63.50289535522461,238.36965942382812,20.150667190551758
2019-01-22,63.615203857421875,235.149169921875,19.92799949645996
2019-01-23,63.67941665649414,235.64126586914062,19.172666549682617
2019-01-24,63.81581497192383,235.76649475097656,19.43400001525879
2019-01-25,63.74357986450195,237.76136779785156,19.80266761779785
2019-01-28,63.767642974853516,235.95440673828125,19.7586669921875
2019-01-29,63.89604949951172,235.64126586914062,19.83066749572754
2019-01-30,63.96022033691406,239.3716583251953,20.584667205810547
2019-01-31,64.25704956054688,241.47390747070312,20.468000411987305
2019-02-01,64.0784912109375,241.59019470214844,20.81399917602539
2019-02-04,64.022216796875,243.2898712158203,20.859333038330078
2019-02-05,64.1589584350586,244.3097381591797,21.42333221435547
2019-02-06,64.13481903076172,243.98768615722656,21.148000717163086
2019-02-07,64.1830825805664,241.66180419921875,20.500667572021484
2019-02-08,64.27957153320312,241.95689392089844,20.386667251586914
2019-02-11,64.25543975830078,242.0911407470703,20.856000900268555
2019-02-12,64.2474136352539,245.20428466796875,20.78733253479004
2019-02-13,64.15091705322266,246.0004119873047,20.544666290283203
2019-02-14,64.26350402832031,245.4547119140625,20.251333236694336
2019-02-15,64.28764343261719,248.1295928955078,20.525333404541016
2019-02-19,64.34388732910156,248.55906677246094,20.375999450683594
2019-02-20,64.3198013305664,249.05992126464844,20.17066764831543
2019-02-21,64.19110107421875,248.17440795898438,19.415332794189453
2019-02-22,64.33589935302734,249.71302795410156,19.6473331451416
2019-02-25,64.31178283691406,250.0529327392578,19.917999267578125
2019-02-26,64.40020751953125,249.87399291992188,19.857332229614258
2019-02-27,64.27157592773438,249.76670837402344,20.982667922973633
2019-02-28,64.19915008544922,249.30152893066406,21.325332641601562
2019-03-01,64.00084686279297,250.85806274414062,19.652666091918945
2019-03-04,64.1137466430664,249.94554138183594,19.02400016784668
2019-03-05,64.1620864868164,249.60568237304688,18.43600082397461
2019-03-06,64.24269104003906,248.09376525878906,18.416000366210938
2019-03-07,64.42813110351562,246.01834106445312,18.439332962036133
2019-03-08,64.50873565673828,245.52633666992188,18.94266700744629
2019-03-11,64.47650146484375,249.0867919921875,19.39466667175293
2019-03-12,64.62964630126953,250.0261688232422,18.890666961669922
2019-03-13,64.59739685058594,251.68101501464844,19.263999938964844
2019-03-14,64.54096221923828,251.52008056640625,19.33066749572754
2019-03-15,64.66190338134766,252.7626495361328,18.36199951171875
2019-03-18,64.62158203125,253.6791229248047,17.965999603271484
2019-03-19,64.58934020996094,253.74208068847656,17.83133316040039
2019-03-20,64.87152099609375,252.978271484375,18.239999771118164
2019-03-21,64.88761138916016,255.8356475830078,18.26799964904785
2019-03-22,65.2423324584961,250.9116973876953,17.635332107543945
2019-03-25,65.32293701171875,250.72305297851562,17.3613338470459
2019-03-26,65.33912658691406,252.59197998046875,17.851333618164062
2019-03-27,65.45997619628906,251.2711181640625,18.32200050354004
2019-03-28,65.49223327636719,252.22366333007812,18.57466697692871
2019-03-29,65.44385528564453,253.81398010253906,18.657333374023438
2019-04-01,65.1852798461914,256.823974609375,19.278667449951172
2019-04-02,65.21755981445312,256.94970703125,19.058666229248047
2019-04-03,65.12867736816406,257.3540954589844,19.45400047302246
2019-04-04,65.19336700439453,258.0370178222656,17.851999282836914
2019-04-05,65.24182891845703,259.2859802246094,18.33066749572754
2019-04-08,65.17718505859375,259.48358154296875,18.213333129882812
2019-04-09,65.274169921875,258.1537780761719,18.15399932861328
2019-04-10,65.363037109375,259.0343933105469,18.40399932861328
2019-04-11,65.24990844726562,258.9624938964844,17.89466667175293
2019-04-12,65.12867736816406,260.7145690917969,17.84666633605957
2019-04-15,65.1447982788086,260.5439147949219,17.7586669921875
2019-04-16,65.03170013427734,260.7145690917969,18.224000930786133
2019-04-17,65.03170013427734,260.0766906738281,18.082000732421875
2019-04-18,65.12060546875,260.5888366699219,18.21733283996582
2019-04-22,65.05594635009766,260.81341552734375,17.516666412353516
2019-04-23,65.16907501220703,263.1585388183594,17.593332290649414
2019-04-24,65.33883666992188,262.5746154785156,17.243999481201172
2019-04-25,65.3226547241211,262.4127502441406,16.5086669921875
2019-04-26,65.46810913085938,263.6348571777344,15.675999641418457
2019-04-29,65.33071899414062,264.0481262207031,16.097999572753906
2019-04-30,65.42769622802734,264.1828918457031,15.912667274475098
2019-05-01,65.43180084228516,262.197265625,15.600666999816895
2019-05-02,65.28593444824219,261.6310729980469,16.273332595825195
2019-05-03,65.40745544433594,264.1919250488281,17.00200080871582
2019-05-06,65.48845672607422,263.1047058105469,17.022666931152344
2019-05-07,65.58570098876953,258.7109375,16.470666885375977
2019-05-08,65.537109375,258.3515319824219,16.32266616821289
2019-05-09,65.60186767578125,257.56976318359375,16.131999969482422
2019-05-10,65.59378814697266,258.8636779785156,15.968000411987305
2019-05-13,65.73149871826172,252.3583221435547,15.133999824523926
2019-05-14,65.77200317382812,254.640625,15.487333297729492
2019-05-15,65.86921691894531,256.1321105957031,15.463333129882812
2019-05-16,65.77200317382812,258.5042419433594,15.222000122070312
2019-05-17,65.7882080078125,256.8330383300781,14.0686674118042
2019-05-20,65.70719146728516,255.1347198486328,13.690667152404785
2019-05-21,65.67478942871094,257.4349670410156,13.67199993133545
2019-05-22,65.79625701904297,256.6443176269531,12.84866714477539
2019-05-23,66.0312271118164,253.508544921875,13.03266716003418
2019-05-24,66.0312271118164,254.0834503173828,12.708666801452637
2019-05-28,66.16893768310547,251.72039794921875,12.579999923706055
2019-05-29,66.15272521972656,250.0311737060547,12.657333374023438
2019-05-30,66.33099365234375,250.71400451660156,12.54800033569336
2019-05-31,66.62258911132812,247.3356475830078,12.343999862670898
2019-06-03,66.81182098388672,246.7067413330078,11.9313325881958
2019-06-04,66.69813537597656,252.06190490722656,12.90666675567627
2019-06-05,66.69813537597656,254.24526977539062,13.105999946594238
2019-06-06,66.68189239501953,255.89849853515625,13.729999542236328
2019-06-07,66.86054229736328,258.4593200683594,13.633333206176758
2019-06-10,66.72247314453125,259.6453857421875,14.192000389099121
2019-06-11,66.67377471923828,259.5824279785156,14.473333358764648
2019-06-12,66.78746795654297,259.1242370605469,13.950667381286621
2019-06-13,66.90115356445312,260.1933898925781,14.260666847229004
2019-06-14,66.90922546386719,259.9058837890625,14.32800006866455
2019-06-17,66.90922546386719,260.0047607421875,15.001999855041504
2019-06-18,67.06353759765625,262.7272033691406,14.982666969299316
2019-06-19,67.29088592529297,263.3202819824219,15.095333099365234
2019-06-20,67.39644622802734,265.8361511230469,14.641332626342773
2019-06-21,67.20967864990234,265.4497375488281,14.790666580200195
2019-06-24,67.33149719238281,265.1247253417969,14.909333229064941
2019-06-25,67.3558349609375,262.5243835449219,14.650667190551758
2019-06-26,67.20157623291016,262.26251220703125,14.618000030517578
2019-06-27,67.39644622802734,263.1924743652344,14.855999946594238
2019-06-28,67.45328521728516,264.546875,14.897333145141602
2019-07-01,67.44839477539062,266.948486328125,15.14466667175293
2019-07-02,67.57862854003906,267.6437072753906,14.970000267028809
2019-07-03,67.70072937011719,269.7835388183594,15.65999984741211
2019-07-05,67.38330078125,269.4767150878906,15.539999961853027
2019-07-08,67.3751449584961,267.9959411621094,15.355999946594238
2019-07-09,67.28558349609375,268.33001708984375,15.337332725524902
2019-07-10,67.34257507324219,269.612060546875,15.928000450134277
2019-07-11,67.12285614013672,270.24407958984375,15.90666675567627
2019-07-12,67.17981719970703,271.45391845703125,16.338666915893555
2019-07-15,67.27748107910156,271.544189453125,16.899999618530273
2019-07-16,67.18791198730469,270.66845703125,16.825332641601562
2019-07-17,67.39143371582031,268.8265075683594,16.99066734313965
2019-07-18,67.51351165771484,269.8106689453125,16.902666091918945
2019-07-19,67.44027709960938,268.31201171875,17.211999893188477
2019-07-22,67.51351165771484,268.970947265625,17.045333862304688
2019-07-23,67.45654296875,270.8941345214844,17.344667434692383
2019-07-24,67.52165985107422,272.167236328125,17.658666610717773
2019-07-25,67.44839477539062,270.8670349121094,15.254667282104492
2019-07-26,67.44839477539062,272.6819152832031,15.202667236328125
2019-07-29,67.48908996582031,272.1852722167969,15.718000411987305
2019-07-30,67.47282409667969,271.51708984375,16.150667190551758
2019-07-31,67.55416107177734,268.5466003417969,16.107332229614258
2019-08-01,68.03799438476562,266.2081604003906,15.59000015258789
2019-08-02,68.1032485961914,264.2038269042969,15.62266731262207
2019-08-05,68.39692687988281,256.25830078125,15.221332550048828
2019-08-06,68.5682601928711,259.85174560546875,15.383333206176758
2019-08-07,68.5682601928711,260.0052795410156,15.561332702636719
2019-08-08,68.6253433227539,265.10662841796875,15.886667251586914
2019-08-09,68.50299072265625,263.3008117675781,15.667332649230957
2019-08-12,68.80479431152344,260.09564208984375,15.267333030700684
2019-08-13,68.69876098632812,264.1404724121094,15.666666984558105
2019-08-14,68.9435043334961,256.33050537109375,14.641332626342773
2019-08-15,69.27799224853516,257.0077209472656,14.37600040435791
2019-08-16,69.20458984375,260.7998352050781,14.662667274475098
2019-08-19,68.98433685302734,263.9419860839844,15.121999740600586
2019-08-20,69.16378784179688,261.9194030761719,15.057332992553711
2019-08-21,69.13119506835938,264.0502624511719,14.722000122070312
2019-08-22,69.00062561035156,263.9690246582031,14.8100004196167
2019-08-23,69.25353240966797,257.1883239746094,14.09333324432373
2019-08-26,69.21273803710938,260.0323791503906,14.333333015441895
2019-08-27,69.4493179321289,259.0121154785156,14.272000312805176
2019-08-28,69.47378540039062,260.8359680175781,14.37266731262207
2019-08-29,69.43299865722656,264.1676025390625,14.780667304992676
2019-08-30,69.4248275756836,264.0502624511719,15.040666580200195
2019-09-03,69.48860931396484,262.50634765625,15.000666618347168
2019-09-04,69.61943054199219,265.48590087890625,14.711999893188477
2019-09-05,69.25968170166016,268.89874267578125,15.305333137512207
2019-09-06,69.34146118164062,269.1064147949219,15.16333293914795
2019-09-09,69.0225830078125,269.2419128417969,15.452667236328125
2019-09-10,68.67102813720703,269.1787109375,15.702667236328125
2019-09-11,68.63011169433594,271.0928039550781,16.47333335876465
2019-09-12,68.49930572509766,272.0318298339844,16.391332626342773
2019-09-13,68.10680389404297,271.8511962890625,16.34666633605957
2019-09-16,68.28673553466797,271.0116271972656,16.187332153320312
2019-09-17,68.44208526611328,271.69769287109375,16.319332122802734
2019-09-18,68.49114227294922,271.8602600097656,16.232667922973633
2019-09-19,68.58926391601562,271.8421936035156,16.440000534057617
2019-09-20,68.83453369140625,270.5577697753906,16.041332244873047
2019-09-23,68.88359832763672,270.49432373046875,16.082000732421875
2019-09-24,69.12065124511719,268.37176513671875,14.880666732788086
2019-09-25,68.79365539550781,269.9591064453125,15.24666690826416
2019-09-26,68.90811920166016,269.396728515625,16.17066764831543
2019-09-27,68.9817123413086,267.9454040527344,16.142000198364258
2019-09-30,69.0307388305664,269.1881103515625,16.058000564575195
2019-10-01,69.09797668457031,265.9861755371094,16.312667846679688
2019-10-02,69.25363159179688,261.28765869140625,16.208667755126953
2019-10-03,69.4830551147461,263.4283142089844,15.535332679748535
2019-10-04,69.59777069091797,266.9930725097656,15.428667068481445
2019-10-07,69.41751861572266,265.8410339355469,15.847999572753906
2019-10-08,69.45027160644531,261.7139587402344,16.003332138061523
2019-10-09,69.36833953857422,264.1993103027344,16.302000045776367
2019-10-10,69.15531158447266,265.9861755371094,16.31599998474121
2019-10-11,68.90129852294922,268.7436828613281,16.525999069213867
2019-10-14,69.01602935791016,268.4443054199219,17.130666732788086
2019-10-15,68.83573913574219,271.10205078125,17.19266700744629
2019-10-16,68.90947723388672,270.66668701171875,17.316667556762695
2019-10-17,68.90947723388672,271.4648742675781,17.46466636657715
2019-10-18,68.94226837158203,270.2765808105469,17.1299991607666
2019-10-21,68.77839660644531,272.10888671875,16.899999618530273
2019-10-22,68.90129852294922,271.2199401855469,17.038667678833008
2019-10-23,68.9340591430664,272.0091857910156,16.978666305541992
2019-10-24,68.94226837158203,272.45355224609375,19.978666305541992
2019-10-25,68.82755279541016,273.5692138671875,21.875333786010742
2019-10-28,68.68009185791016,275.11114501953125,21.847333908081055
2019-10-29,68.69644165039062,275.0296325683594,21.08133316040039
2019-10-30,68.91769409179688,275.8731689453125,21.000667572021484
2019-10-31,69.24541473388672,275.1383972167969,20.994667053222656
2019-11-01,69.1838607788086,277.687255859375,20.887332916259766
2019-11-04,68.98677062988281,278.8030090332031,21.1646671295166
2019-11-05,68.7486572265625,278.49462890625,21.148000717163086
2019-11-06,68.89645385742188,278.55810546875,21.77199935913086
2019-11-07,68.54332733154297,279.5376892089844,22.369333267211914
2019-11-08,68.4776382446289,280.22705078125,22.47599983215332
2019-11-11,68.51869201660156,279.6919250488281,23.006000518798828
2019-11-12,68.55973815917969,280.2814636230469,23.32866668701172
2019-11-13,68.68292999267578,280.3721618652344,23.073999404907227
2019-11-14,68.88001251220703,280.78033447265625,23.290000915527344
2019-11-15,68.85539245605469,282.8121337890625,23.47800064086914
2019-11-18,68.95392608642578,283.020751953125,23.332666397094727
2019-11-19,69.0278091430664,282.93914794921875,23.968000411987305
2019-11-20,69.21670532226562,281.8869323730469,23.481332778930664
2019-11-21,69.10173034667969,281.43341064453125,23.655332565307617
2019-11-22,69.14278411865234,282.0592956542969,22.202667236328125
2019-11-25,69.20849609375,284.24530029296875,22.422666549682617
2019-11-26,69.32344055175781,284.889404296875,21.92799949645996
2019-11-27,69.21670532226562,286.15924072265625,22.086000442504883
2019-11-29,69.21670532226562,285.09796142578125,21.996000289916992
2019-12-02,69.03561401367188,282.6761474609375,22.32466697692871
2019-12-03,69.40599822998047,280.78033447265625,22.413333892822266
2019-12-04,69.26606750488281,282.5128173828125,22.20199966430664
2019-12-05,69.1919937133789,283.020751953125,22.024667739868164
2019-12-06,69.10149383544922,285.60589599609375,22.392667770385742
2019-12-09,69.11793518066406,284.7079162597656,22.635332107543945
2019-12-10,69.06857299804688,284.3904113769531,23.256000518798828
2019-12-11,69.29898834228516,285.1977844238281,23.51333236694336
2019-12-12,68.96981811523438,287.65576171875,23.978666305541992
2019-12-13,69.28251647949219,287.8282470703125,23.892667770385742
2019-12-16,69.09325408935547,289.8055419921875,25.433332443237305
2019-12-17,69.10149383544922,289.8691101074219,25.266000747680664
2019-12-18,69.01094818115234,289.88720703125,26.209999084472656
2019-12-19,69.06035614013672,291.075439453125,26.93600082397461
2019-12-20,69.07681274414062,292.3515930175781,27.03933334350586
2019-12-23,69.03305053710938,292.7982177734375,27.947999954223633
2019-12-24,69.09909057617188,292.8074035644531,28.350000381469727
2019-12-26,69.1650390625,294.3659973144531,28.729333877563477
2019-12-27,69.2640380859375,294.293212890625,28.691999435424805
2019-12-30,69.23926544189453,292.670654296875,27.64666748046875
2019-12-31,69.1650390625,293.381591796875,27.8886661529541
2020-01-02,69.2557601928711,296.12518310546875,28.68400001525879
2020-01-03,69.50321960449219,293.8829040527344,29.534000396728516
2020-01-06,69.42071533203125,295.0042419433594,30.1026668548584
2020-01-07,69.36300659179688,294.1747131347656,31.270666122436523
2020-01-08,69.2557601928711,295.7425231933594,32.80933380126953
2020-01-09,69.33822631835938,297.74786376953125,32.089332580566406
2020-01-10,69.45368957519531,296.8909912109375,31.876667022705078
2020-01-13,69.4124984741211,298.9327697753906,34.990665435791016
2020-01-14,69.51145935058594,298.4770812988281,35.861331939697266
2020-01-15,69.61865997314453,299.15155029296875,34.56666564941406
2020-01-16,69.577392578125,301.6400451660156,34.232666015625
2020-01-17,69.56916809082031,302.578857421875,34.03333282470703
2020-01-21,69.74236297607422,301.9863586425781,36.47999954223633
2020-01-22,69.80011749267578,302.02276611328125,37.97066879272461
2020-01-23,69.923828125,302.3691711425781,38.14666748046875
2020-01-24,70.03102111816406,299.68011474609375,37.654666900634766
2020-01-27,70.26201629638672,294.87640380859375,37.201332092285156
2020-01-28,70.13827514648438,297.9665832519531,37.793331146240234
2020-01-29,70.3362045288086,297.7204895019531,38.732666015625
2020-01-30,70.35269165039062,298.6866455078125,42.72066879272461
2020-01-31,70.53418731689453,293.2630920410156,43.371334075927734
2020-02-03,70.4705581665039,295.4416809082031,52.0
2020-02-04,70.255615234375,299.9445495605469,59.137332916259766
2020-02-05,70.13990783691406,303.408447265625,48.97999954223633
2020-02-06,70.20603942871094,304.4292297363281,49.930667877197266
2020-02-07,70.42092895507812,302.8067626953125,49.871334075927734
2020-02-10,70.52837371826172,305.0673522949219,51.41866683959961
2020-02-11,70.41262817382812,305.595947265625,51.62533187866211
2020-02-12,70.33003234863281,307.5648498535156,51.15266799926758
2020-02-13,70.3961410522461,307.23675537109375,53.599998474121094
2020-02-14,70.4705581665039,307.7289123535156,53.33533477783203
2020-02-18,70.57797241210938,306.93603515625,57.22666549682617
2020-02-19,70.56970977783203,308.4034423828125,61.16133117675781
2020-02-20,70.7432861328125,307.136474609375,59.96066665649414
2020-02-21,70.91686248779297,303.9734802246094,60.06666564941406
2020-02-24,71.1400146484375,293.89208984375,55.58599853515625
2020-02-25,71.19789123535156,284.9866027832031,53.32733154296875
2020-02-26,71.15652465820312,283.93829345703125,51.91999816894531
2020-02-27,71.23922729492188,271.1862487792969,45.266666412353516
2020-02-28,71.71031951904297,270.0467224121094,44.53266525268555
2020-03-02,71.66313171386719,281.7414855957031,49.574668884277344
2020-03-03,72.09379577636719,273.674560546875,49.70066833496094
2020-03-04,72.07718658447266,285.1778869628906,49.96666717529297
2020-03-05,72.35050964355469,275.6981506347656,48.30266571044922
2020-03-06,72.8474349975586,271.1405944824219,46.89866638183594
2020-03-09,72.69002532958984,249.9659881591797,40.53333282470703
2020-03-10,71.71279907226562,262.9004821777344,43.02199935913086
2020-03-11,70.35460662841797,250.08441162109375,42.28200149536133
2020-03-12,66.52838134765625,226.1571044921875,37.369998931884766
2020-03-13,69.33595275878906,245.49037170410156,36.44133377075195
2020-03-16,70.06475067138672,218.62791442871094,29.67133331298828
2020-03-17,68.61538696289062,230.43209838867188,28.68000030517578
2020-03-18,66.95899963378906,218.7646484375,24.08133316040039
2020-03-19,66.91764068603516,219.22952270507812,28.50933265686035
2020-03-20,68.0522232055664,209.7819366455078,28.50200080871582
2020-03-23,69.55951690673828,204.41824340820312,28.952667236328125
2020-03-24,69.634033203125,222.93917846679688,33.66666793823242
2020-03-25,70.56990814208984,226.2766876220703,35.95000076293945
2020-03-26,70.89291381835938,239.48887634277344,35.21066665649414
2020-03-27,71.27386474609375,232.3555908203125,34.29066848754883
2020-03-30,71.34840393066406,239.9014892578125,33.47533416748047
2020-03-31,70.68587493896484,236.3256378173828,34.93333435058594
2020-04-01,71.05106353759766,225.68984985351562,32.104000091552734
2020-04-02,71.38308715820312,230.89773559570312,30.29800033569336
2020-04-03,71.34988403320312,227.56027221679688,32.000667572021484
2020-04-06,71.5739974975586,242.8446807861328,34.41600036621094
2020-04-07,71.64041900634766,243.0922088623047,36.36333465576172
2020-04-08,71.82302856445312,251.2524871826172,36.589332580566406
2020-04-09,72.61153411865234,255.07582092285156,38.20000076293945
2020-04-13,72.379150390625,252.7469940185547,43.39666748046875
2020-04-14,72.379150390625,260.2012023925781,47.32600021362305
2020-04-15,72.73601531982422,254.67236328125,48.65533447265625
2020-04-16,72.7775650024414,255.9009552001953,49.680667877197266
2020-04-17,72.6779556274414,262.81439208984375,50.259334564208984
2020-04-20,72.56173706054688,258.18408203125,49.75733184814453
2020-04-21,72.65306091308594,250.3448028564453,45.781333923339844
2020-04-22,72.59492492675781,255.9009552001953,48.807334899902344
2020-04-23,72.71114349365234,255.88270568847656,47.04199981689453
2020-04-24,72.68624877929688,259.44940185546875,48.34333419799805
2020-04-27,72.4289321899414,263.190185546875,53.25
2020-04-28,72.64473724365234,261.97991943359375,51.27466583251953
2020-04-29,72.69454193115234,268.8382263183594,53.367332458496094
2020-04-30,72.63644409179688,266.3350830078125,52.12533187866211
2020-05-01,72.60649108886719,259.28436279296875,46.75466537475586
2020-05-04,72.68138122558594,259.99945068359375,50.74599838256836
2020-05-05,72.61482238769531,262.4017639160156,51.2140007019043
2020-05-06,72.29044342041016,260.6228332519531,52.172000885009766
2020-05-07,72.5233383178711,263.7677917480469,52.00266647338867
2020-05-08,72.31541442871094,268.13214111328125,54.62799835205078
2020-05-11,72.09082794189453,268.1872253417969,54.08599853515625
2020-05-12,72.32373809814453,262.84185791015625,53.96066665649414
2020-05-13,72.40689086914062,258.19329833984375,52.73066711425781
2020-05-14,72.60649108886719,261.2831726074219,53.55533218383789
2020-05-15,72.64810180664062,262.4842834472656,53.27799987792969
2020-05-18,72.51500701904297,270.47943115234375,54.242000579833984
2020-05-19,72.60649108886719,267.7013244628906,53.867332458496094
2020-05-20,72.79779052734375,272.2489318847656,54.37066650390625
2020-05-21,72.87265014648438,270.36944580078125,55.17333221435547
2020-05-22,72.89762115478516,270.8829040527344,54.45866775512695
2020-05-26,72.85599517822266,274.22027587890625,54.591331481933594
2020-05-27,72.8892822265625,278.30035400390625,54.68199920654297
2020-05-28,72.91419219970703,277.7869567871094,53.72066879272461
2020-05-29,73.1221923828125,279.0246887207031,55.66666793823242
2020-06-01,73.06298065185547,280.1525573730469,59.87333297729492
2020-06-02,73.12132263183594,282.4721374511719,58.770668029785156
2020-06-03,72.95463562011719,286.2313232421875,58.86399841308594
2020-06-04,72.77967834472656,285.4796142578125,57.62533187866211
2020-06-05,72.77130126953125,292.7962951660156,59.04399871826172
2020-06-08,72.84632873535156,296.3353576660156,63.327999114990234
2020-06-09,72.89630889892578,294.1257019042969,62.711334228515625
2020-06-10,73.20467376708984,292.4845886230469,68.336669921875
2020-06-11,73.07132720947266,275.6230163574219,64.85600280761719
2020-06-12,73.14631652832031,278.9237976074219,62.35200119018555
2020-06-15,73.29634857177734,281.5278015136719,66.05999755859375
2020-06-16,73.20467376708984,286.9465637207031,65.47533416748047
2020-06-17,73.2213134765625,285.75457763671875,66.11933135986328
2020-06-18,73.3046646118164,285.8646545410156,66.9306640625
2020-06-19,73.32962799072266,284.23095703125,66.72666931152344
2020-06-22,73.3046646118164,286.0544128417969,66.28800201416016
2020-06-23,73.27130889892578,287.3712463378906,66.78533172607422
2020-06-24,73.2796401977539,280.04071044921875,64.0566635131836
2020-06-25,73.35462188720703,283.04296875,65.73200225830078
2020-06-26,73.48795318603516,276.3202819824219,63.982666015625
2020-06-29,73.53795623779297,280.381591796875,67.29000091552734
2020-06-30,73.61295318603516,283.9730224609375,71.98733520507812
2020-07-01,73.63130187988281,285.9621887207031,74.64199829101562
2020-07-02,73.7481918334961,287.5370178222656,80.57733154296875
2020-07-06,73.72314453125,291.975830078125,91.43866729736328
2020-07-07,73.84001922607422,288.9643859863281,92.65733337402344
2020-07-08,73.79830169677734,291.1745910644531,91.05867004394531
2020-07-09,73.9986343383789,289.51702880859375,92.9520034790039
2020-07-10,73.91519165039062,292.4731750488281,102.97666931152344
2020-07-13,73.94853210449219,289.9405517578125,99.80400085449219
2020-07-14,74.04039764404297,293.6979064941406,101.12000274658203
2020-07-15,74.0487289428711,296.3961486816406,103.06732940673828
2020-07-16,74.0988540649414,295.42010498046875,100.04266357421875
2020-07-17,74.1739501953125,296.2765197753906,100.05599975585938
2020-07-20,74.24909973144531,298.6709289550781,109.53333282470703
2020-07-21,74.29087829589844,299.30621337890625,104.55733489990234
2020-07-22,74.3909912109375,301.0100402832031,106.15533447265625
2020-07-23,74.45777893066406,297.4183349609375,100.87133026123047
2020-07-24,74.44111633300781,295.5029296875,94.46666717529297
2020-07-27,74.3909912109375,297.6578674316406,102.63999938964844
2020-07-28,74.42440032958984,295.7699890136719,98.43267059326172
2020-07-29,74.541259765625,299.4075927734375,99.94066619873047
2020-07-30,74.58297729492188,298.3393249511719,99.16600036621094
2020-07-31,74.68318176269531,300.6968688964844,95.38400268554688
2020-08-03,74.65728759765625,302.787353515625,99.0
2020-08-04,74.81619262695312,303.9569396972656,99.13333129882812
2020-08-05,74.7157974243164,305.8447570800781,99.00133514404297
2020-08-06,74.83290100097656,307.8891906738281,99.30533599853516
2020-08-07,74.74928283691406,308.1103210449219,96.84733581542969
2020-08-10,74.6656265258789,309.0311584472656,94.57133483886719
2020-08-11,74.40637969970703,306.4801940917969,91.6259994506836
2020-08-12,74.21403503417969,310.7532043457031,103.65066528320312
2020-08-13,73.97149658203125,310.1914978027344,108.06666564941406
2020-08-14,73.88787078857422,310.2007141113281,110.04733276367188
2020-08-17,73.9798583984375,311.1861572265625,122.3759994506836
2020-08-18,74.08023071289062,311.8583984375,125.80599975585938
2020-08-19,73.95478820800781,310.5599060058594,125.23533630371094
2020-08-20,74.08023071289062,311.5268249511719,133.45533752441406
2020-08-21,74.2391357421875,312.63189697265625,136.6653289794922
2020-08-24,74.15547943115234,315.7998962402344,134.27999877929688
2020-08-25,74.01329040527344,316.9049987792969,134.8893280029297
2020-08-26,73.97149658203125,320.0821533203125,143.54466247558594
2020-08-27,73.70388793945312,320.7821044921875,149.25
2020-08-28,73.76239776611328,322.85406494140625,147.55999755859375
2020-08-31,73.9798583984375,321.6845397949219,166.10667419433594
2020-09-01,74.18343353271484,324.7143249511719,158.35000610351562
2020-09-02,74.34261322021484,329.4111022949219,149.1233367919922
2020-09-03,74.35100555419922,318.0745849609375,135.6666717529297
2020-09-04,73.9153823852539,315.4775695800781,139.44000244140625
2020-09-08,74.02424621582031,306.85784912109375,110.06999969482422
2020-09-09,73.9739990234375,312.9174499511719,122.09333038330078
2020-09-10,73.99077606201172,307.4840087890625,123.77999877929688
2020-09-11,74.06616973876953,307.6405334472656,124.23999786376953
2020-09-14,74.06616973876953,311.6926574707031,139.8733367919922
2020-09-15,74.10804748535156,313.2673645019531,149.9199981689453
2020-09-16,74.09125518798828,312.0240783691406,147.25332641601562
2020-09-17,74.09125518798828,309.2796936035156,141.14332580566406
2020-09-18,74.00750732421875,305.7192077636719,147.38333129882812
2020-09-21,74.04940795898438,302.316650390625,149.79666137695312
2020-09-22,74.0745620727539,305.3955993652344,141.41000366210938
2020-09-23,73.90699005126953,298.3131103515625,126.78666687011719
2020-09-24,73.9153823852539,299.10821533203125,129.26333618164062
2020-09-25,73.90699005126953,303.9439697265625,135.77999877929688
2020-09-28,73.9739990234375,308.9922180175781,140.39999389648438
2020-09-29,74.02424621582031,307.3094787597656,139.69000244140625
2020-09-30,73.90699005126953,309.63946533203125,143.00332641601562
2020-10-01,73.98250579833984,311.62738037109375,149.3866729736328
2020-10-02,73.93215942382812,308.6686096191406,138.3633270263672
2020-10-05,73.65523529052734,314.14227294921875,141.89332580566406
2020-10-06,73.75592041015625,309.67645263671875,137.9933319091797
2020-10-07,73.65523529052734,315.0670166015625,141.76666259765625
2020-10-08,73.78111267089844,317.8591613769531,141.97332763671875
2020-10-09,73.79788970947266,320.6977233886719,144.6666717529297
2020-10-12,73.90699005126953,325.8569641113281,147.43333435058594
2020-10-13,73.96573638916016,323.7303466796875,148.88333129882812
2020-10-14,74.00767517089844,321.69622802734375,153.76666259765625
2020-10-15,73.96573638916016,321.2986755371094,149.6266632080078
2020-10-16,73.90699005126953,321.10455322265625,146.55667114257812
2020-10-19,73.83984375,316.2226867675781,143.61000061035156
2020-10-20,73.71394348144531,317.4892883300781,140.64666748046875
2020-10-21,73.63006591796875,316.8882751464844,140.8800048828125
2020-10-22,73.50418853759766,318.6265563964844,141.92999267578125
2020-10-23,73.59647369384766,319.7083435058594,140.2100067138672
2020-10-26,73.70556640625,313.8002014160156,140.0933380126953
2020-10-27,73.88182830810547,312.71832275390625,141.55999755859375
2020-10-28,73.78111267089844,302.030029296875,135.33999633789062
2020-10-29,73.62165832519531,305.09979248046875,136.94332885742188
2020-10-30,73.49578094482422,301.9190979003906,129.34666442871094
2020-11-02,73.59745025634766,305.30303955078125,133.50332641601562
2020-11-03,73.58065032958984,310.69354248046875,141.3000030517578
2020-11-04,74.08509063720703,317.63720703125,140.32666015625
2020-11-05,74.16075134277344,323.8320617675781,146.02999877929688
2020-11-06,73.99256134033203,323.7581481933594,143.31666564941406
2020-11-09,73.64794158935547,327.8264465332031,140.4199981689453
2020-11-10,73.50503540039062,327.34564208984375,136.7866668701172
2020-11-11,73.55548858642578,329.77728271484375,139.0433349609375
2020-11-12,73.79923248291016,326.5782165527344,137.25332641601562
2020-11-13,73.82447052001953,331.0994873046875,136.1666717529297
2020-11-16,73.86651611328125,335.2323913574219,136.02999877929688
2020-11-17,73.99256134033203,333.429443359375,147.20333862304688
2020-11-18,74.07662963867188,329.4167175292969,162.2133331298828
2020-11-19,74.22795104980469,330.8036193847656,166.42333984375
2020-11-20,74.29520416259766,328.5383605957031,163.20333862304688
2020-11-23,74.23638153076172,330.5078125,173.9499969482422
2020-11-24,74.16075134277344,335.83349609375,185.1266632080078
2020-11-25,74.12706756591797,335.31561279296875,191.3333282470703
2020-11-27,74.28681182861328,336.24945068359375,195.25332641601562
2020-11-30,74.38768005371094,334.7608947753906,189.1999969482422
2020-12-01,74.16292572021484,338.42230224609375,194.9199981689453
2020-12-02,74.03656768798828,339.1342468261719,189.60667419433594
2020-12-03,74.17971801757812,339.041748046875,197.7933349609375
2020-12-04,73.98605346679688,341.9635314941406,199.67999267578125
2020-12-07,74.08708190917969,341.2608337402344,213.9199981689453
2020-12-08,74.11237335205078,342.2593994140625,216.6266632080078
2020-12-09,73.98605346679688,339.1896667480469,201.4933319091797
2020-12-10,74.13764190673828,339.0787353515625,209.02333068847656
2020-12-11,74.25548553466797,338.6811828613281,203.3300018310547
2020-12-14,74.23027038574219,337.1647644042969,213.27667236328125
2020-12-15,74.26390838623047,341.72308349609375,211.0833282470703
2020-12-16,74.18812561035156,342.2593994140625,207.58999633789062
2020-12-17,74.20498657226562,344.17333984375,218.63333129882812
2020-12-18,74.17971801757812,342.799072265625,231.6666717529297
2020-12-21,74.18812561035156,341.5733642578125,216.6199951171875
2020-12-22,74.30602264404297,340.9976806640625,213.44667053222656
2020-12-23,74.22238159179688,341.3041687011719,215.32666015625
2020-12-24,74.34909057617188,342.6319580078125,220.58999633789062
2020-12-28,74.32376098632812,345.5754089355469,221.22999572753906
2020-12-29,74.34909057617188,344.9161071777344,221.99667358398438
2020-12-30,74.39978790283203,345.4082336425781,231.5933380126953
2020-12-31,74.50115203857422,347.16326904296875,235.22332763671875
2021-01-04,74.39978790283203,342.4369201660156,243.2566680908203
2021-01-05,74.27308654785156,344.7954406738281,245.0366668701172
2021-01-06,73.943603515625,346.8567810058594,251.9933319091797
2021-01-07,73.79157257080078,352.01019287109375,272.0133361816406
2021-01-08,73.72395324707031,354.01580810546875,293.3399963378906
2021-01-11,73.64795684814453,351.6295166015625,270.39666748046875
2021-01-12,73.63104248046875,351.7037658691406,283.14666748046875
2021-01-13,73.82536315917969,352.65087890625,284.8033447265625
2021-01-14,73.73241424560547,351.4158935546875,281.6666564941406
2021-01-15,73.79157257080078,348.8531799316406,275.38665771484375
2021-01-19,73.89290618896484,351.59234619140625,281.51666259765625
2021-01-20,73.88442993164062,356.4579772949219,283.48333740234375
2021-01-21,73.78308868408203,356.782958984375,281.663330078125
2021-01-22,73.81689453125,355.52001953125,282.21331787109375
2021-01-25,73.98582458496094,356.9222106933594,293.6000061035156
2021-01-26,73.9773941040039,356.36505126953125,294.36334228515625
2021-01-27,73.9773941040039,347.6553649902344,288.0533447265625
2021-01-28,73.91824340820312,350.6452941894531,278.4766540527344
2021-01-29,73.85910034179688,343.6254577636719,264.510009765625
2021-02-01,73.88365173339844,349.3453369140625,279.9366760253906
2021-02-02,73.79058837890625,354.2850341796875,290.92999267578125
2021-02-03,73.66368103027344,354.56378173828125,284.89666748046875
2021-02-04,73.68060302734375,358.5935363769531,283.3299865722656
2021-02-05,73.57907104492188,360.0048828125,284.07666015625
2021-02-08,73.66368103027344,362.6048583984375,287.8066711425781
2021-02-09,73.62982940673828,362.3634338378906,283.1533203125
2021-02-10,73.74828338623047,362.20556640625,268.2733459472656
2021-02-11,73.6721420288086,362.7904968261719,270.5533447265625
2021-02-12,73.47753143310547,364.5826721191406,272.0400085449219
2021-02-16,73.130615234375,364.2669677734375,265.40667724609375
2021-02-17,73.28291320800781,364.3505554199219,266.04998779296875
2021-02-18,73.24061584472656,362.79986572265625,262.4599914550781
2021-02-19,72.98677825927734,362.1591796875,260.4333190917969
2021-02-22,72.78369140625,359.37347412109375,238.1666717529297
2021-02-23,72.76677703857422,359.8099670410156,232.94667053222656
2021-02-24,72.72447204589844,363.7747802734375,247.33999633789062
2021-02-25,72.08988189697266,355.0093688964844,227.4066619873047
2021-02-26,72.71600341796875,353.18023681640625,225.1666717529297
2021-03-01,72.62196350097656,361.7413024902344,239.47666931152344
2021-03-02,72.61347198486328,358.9185485839844,228.81333923339844
2021-03-03,72.38465881347656,354.1644287109375,217.73333740234375
2021-03-04,72.15589904785156,349.7817077636719,207.14666748046875
2021-03-05,72.11351776123047,356.2165222167969,199.31666564941406
2021-03-08,71.78299713134766,354.44305419921875,187.6666717529297
2021-03-09,72.0202865600586,359.50360107421875,224.52667236328125
2021-03-10,72.15589904785156,361.7413024902344,222.68666076660156
2021-03-11,72.16435241699219,365.4090576171875,233.1999969482422
2021-03-12,71.732177734375,365.90118408203125,231.2433319091797
2021-03-15,71.81695556640625,368.0832214355469,235.97999572753906
2021-03-16,71.80845642089844,367.61895751953125,225.6266632080078
2021-03-17,71.78299713134766,368.87249755859375,233.93666076660156
2021-03-18,71.4864273071289,363.50555419921875,217.72000122070312
2021-03-19,71.54573822021484,362.83294677734375,218.2899932861328
2021-03-22,71.74913787841797,365.7301025390625,223.3333282470703
2021-03-23,71.9101333618164,362.8515625,220.72000122070312
2021-03-24,72.0202865600586,361.0069580078125,210.08999633789062
2021-03-25,71.96947479248047,363.0379333496094,213.4633331298828
2021-03-26,71.84235382080078,368.88824462890625,206.23666381835938
2021-03-29,71.74913787841797,368.7018737792969,203.76333618164062
2021-03-30,71.82540130615234,367.72381591796875,211.8733367919922
2021-03-31,71.79151153564453,369.2143249511719,222.64332580566406
2021-04-01,72.02251434326172,373.20147705078125,220.5833282470703
2021-04-05,71.91211700439453,378.5580749511719,230.35000610351562
2021-04-06,72.16690826416016,378.33453369140625,230.5399932861328
2021-04-07,72.08196258544922,378.7723083496094,223.6566619873047
2021-04-08,72.24332427978516,380.57025146484375,227.93333435058594
2021-04-09,72.14988708496094,383.3370056152344,225.67333984375
2021-04-12,72.1329574584961,383.476806640625,233.9933319091797
2021-04-13,72.31978607177734,384.6134338378906,254.10667419433594
2021-04-14,72.26882934570312,383.2998962402344,244.07666015625
2021-04-15,72.5745620727539,387.41741943359375,246.28334045410156
2021-04-16,72.3792495727539,388.7123107910156,246.5933380126953
2021-04-19,72.33674621582031,386.8026123046875,238.2100067138672
2021-04-20,72.45568084716797,383.9706115722656,239.663330078125
2021-04-21,72.53211212158203,387.603759765625,248.0399932861328
2021-04-22,72.56608581542969,384.0636901855469,239.89666748046875
2021-04-23,72.5745620727539,388.22796630859375,243.13333129882812
2021-04-26,72.52359771728516,389.0383605957031,246.06666564941406
2021-04-27,72.33674621582031,388.9544982910156,234.913330078125
2021-04-28,72.37073516845703,388.84271240234375,231.46665954589844
2021-04-29,72.31130981445312,391.3207092285156,225.6666717529297
2021-04-30,72.41320037841797,388.74957275390625,236.47999572753906
2021-05-03,72.43107604980469,389.5879211425781,228.3000030517578
2021-05-04,72.52462768554688,387.1844482421875,224.53334045410156
2021-05-05,72.5671615600586,387.3056640625,223.64666748046875
2021-05-06,72.6011734008789,390.39849853515625,221.17999267578125
2021-05-07,72.60969543457031,393.23980712890625,224.1233367919922
2021-05-10,72.43955993652344,389.3457946777344,209.67999267578125
2021-05-11,72.29496002197266,385.8709411621094,205.73333740234375
2021-05-12,72.03978729248047,377.6730651855469,196.6300048828125
2021-05-13,72.18438720703125,382.20989990234375,190.56333923339844
2021-05-14,72.3545150756836,388.078857421875,196.5800018310547
2021-05-17,72.28645324707031,387.09136962890625,192.27667236328125
2021-05-18,72.20992279052734,383.75628662109375,192.6233367919922
2021-05-19,72.13335418701172,382.750244140625,187.82000732421875
2021-05-20,72.37152099609375,386.8678283691406,195.5933380126953
2021-05-21,72.38853454589844,386.5511169433594,193.6266632080078
2021-05-24,72.47358703613281,390.4916687011719,202.14666748046875
2021-05-25,72.66073608398438,389.6252136230469,201.56333923339844
2021-05-26,72.63521575927734,390.39849853515625,206.3766632080078
2021-05-27,72.53312683105469,390.60345458984375,210.28334045410156
2021-05-28,72.52462768554688,391.3021240234375,208.4066619873047
2021-06-01,72.51951599121094,390.95745849609375,207.96665954589844
2021-06-02,72.59619140625,391.5722961425781,201.7066650390625
2021-06-03,72.45989227294922,390.1190185546875,190.94667053222656
2021-06-04,72.74956512451172,393.6869812011719,199.68333435058594
2021-06-07,72.6984634399414,393.3050231933594,201.7100067138672
2021-06-08,72.8347396850586,393.3888244628906,201.19667053222656
2021-06-09,72.9796142578125,392.80194091796875,199.5933380126953
2021-06-10,73.1329116821289,394.62786865234375,203.3733367919922
2021-06-11,73.11588287353516,395.27996826171875,203.29666137695312
2021-06-14,72.92848205566406,396.16497802734375,205.89666748046875
2021-06-15,72.92848205566406,395.4383544921875,199.7866668701172
2021-06-16,72.7239990234375,393.2304382324219,201.6233367919922
2021-06-17,72.9710693359375,393.10009765625,205.53334045410156
2021-06-18,73.20110321044922,387.7970275878906,207.77000427246094
2021-06-21,72.94550323486328,393.34869384765625,206.94332885742188
2021-06-22,73.0477294921875,395.4516296386719,207.90333557128906
2021-06-23,72.9966049194336,394.9749450683594,218.85667419433594
2021-06-24,73.03067779541016,397.3115539550781,226.60667419433594
2021-06-25,72.89437103271484,398.7227783203125,223.9566650390625
2021-06-28,73.09034729003906,399.5266418457031,229.57333374023438
2021-06-29,73.12444305419922,399.7416076660156,226.9199981689453
2021-06-30,73.17552947998047,400.0780944824219,226.56666564941406
2021-07-01,73.168701171875,402.2930908203125,225.97332763671875
2021-07-02,73.29672241210938,405.3680725097656,226.3000030517578
2021-07-06,73.56120300292969,404.6297302246094,219.86000061035156
2021-07-07,73.71476745605469,406.05975341796875,214.88333129882812
2021-07-08,73.7830581665039,402.7510986328125,217.60333251953125
2021-07-09,73.55265808105469,407.0503845214844,218.98333740234375
2021-07-12,73.52709197998047,408.5083923339844,228.56666564941406
2021-07-13,73.29672241210938,407.1158142089844,222.84666442871094
2021-07-14,73.54418182373047,407.72332763671875,217.7933349609375
2021-07-15,73.72335052490234,406.330810546875,216.86666870117188
2021-07-16,73.65507507324219,403.1436462402344,214.74000549316406
2021-07-19,74.07316589355469,397.19000244140625,215.4066619873047
2021-07-20,73.99639892578125,402.88189697265625,220.1666717529297
2021-07-21,73.7574691772461,406.1437683105469,218.42999267578125
2021-07-22,73.91960144042969,406.9943542480469,216.4199981689453
2021-07-23,73.83428955078125,411.1814880371094,214.4600067138672
2021-07-26,73.7916488647461,412.19085693359375,219.2066650390625
2021-07-27,73.97932434082031,410.312255859375,214.92666625976562
2021-07-28,74.04759979248047,410.14398193359375,215.66000366210938
2021-07-29,73.91960144042969,411.84503173828125,225.78334045410156
2021-07-30,74.0305404663086,409.844970703125,229.06666564941406
2021-08-02,74.20658874511719,408.9851379394531,236.55667114257812
2021-08-03,74.22366333007812,412.3122863769531,236.5800018310547
2021-08-04,74.22366333007812,410.28424072265625,236.97332763671875
2021-08-05,74.0527572631836,412.8825378417969,238.2100067138672
2021-08-06,73.70233917236328,413.5647277832031,233.03334045410156
2021-08-09,73.56563568115234,413.2283020019531,237.9199981689453
2021-08-10,73.45452117919922,413.7423400878906,236.663330078125
2021-08-11,73.50577545166016,414.7703552246094,235.94000244140625
2021-08-12,73.5143051147461,416.01348876953125,240.75
2021-08-13,73.80490112304688,416.7705993652344,239.05667114257812
2021-08-16,73.8732681274414,417.75189208984375,228.72332763671875
2021-08-17,73.79635620117188,415.01348876953125,221.90333557128906
2021-08-18,73.77922058105469,410.47113037109375,229.663330078125
2021-08-19,73.94165802001953,411.1066589355469,224.49000549316406
2021-08-20,73.92454528808594,414.3779296875,226.75332641601562
2021-08-23,73.94165802001953,418.0229797363281,235.43333435058594
2021-08-24,73.79635620117188,418.6865539550781,236.163330078125
2021-08-25,73.67669677734375,419.5650939941406,237.06666564941406
2021-08-26,73.68523406982422,417.08837890625,233.72000122070312
2021-08-27,73.89889526367188,420.8175354003906,237.30667114257812
2021-08-30,73.9843521118164,422.6681213378906,243.6366729736328
2021-08-31,73.89035034179688,422.0418701171875,245.24000549316406
2021-09-01,73.9031982421875,422.26611328125,244.69667053222656
2021-09-02,74.00591278076172,423.5653076171875,244.1300048828125
2021-09-03,73.85185241699219,423.4624938964844,244.52333068847656
2021-09-07,73.63786315917969,421.94842529296875,250.97332763671875
2021-09-08,73.75769805908203,421.4344177246094,251.2899932861328
2021-09-09,74.0230484008789,419.6305236816406,251.6199951171875
2021-09-10,73.84326934814453,416.3219299316406,245.42333984375
2021-09-13,73.9545669555664,417.38739013671875,247.6666717529297
2021-09-14,74.13433074951172,415.1349792480469,248.163330078125
2021-09-15,74.06583404541016,418.6025085449219,251.94332885742188
2021-09-16,73.92887115478516,417.93890380859375,252.3300018310547
2021-09-17,73.83473205566406,413.86761474609375,253.163330078125
2021-09-20,74.04015350341797,406.9667053222656,243.38999938964844
2021-09-21,74.0230484008789,406.5823669433594,246.4600067138672
2021-09-22,74.10009765625,410.5484924316406,250.64666748046875
2021-09-23,73.7063217163086,415.5367126464844,251.2133331298828
2021-09-24,73.55223846435547,416.22113037109375,258.1300048828125
2021-09-27,73.46668243408203,415.0303649902344,263.78668212890625
2021-09-28,73.14996337890625,406.66668701171875,259.1866760253906
2021-09-29,73.15851593017578,407.3511962890625,260.4366760253906
2021-09-30,73.14142608642578,402.3724365234375,258.49334716796875
2021-10-01,73.39002227783203,407.15423583984375,258.40667724609375
2021-10-04,73.33857727050781,401.903564453125,260.510009765625
2021-10-05,73.15857696533203,406.0853576660156,260.1966552734375
2021-10-06,73.19281768798828,407.7730712890625,260.9166564941406
2021-10-07,72.98709106445312,411.2986145019531,264.53668212890625
2021-10-08,72.80709838867188,410.5484924316406,261.8299865722656
2021-10-11,72.69562530517578,407.5762634277344,263.9800109863281
2021-10-12,72.96137237548828,406.5729064941406,268.5733337402344
2021-10-13,73.15857696533203,408.0356140136719,270.3599853515625
2021-10-14,73.28712463378906,414.8990783691406,272.7733459472656
2021-10-15,73.10710906982422,418.0588684082031,281.010009765625
2021-10-18,73.06424713134766,419.2965087890625,290.03668212890625
2021-10-19,72.8584976196289,422.5313415527344,288.0899963378906
2021-10-20,72.77277374267578,424.19091796875,288.6000061035156
2021-10-21,72.6698989868164,425.29730224609375,298.0
2021-10-22,72.8242416381836,424.8565979003906,303.2266540527344
2021-10-25,72.8584976196289,427.1350402832031,341.6199951171875
2021-10-26,73.00421905517578,427.51947021484375,339.4766540527344
2021-10-27,73.26998901367188,425.6254577636719,345.9533386230469
2021-10-28,73.1756820678711,429.7322692871094,359.0133361816406
2021-10-29,73.19281768798828,430.604248046875,371.3333435058594
2021-11-01,73.13617706298828,431.3450927734375,402.86334228515625
2021-11-02,73.2735824584961,433.0889892578125,390.6666564941406
2021-11-03,73.14474487304688,435.7331237792969,404.6199951171875
2021-11-04,73.4796142578125,437.78643798828125,409.9700012207031
2021-11-05,73.70285034179688,439.305419921875,407.36334228515625
2021-11-08,73.53971862792969,439.6804504394531,387.64666748046875
2021-11-09,73.74581909179688,438.2271423339844,341.1666564941406
2021-11-10,73.24776458740234,434.7017517089844,355.98333740234375
2021-11-11,73.12759399414062,434.84234619140625,354.5033264160156
2021-11-12,73.13617706298828,438.12396240234375,344.47332763671875
2021-11-15,72.8356704711914,438.2740783691406,337.7966613769531
2021-11-16,72.78412628173828,440.0086975097656,351.57666015625
2021-11-17,72.93871307373047,438.9397277832031,363.0033264160156
2021-11-18,73.02457427978516,440.4305725097656,365.4599914550781
2021-11-19,73.1791000366211,439.6429748535156,379.0199890136719
2021-11-22,72.81848907470703,438.4053649902344,385.6233215332031
2021-11-23,72.52658081054688,438.9866027832031,369.6766662597656
2021-11-24,72.69829559326172,440.15863037109375,372.0
2021-11-26,73.21342468261719,430.3417053222656,360.6400146484375
2021-11-29,73.20486450195312,435.6205749511719,378.9966735839844
2021-11-30,73.34222412109375,427.1444396972656,381.586669921875
2021-12-01,73.3895492553711,422.40008544921875,365.0
2021-12-02,73.39813995361328,428.86968994140625,361.5333251953125
2021-12-03,73.6819076538086,425.1379699707031,338.3233337402344
2021-12-06,73.48414611816406,430.17303466796875,336.336669921875
2021-12-07,73.32073974609375,439.07110595703125,350.5833435058594
2021-12-08,73.09712982177734,440.23370361328125,356.32000732421875
2021-12-09,73.13152313232422,437.2613830566406,334.6000061035156
2021-12-10,73.15734100341797,441.3775939941406,339.010009765625
2021-12-13,73.4067153930664,437.4677429199219,322.13665771484375
2021-12-14,73.28633117675781,434.4578857421875,319.5033264160156
2021-12-15,73.1917495727539,441.2462463378906,325.3299865722656
2021-12-16,73.28633117675781,437.3551940917969,308.97332763671875
2021-12-17,73.41535186767578,432.7005310058594,310.8566589355469
2021-12-20,73.2949447631836,428.09942626953125,299.9800109863281
2021-12-21,73.217529296875,435.7019958496094,312.84332275390625
2021-12-22,73.2949447631836,440.0584716796875,336.2900085449219
2021-12-23,73.18365478515625,442.7965393066406,355.6666564941406
2021-12-27,73.21817016601562,449.0630798339844,364.64666748046875
2021-12-28,73.20951080322266,448.696044921875,362.8233337402344
2021-12-29,72.96797180175781,449.2700500488281,362.0633239746094
2021-12-30,73.13187408447266,448.0280456542969,356.7799987792969
2021-12-31,73.11463165283203,446.8988952636719,352.260009765625
2022-01-03,72.62287902832031,449.48651123046875,399.9266662597656
2022-01-04,72.61422729492188,449.3359069824219,383.1966552734375
2022-01-05,72.36409759521484,440.7076416015625,362.7066650390625
2022-01-06,72.28642272949219,440.293701171875,354.8999938964844
2022-01-07,72.08799743652344,438.5529479980469,342.32000732421875
2022-01-10,72.02760314941406,438.0072326660156,352.7066650390625
2022-01-11,72.17430114746094,441.9967346191406,354.79998779296875
2022-01-12,72.14840698242188,443.1916809082031,368.739990234375
2022-01-13,72.2691650390625,437.08514404296875,343.85333251953125
2022-01-14,71.87230682373047,437.2639465332031,349.8699951171875
2022-01-18,71.42372131347656,429.5201416015625,343.5033264160156
2022-01-19,71.59626007080078,425.06024169921875,331.8833312988281
2022-01-20,71.67391204833984,420.3556823730469,332.0899963378906
2022-01-21,71.94132995605469,412.10382080078125,314.6333312988281
2022-01-24,71.8292236328125,413.8538513183594,310.0
2022-01-25,71.73429870605469,408.8011169433594,306.1333312988281
2022-01-26,71.33744812011719,407.7754821777344,312.4700012207031
2022-01-27,71.57034301757812,405.7619323730469,276.3666687011719
2022-01-28,71.65666961669922,415.8391418457031,282.1166687011719
2022-01-31,71.6048812866211,423.32891845703125,312.239990234375
2022-02-01,71.57638549804688,426.1893005371094,310.4166564941406
2022-02-02,71.68006896972656,430.329345703125,301.88665771484375
2022-02-03,71.37763214111328,420.2144775390625,297.0466613769531
2022-02-04,70.93690490722656,422.1903991699219,307.7733459472656
2022-02-07,70.99742889404297,420.8354797363281,302.4466552734375
2022-02-08,70.76407623291016,424.29803466796875,307.3333435058594
2022-02-09,70.81595611572266,430.50811767578125,310.6666564941406
2022-02-10,70.1678466796875,422.7738037109375,301.51666259765625
2022-02-11,70.62584686279297,414.43731689453125,286.6666564941406
2022-02-14,70.22835540771484,413.082275390625,291.9200134277344
2022-02-15,70.08140563964844,419.7440185546875,307.4766540527344
2022-02-16,70.17649841308594,420.2144775390625,307.7966613769531
2022-02-17,70.33201599121094,411.238037109375,292.1166687011719
2022-02-18,70.45297241210938,408.5752868652344,285.6600036621094
2022-02-22,70.40980529785156,404.1906433105469,273.84332275390625
2022-02-23,70.05548858642578,397.02081298828125,254.67999267578125
2022-02-24,70.21102905273438,402.99566650390625,266.92333984375
2022-02-25,70.27149963378906,411.8873291015625,269.9566650390625
2022-02-28,70.79002380371094,410.83349609375,290.1433410644531
2022-03-01,71.16132354736328,404.5763854980469,288.1233215332031
2022-03-02,70.28717803955078,412.0190734863281,293.2966613769531
2022-03-03,70.5987319946289,409.96783447265625,279.7633361816406
2022-03-04,70.84973907470703,406.636962890625,279.42999267578125
2022-03-07,70.50352478027344,394.6496276855469,268.1933288574219
2022-03-08,70.17465209960938,391.6575622558594,274.79998779296875
2022-03-09,69.98426818847656,402.1582946777344,286.3233337402344
2022-03-10,69.6120834350586,400.34228515625,279.4333190917969
2022-03-11,69.56014251708984,395.2519226074219,265.1166687011719
2022-03-14,68.91969299316406,392.36322021484375,255.4566650390625
2022-03-15,69.03217315673828,400.9914855957031,267.2966613769531
2022-03-16,69.13603210449219,409.8831787109375,280.07666015625
2022-03-17,69.19664001464844,415.01123046875,290.5333251953125
2022-03-18,69.39564514160156,419.55670166015625,301.7966613769531
2022-03-21,68.68598175048828,419.43402099609375,307.0533447265625
2022-03-22,68.51287078857422,424.3420104980469,331.32666015625
2022-03-23,68.82445526123047,418.87713623046875,333.03668212890625
2022-03-24,68.7379150390625,425.1914367675781,337.97332763671875
2022-03-25,68.13206481933594,427.26788330078125,336.8800048828125
2022-03-28,68.33110046386719,430.3070983886719,363.9466552734375
2022-03-29,68.63404846191406,435.63031005859375,366.5233459472656
2022-03-30,68.78984069824219,432.9403991699219,364.663330078125
2022-03-31,68.841796875,426.2768249511719,359.20001220703125
2022-04-01,68.6925048828125,427.4850158691406,361.5299987792969
2022-04-04,68.7446060180664,431.1471252441406,381.8166809082031
2022-04-05,68.05044555664062,425.7010498046875,363.7533264160156
2022-04-06,67.84222412109375,421.4444580078125,348.586669921875
2022-04-07,67.70341491699219,423.5680236816406,352.4200134277344
2022-04-08,67.33899688720703,422.43548583984375,341.8299865722656
2022-04-11,67.02664947509766,415.2150573730469,325.30999755859375
2022-04-12,67.24354553222656,413.67657470703125,328.98333740234375
2022-04-13,67.32162475585938,418.4146423339844,340.7900085449219
2022-04-14,66.86178588867188,413.20465087890625,328.3333435058594
2022-04-18,66.64484405517578,413.3745422363281,334.7633361816406
2022-04-19,66.22835540771484,420.04754638671875,342.7166748046875
2022-04-20,66.64484405517578,419.73602294921875,325.73333740234375
2022-04-21,66.28911590576172,413.45947265625,336.260009765625
2022-04-22,66.20233917236328,402.1145324707031,335.01666259765625
2022-04-25,66.61882019042969,404.4458312988281,332.67333984375
2022-04-26,66.7923583984375,392.7326965332031,292.1400146484375
2022-04-27,66.58411407470703,393.8369445800781,293.836669921875
2022-04-28,66.55809020996094,403.78509521484375,292.5033264160156
2022-04-29,66.10693359375,388.8629455566406,290.2533264160156
2022-05-02,65.76876068115234,391.2037048339844,300.9800109863281
2022-05-03,65.92524719238281,392.99700927734375,303.0833435058594
2022-05-04,66.3511962890625,404.9648742675781,317.5400085449219
2022-05-05,65.69051361083984,390.5713806152344,291.09332275390625
2022-05-06,65.41236877441406,388.24005126953125,288.54998779296875
2022-05-09,65.70793151855469,375.80963134765625,262.3699951171875
2022-05-10,65.8991470336914,376.67791748046875,266.67999267578125
2022-05-11,66.12518310546875,370.69403076171875,244.6666717529297
2022-05-12,66.25556945800781,370.30706787109375,242.6666717529297
2022-05-13,66.01219177246094,379.1602478027344,256.5299987792969
2022-05-16,66.116455078125,377.62176513671875,241.4566650390625
2022-05-17,65.72528839111328,385.3896179199219,253.8699951171875
2022-05-18,66.00346374511719,369.85400390625,236.60333251953125
2022-05-19,66.14253997802734,367.58880615234375,236.47332763671875
2022-05-20,66.34249114990234,367.749267578125,221.3000030517578
2022-05-23,66.1077880859375,374.6297912597656,224.96665954589844
2022-05-24,66.64673614501953,371.7699890136719,209.3866729736328
2022-05-25,66.91619873046875,375.0545654296875,219.60000610351562
2022-05-26,66.84664916992188,382.54864501953125,235.91000366210938
2022-05-27,67.03791046142578,391.9398498535156,253.2100067138672
2022-05-31,66.65545654296875,389.7407531738281,252.75332641601562
2022-06-01,66.3575668334961,386.58831787109375,246.7899932861328
2022-06-02,66.41850280761719,393.9503173828125,258.3333435058594
2022-06-03,66.32273864746094,387.4849853515625,234.51666259765625
2022-06-06,65.9307861328125,388.6647644042969,238.27999877929688
2022-06-07,66.1572265625,392.3929443359375,238.8866729736328
2022-06-08,65.88724517822266,388.1268005371094,241.86666870117188
2022-06-09,65.80018615722656,378.8959655761719,239.7066650390625
2022-06-10,65.24276733398438,367.9096984863281,232.22999572753906
2022-06-13,64.18888092041016,353.9408264160156,215.73666381835938
2022-06-14,63.84052658081055,352.8742370605469,220.88999938964844
2022-06-15,64.57209777832031,357.9049377441406,233.0
2022-06-16,64.71146392822266,346.05975341796875,213.10000610351562
2022-06-17,64.74630737304688,346.80572509765625,216.75999450683594
2022-06-21,64.45018005371094,355.5361022949219,237.0366668701172
2022-06-22,64.98143768310547,354.8914794921875,236.086669921875
2022-06-23,65.29499053955078,358.370361328125,235.07000732421875
2022-06-24,65.17304992675781,369.7642822265625,245.7066650390625
2022-06-27,64.85951232910156,368.3519592285156,244.9199981689453
2022-06-28,64.89434814453125,360.825439453125,232.663330078125
2022-06-29,65.26884460449219,360.5315856933594,228.49000549316406
2022-06-30,65.5475845336914,357.6025390625,224.47332763671875
2022-07-01,66.07028198242188,361.3846740722656,227.26333618164062
2022-07-05,66.18376159667969,362.06719970703125,233.06666564941406
2022-07-06,65.78231811523438,363.29010009765625,231.73333740234375
2022-07-07,65.59906005859375,368.7311096191406,244.5433349609375
2022-07-08,65.38090515136719,368.4278259277344,250.76333618164062
2022-07-11,65.62525177001953,364.21905517578125,234.3433380126953
2022-07-12,65.73868560791016,360.99603271484375,233.07000732421875
2022-07-13,65.9481201171875,359.1002502441406,237.0399932861328
2022-07-14,65.73868560791016,358.2282409667969,238.31333923339844
2022-07-15,65.97431945800781,365.0721435546875,240.06666564941406
2022-07-18,65.77361297607422,362.0577697753906,240.54666137695312
2022-07-19,65.72123718261719,371.84027099609375,245.52999877929688
2022-07-20,65.66014862060547,374.2100524902344,247.5
2022-07-21,66.20121765136719,378.02069091796875,271.7066650390625
2022-07-22,66.74229431152344,374.513427734375,272.24334716796875
2022-07-25,66.49793243408203,374.968505859375,268.4333190917969
2022-07-26,66.51538848876953,370.53216552734375,258.8599853515625
2022-07-27,66.6986312866211,380.1535949707031,274.82000732421875
2022-07-28,67.16116333007812,384.92156982421875,280.8999938964844
2022-07-29,67.1087875366211,390.53326416015625,297.1499938964844
2022-08-01,67.39999389648438,389.37677001953125,297.27667236328125
2022-08-02,66.71794891357422,386.8080139160156,300.586669921875
2022-08-03,67.05024719238281,392.86517333984375,307.39666748046875
2022-08-04,67.21635437011719,392.5997619628906,308.6333312988281
2022-08-05,66.45560455322266,391.93621826171875,288.1700134277344
2022-08-08,66.75289916992188,391.481201171875,290.42333984375
2022-08-09,66.60428619384766,389.9266052246094,283.3333435058594
2022-08-10,66.78789520263672,398.1166076660156,294.3566589355469
2022-08-11,66.41187286376953,398.1166076660156,286.6300048828125
2022-08-12,66.71794891357422,404.8563537597656,300.0299987792969
2022-08-15,66.78789520263672,406.52471923828125,309.32000732421875
2022-08-16,66.700439453125,407.32098388671875,306.5633239746094
2022-08-17,66.30696868896484,404.4297790527344,303.9966735839844
2022-08-18,66.42936706542969,405.6052551269531,302.8699951171875
2022-08-19,66.00965118408203,400.1546325683594,296.6666564941406
2022-08-22,65.71234893798828,391.82244873046875,289.913330078125
2022-08-23,65.68612670898438,390.8745422363281,296.4533386230469
2022-08-24,65.51997375488281,392.12579345703125,297.0966796875
2022-08-25,65.8785171508789,397.6615905761719,296.07000732421875
2022-08-26,65.74734497070312,384.201171875,288.0899963378906
2022-08-29,65.45001220703125,381.66070556640625,284.82000732421875
2022-08-30,65.50250244140625,377.470947265625,277.70001220703125
2022-08-31,65.23145294189453,374.5987243652344,275.6099853515625
2022-09-01,64.87741088867188,375.7742004394531,277.1600036621094
2022-09-02,65.04390716552734,371.81182861328125,270.2099914550781
2022-09-06,64.45681762695312,370.408935546875,274.4200134277344
2022-09-07,64.92121887207031,377.0633544921875,283.70001220703125
2022-09-08,64.7197036743164,379.52789306640625,289.260009765625
2022-09-09,64.69342803955078,385.4239501953125,299.67999267578125
2022-09-12,64.61455535888672,389.56640625,304.4200134277344
2022-09-13,64.29034423828125,372.6270751953125,292.1300048828125
2022-09-14,64.36920166015625,374.04901123046875,302.6099853515625
2022-09-15,64.17642211914062,369.8022766113281,303.75
2022-09-16,64.10633850097656,366.9810791015625,303.3500061035156
2022-09-19,64.0625228881836,369.8269958496094,309.07000732421875
2022-09-20,63.74706268310547,365.5819396972656,308.7300109863281
2022-09-21,63.92230987548828,359.2047424316406,300.79998779296875
2022-09-22,63.26513671875,356.1875305175781,288.5899963378906
2022-09-23,63.08987808227539,350.2197265625,275.3299865722656
2022-09-26,62.283748626708984,346.7550964355469,276.010009765625
2022-09-27,62.01207733154297,345.8699035644531,282.94000244140625
2022-09-28,62.9759635925293,352.6753845214844,287.80999755859375
2022-09-29,62.65174865722656,345.3082580566406,268.2099914550781
2022-09-30,62.50278091430664,339.9686279296875,265.25
2022-10-03,63.02618408203125,348.94427490234375,242.39999389648438
2022-10-04,63.18424606323242,359.7568054199219,249.44000244140625
2022-10-05,62.85053253173828,358.9192199707031,240.80999755859375
2022-10-06,62.61347198486328,355.21673583984375,238.1300048828125
2022-10-07,62.288509368896484,345.3082580566406,223.07000732421875
2022-10-10,62.00749588012695,342.6717529296875,222.9600067138672
2022-10-11,62.02507781982422,340.50164794921875,216.5
2022-10-12,62.095340728759766,339.3785095214844,217.24000549316406
2022-10-13,61.87578582763672,348.3351135253906,221.72000122070312
2022-10-14,61.577178955078125,340.39697265625,204.99000549316406
2022-10-17,61.70893859863281,349.14404296875,219.35000610351562
2022-10-18,61.849430084228516,353.2464599609375,220.19000244140625
2022-10-19,61.3400764465332,350.7431640625,222.0399932861328
2022-10-20,60.927345275878906,347.8020935058594,207.27999877929688
2022-10-21,61.032737731933594,356.254150390625,214.44000244140625
2022-10-24,60.94493103027344,360.6134033203125,211.25
2022-10-25,61.52450942993164,366.3719787597656,222.4199981689453
2022-10-26,61.770408630371094,363.6116638183594,224.63999938964844
2022-10-27,62.095340728759766,361.6699523925781,225.08999633789062
2022-10-28,61.9724006652832,370.2743835449219,228.52000427246094
2022-10-31,61.7791633605957,367.59979248046875,227.5399932861328
2022-11-01,61.84343719482422,365.99114990234375,227.82000732421875
2022-11-02,61.74663543701172,356.8061828613281,214.97999572753906
2022-11-03,61.50894546508789,353.13226318359375,215.30999755859375
2022-11-04,61.52655792236328,358.21484375,207.47000122070312
2022-11-07,61.28892135620117,361.6413879394531,197.0800018310547
2022-11-08,61.56177520751953,363.5926513671875,191.3000030517578
2022-11-09,61.649803161621094,356.10186767578125,177.58999633789062
2022-11-10,62.92608642578125,375.6711120605469,190.72000122070312
2022-11-11,62.92608642578125,379.30712890625,195.97000122070312
2022-11-14,62.7236328125,376.08038330078125,190.9499969482422
2022-11-15,63.16376876831055,379.2880554199219,194.4199981689453
2022-11-16,63.52463150024414,376.39453125,186.9199981689453
2022-11-17,63.26055908203125,375.2427673339844,183.1699981689453
2022-11-18,63.15495300292969,376.9465637207031,180.19000244140625
2022-11-21,63.15495300292969,375.57598876953125,167.8699951171875
2022-11-22,63.48063278198242,380.6301574707031,169.91000366210938
2022-11-23,63.86787796020508,383.0287170410156,183.1999969482422
2022-11-25,63.86787796020508,382.9429626464844,182.86000061035156
2022-11-28,63.788673400878906,376.8324279785156,182.9199981689453
2022-11-29,63.551048278808594,376.1851501464844,180.8300018310547
2022-11-30,64.0439682006836,388.0351867675781,194.6999969482422
2022-12-01,64.57769012451172,387.74969482421875,194.6999969482422
2022-12-02,64.84234619140625,387.30230712890625,194.86000061035156
2022-12-05,64.3306655883789,380.33502197265625,182.4499969482422
2022-12-06,64.54241180419922,374.8525695800781,179.82000732421875
2022-12-07,65.10704803466797,374.2148742675781,174.0399932861328
2022-12-08,64.9217300415039,377.146484375,173.44000244140625
2022-12-09,64.54241180419922,374.3291015625,179.0500030517578
2022-12-12,64.54241180419922,379.725830078125,167.82000732421875
2022-12-13,64.98351287841797,382.600341796875,160.9499969482422
2022-12-14,65.14228820800781,380.15423583984375,156.8000030517578
2022-12-15,65.17759704589844,370.85498046875,157.6699981689453
2022-12-16,65.0099868774414,366.47662353515625,150.22999572753906
2022-12-19,64.62178039550781,363.36895751953125,149.8699951171875
2022-12-20,64.1983413696289,363.86627197265625,137.8000030517578
2022-12-21,64.34833526611328,369.3069763183594,137.57000732421875
2022-12-22,64.3395004272461,364.038330078125,125.3499984741211
2022-12-23,64.13787078857422,366.1324157714844,123.1500015258789
2022-12-27,63.642662048339844,364.6885681152344,109.0999984741211
2022-12-28,63.55423355102539,360.1562194824219,112.70999908447266
2022-12-29,63.792991638183594,366.63916015625,121.81999969482422
2022-12-30,63.52768325805664,365.6734619140625,123.18000030517578
2023-01-03,63.8637580871582,364.1339416503906,108.0999984741211
2023-01-04,64.22628784179688,366.94512939453125,113.63999938964844
2023-01-05,64.1555404663086,362.75701904296875,110.33999633789062
2023-01-06,64.86298370361328,371.0758056640625,113.05999755859375
2023-01-09,65.03986358642578,370.8655090332031,119.7699966430664
2023-01-10,64.78339385986328,373.46630859375,118.8499984741211
2023-01-11,65.12831115722656,378.18988037109375,123.22000122070312
2023-01-12,65.6323471069336,379.5667724609375,123.55999755859375
2023-01-13,65.41127014160156,381.0393371582031,122.4000015258789
2023-01-17,65.32282257080078,380.34124755859375,131.49000549316406
2023-01-18,65.92413330078125,374.3364562988281,128.77999877929688
2023-01-19,65.79151153564453,371.611328125,127.16999816894531
2023-01-20,65.49969482421875,378.5340881347656,133.4199981689453
2023-01-23,65.34054565429688,383.07598876953125,143.75
2023-01-24,65.6323471069336,382.664794921875,143.88999938964844
2023-01-25,65.71189880371094,382.8081970214844,144.42999267578125
2023-01-26,65.5881118774414,387.0154113769531,160.27000427246094
2023-01-27,65.51737976074219,387.9046630859375,177.89999389648438
2023-01-30,65.33167266845703,383.0377197265625,166.66000366210938
2023-01-31,65.6323471069336,388.669677734375,173.22000122070312
2023-02-01,66.05427551269531,392.80035400390625,181.41000366210938
2023-02-02,66.09857177734375,398.518310546875,188.27000427246094
2023-02-03,65.51356506347656,394.28253173828125,189.97999572753906
2023-02-06,65.10582733154297,391.8728942871094,194.75999450683594
2023-02-07,65.01716613769531,396.9980163574219,196.80999755859375
2023-02-08,65.13241577148438,392.6568603515625,201.2899932861328
2023-02-09,64.86650085449219,389.2528991699219,207.32000732421875
2023-02-10,64.59171295166016,390.1612548828125,196.88999938964844
2023-02-13,64.76898193359375,394.74139404296875,194.63999938964844
2023-02-14,64.54740142822266,394.55975341796875,209.25
2023-02-15,64.40555572509766,395.84100341796875,214.24000549316406
2023-02-16,64.15735626220703,390.3907775878906,202.0399932861328
2023-02-17,64.29920196533203,389.41546630859375,208.30999755859375
2023-02-21,63.740753173828125,381.603515625,197.3699951171875
2023-02-22,63.88258361816406,381.0775451660156,200.86000061035156
2023-02-23,64.1130599975586,383.1046142578125,202.07000732421875
2023-02-24,63.75849533081055,379.0121765136719,196.8800048828125
2023-02-27,63.86486053466797,380.30303955078125,207.6300048828125
2023-02-28,63.88258361816406,378.8974304199219,205.7100067138672
2023-03-01,63.504127502441406,377.4440002441406,202.77000427246094
2023-03-02,63.37088394165039,380.3795166015625,190.89999389648438
2023-03-03,63.859466552734375,386.4799499511719,197.7899932861328
2023-03-06,63.70846939086914,386.7476806640625,193.80999755859375
2023-03-07,63.637386322021484,380.81939697265625,187.7100067138672
2023-03-08,63.584083557128906,381.4408874511719,182.0
2023-03-09,63.79729461669922,374.4034118652344,172.9199981689453
2023-03-10,64.56135559082031,369.0009765625,173.44000244140625
2023-03-13,65.07661437988281,368.4750061035156,174.47999572753906
2023-03-14,64.6679458618164,374.5659484863281,183.25999450683594
2023-03-15,65.33425903320312,372.22332763671875,180.4499969482422
2023-03-16,65.0233154296875,378.7539978027344,184.1300048828125
2023-03-17,65.49417877197266,374.3253173828125,180.1300048828125
2023-03-20,65.20987701416016,377.9246826171875,183.25
2023-03-21,65.03218078613281,382.8870849609375,197.5800018310547
2023-03-22,65.60967254638672,376.3602294921875,191.14999389648438
2023-03-23,65.76069641113281,377.3775939941406,192.22000122070312
2023-03-24,65.89396667480469,379.8539733886719,190.41000366210938
2023-03-27,65.20987701416016,380.564208984375,191.80999755859375
2023-03-28,65.0943832397461,379.7100830078125,189.19000244140625
2023-03-29,65.16545867919922,385.2290954589844,193.8800048828125
2023-03-30,65.25431060791016,387.4846496582031,195.27999877929688
2023-03-31,65.59191131591797,392.9461669921875,207.4600067138672
2023-04-03,65.87068176269531,394.4434509277344,194.77000427246094
2023-04-04,66.13787078857422,392.2550354003906,192.5800018310547
2023-04-05,66.31599426269531,391.22802734375,185.52000427246094
2023-04-06,66.29817962646484,392.7541198730469,185.05999755859375
2023-04-10,65.85284423828125,393.1572265625,184.50999450683594
2023-04-11,65.87957000732422,393.2628479003906,186.7899932861328
2023-04-12,65.95084381103516,391.659912109375,180.5399932861328
2023-04-13,65.91520690917969,396.86224365234375,185.89999389648438
2023-04-14,65.62129974365234,395.89276123046875,185.0
2023-04-17,65.26502990722656,397.3133544921875,187.0399932861328
2023-04-18,65.36302185058594,397.5724792480469,184.30999755859375
2023-04-19,65.27396392822266,397.5053405761719,180.58999633789062
2023-04-20,65.5589599609375,395.33612060546875,162.99000549316406
2023-04-21,65.44317626953125,395.6432189941406,165.0800018310547
2023-04-24,65.7014389038086,396.0559997558594,162.5500030517578
2023-04-25,66.12893676757812,389.7690734863281,160.6699981689453
2023-04-26,65.89738464355469,388.1181945800781,153.75
2023-04-27,65.61238861083984,395.8448181152344,160.19000244140625
2023-04-28,65.97756958007812,399.22344970703125,164.30999755859375
2023-05-01,65.29900360107422,398.8203125,161.8300018310547
2023-05-02,65.94184112548828,394.3379211425781,160.30999755859375
2023-05-03,66.21859741210938,391.6311340332031,160.61000061035156
2023-05-04,66.12931823730469,388.8572082519531,161.1999969482422
2023-05-05,65.88825988769531,396.0559997558594,170.05999755859375
2023-05-08,65.57581329345703,396.1615905761719,171.7899932861328
2023-05-09,65.50436401367188,394.4242858886719,169.14999389648438
2023-05-10,65.90613555908203,396.26715087890625,168.5399932861328
2023-05-11,66.12039184570312,395.5760498046875,172.0800018310547
2023-05-12,65.77217864990234,395.0577392578125,167.97999572753906
2023-05-15,65.60258483886719,396.4207458496094,166.35000610351562
2023-05-16,65.44187927246094,393.7715759277344,166.52000427246094
2023-05-17,65.32579040527344,398.55157470703125,173.86000061035156
2023-05-18,65.0579605102539,402.3908996582031,176.88999938964844
2023-05-19,64.8794174194336,401.80535888671875,180.13999938964844
2023-05-22,64.86155700683594,401.96856689453125,188.8699951171875
2023-05-23,64.90618133544922,397.457275390625,185.77000427246094
2023-05-24,64.72764587402344,394.5777893066406,182.89999389648438
2023-05-25,64.48656463623047,397.99481201171875,184.47000122070312
2023-05-26,64.5669174194336,403.14910888671875,193.1699981689453
2023-05-30,64.99547576904297,403.302734375,201.16000366210938
2023-05-31,65.20972442626953,401.0663146972656,203.92999267578125
2023-06-01,65.3860855102539,404.8768005371094,207.52000427246094
2023-06-02,65.01907348632812,410.7318115234375,213.97000122070312
2023-06-05,65.02803802490234,409.9447326660156,217.61000061035156
2023-06-06,65.11756896972656,410.83734130859375,221.30999755859375
2023-06-07,64.75055694580078,409.4167785644531,224.57000732421875
2023-06-08,65.07278442382812,411.8932189941406,234.86000061035156
2023-06-09,64.93851470947266,412.6322937011719,244.39999389648438
2023-06-12,65.07278442382812,416.3755798339844,249.8300018310547
2023-06-13,64.7863540649414,419.1207275390625,258.7099914550781
2023-06-14,64.8400650024414,419.6199035644531,256.7900085449219
2023-06-15,65.24286651611328,424.8221740722656,255.89999389648438
2023-06-16,65.09965515136719,423.3751525878906,260.5400085449219
2023-06-20,65.18914031982422,421.1785888671875,274.45001220703125
2023-06-21,65.29655456542969,419.02056884765625,259.4599914550781
2023-06-22,64.9832992553711,420.53314208984375,264.6099853515625
2023-06-23,65.17127227783203,417.3539733886719,256.6000061035156
2023-06-26,65.25181579589844,415.648681640625,241.0500030517578
2023-06-27,65.1264877319336,420.2055969238281,250.2100067138672
2023-06-28,65.3323745727539,420.41754150390625,256.239990234375
2023-06-29,64.8400650024414,422.0745849609375,257.5
2023-06-30,65.06385803222656,427.0553283691406,261.7699890136719
2023-07-03,64.87897491455078,427.5466613769531,279.82000732421875
2023-07-05,64.60980224609375,426.9108581542969,282.4800109863281
2023-07-06,64.19699096679688,423.5678405761719,276.5400085449219
2023-07-07,64.16110229492188,422.4984436035156,274.42999267578125
2023-07-10,64.38542938232422,423.5678405761719,269.6099853515625
2023-07-11,64.52001953125,426.2654113769531,269.7900085449219
2023-07-12,65.03150939941406,429.6950988769531,271.989990234375
2023-07-13,65.42636108398438,433.10546875,277.8999938964844
2023-07-14,65.12126922607422,432.835693359375,281.3800048828125
2023-07-17,65.19307708740234,434.3385925292969,290.3800048828125
2023-07-18,65.27383422851562,437.5660095214844,293.3399963378906
2023-07-19,65.42636108398438,438.53900146484375,291.260009765625
2023-07-20,65.12126922607422,435.62957763671875,262.8999938964844
2023-07-21,65.1661376953125,435.62957763671875,260.0199890136719
2023-07-24,65.0584716796875,437.5756530761719,269.05999755859375
2023-07-25,64.98665618896484,438.770263671875,265.2799987792969
2023-07-26,65.20204162597656,438.83770751953125,264.3500061035156
2023-07-27,64.64566802978516,435.9281921386719,255.7100067138672
2023-07-28,64.87001037597656,440.19610595703125,266.44000244140625
2023-07-31,64.98665618896484,441.0342102050781,267.42999267578125
2023-08-01,64.58447265625,439.7722473144531,261.07000732421875
2023-08-02,64.3775405883789,433.6546630859375,254.11000061035156
2023-08-03,63.98164749145508,432.4118347167969,259.32000732421875
2023-08-04,64.51248931884766,430.4560546875,253.86000061035156
2023-08-07,64.41353607177734,434.2133483886719,251.4499969482422
2023-08-08,64.6474380493164,432.32513427734375,249.6999969482422
2023-08-09,64.66545104980469,429.43487548828125,242.19000244140625
2023-08-10,64.30557250976562,429.5890808105469,245.33999633789062
2023-08-11,64.09859466552734,429.338623046875,242.64999389648438
2023-08-14,64.01763916015625,431.70855712890625,239.75999450683594
2023-08-15,63.8736572265625,426.6795959472656,232.9600067138672
2023-08-16,63.69369888305664,423.54864501953125,225.60000610351562
2023-08-17,63.630741119384766,420.3211975097656,219.22000122070312
2023-08-18,63.76569366455078,420.52349853515625,215.49000549316406
2023-08-21,63.45978927612305,423.25958251953125,231.27999877929688
2023-08-22,63.540748596191406,422.1130676269531,233.19000244140625
2023-08-23,64.1166000366211,426.8144836425781,236.86000061035156
2023-08-24,63.9636116027832,420.89923095703125,230.0399932861328
2023-08-25,63.9636116027832,423.866455078125,238.58999633789062
2023-08-28,64.08061218261719,426.5544128417969,238.82000732421875
2023-08-29,64.47650146484375,432.72015380859375,257.17999267578125
2023-08-30,64.44951629638672,434.50244140625,256.8999938964844
2023-08-31,64.5574722290039,433.8666076660156,258.0799865722656
2023-09-01,64.24711608886719,434.6758117675781,245.00999450683594
2023-09-05,63.89524459838867,432.79718017578125,256.489990234375
2023-09-06,63.823062896728516,429.8876953125,251.9199981689453
2023-09-07,64.03958129882812,428.56787109375,251.49000549316406
2023-09-08,64.05767822265625,429.21331787109375,248.5
2023-09-11,63.95841979980469,432.0361022949219,273.5799865722656
2023-09-12,64.00352478027344,429.6661376953125,267.4800109863281
2023-09-13,64.10276794433594,430.1671447753906,271.29998779296875
2023-09-14,63.99451446533203,433.876220703125,276.0400085449219
2023-09-15,63.86819076538086,428.648681640625,274.3900146484375
2023-09-18,63.93135070800781,428.900146484375,265.2799987792969
2023-09-19,63.796024322509766,428.0106201171875,266.5
2023-09-20,63.71479415893555,424.0757751464844,262.5899963378906
2023-09-21,63.31783676147461,417.0664978027344,255.6999969482422
2023-09-22,63.579463958740234,416.1286926269531,244.8800048828125
2023-09-25,63.11032485961914,417.87860107421875,246.99000549316406
2023-09-26,63.04716110229492,411.7394714355469,244.1199951171875
2023-09-27,62.82160186767578,411.90380859375,240.5
2023-09-28,62.983985900878906,414.2917785644531,246.3800048828125
2023-09-29,62.95694351196289,413.2862854003906,250.22000122070312
2023-10-02,62.52449035644531,413.12200927734375,251.60000610351562
2023-10-03,62.01787567138672,407.59185791015625,246.52999877929688
2023-10-04,62.42498016357422,410.5599670410156,261.1600036621094
2023-10-05,62.47022247314453,410.4052734375,260.04998779296875
2023-10-06,62.225929260253906,415.2779235839844,260.5299987792969
2023-10-09,62.85923767089844,417.9366149902344,259.6700134277344
2023-10-10,62.795894622802734,420.1118469238281,263.6199951171875
2023-10-11,63.08542251586914,421.83282470703125,262.989990234375
2023-10-12,62.54259490966797,419.2611389160156,258.8699951171875
2023-10-13,62.83208465576172,417.1728210449219,251.1199951171875
2023-10-16,62.50640106201172,421.5621032714844,253.9199981689453
2023-10-17,62.099266052246094,421.542724609375,254.85000610351562
2023-10-18,61.82785415649414,415.9256591796875,242.67999267578125
2023-10-19,61.55646896362305,412.2712097167969,220.11000061035156
2023-10-20,61.78263473510742,407.2052001953125,211.99000549316406
2023-10-23,62.01787567138672,406.4993896484375,212.0800018310547
2023-10-24,62.225929260253906,409.5641784667969,216.52000427246094
2023-10-25,61.75548553466797,403.6860046386719,212.4199981689453
2023-10-26,62.17166519165039,398.85205078125,205.75999450683594
2023-10-27,62.17166519165039,397.04412841796875,207.3000030517578
2023-10-30,62.01787567138672,401.7911071777344,197.36000061035156
2023-10-31,61.99976348876953,404.314453125,200.83999633789062
2023-11-01,62.601356506347656,408.62640380859375,205.66000366210938
2023-11-02,62.964324951171875,416.4574279785156,218.50999450683594
2023-11-03,63.336368560791016,420.2569274902344,219.9600067138672
2023-11-06,63.06415939331055,421.22369384765625,219.27000427246094
2023-11-07,63.38174057006836,422.4225158691406,222.17999267578125
2023-11-08,63.58136749267578,422.7319030761719,222.11000061035156
2023-11-09,63.10951232910156,419.4351501464844,209.97999572753906
2023-11-10,63.22748947143555,425.9803161621094,214.64999389648438
2023-11-13,63.20933532714844,425.5743408203125,223.7100067138672
2023-11-14,63.980628967285156,433.8307800292969,237.41000366210938
2023-11-15,63.62672805786133,434.7491455078125,242.83999633789062
2023-11-16,64.00782775878906,435.2809143066406,233.58999633789062
2023-11-17,64.09857177734375,435.8223571777344,234.3000030517578
2023-11-20,64.1893081665039,439.1771240234375,235.60000610351562
2023-11-21,64.28004455566406,438.2200012207031,241.1999969482422
2023-11-22,64.33451080322266,439.9118957519531,234.2100067138672
2023-11-24,64.02598571777344,440.1825866699219,235.4499969482422
2023-11-27,64.41614532470703,439.3898620605469,236.0800018310547
2023-11-28,64.68836212158203,439.8248596191406,246.72000122070312
2023-11-29,65.02410888671875,439.5154724121094,244.13999938964844
2023-11-30,64.81541442871094,441.2460632324219,240.0800018310547
2023-12-01,65.34410858154297,443.8564147949219,238.8300018310547
2023-12-04,65.08019256591797,441.5264892578125,235.5800018310547
2023-12-05,65.49878692626953,441.4394836425781,238.72000122070312
2023-12-06,65.68990325927734,439.6605529785156,239.3699951171875
2023-12-07,65.67170715332031,443.0152893066406,242.63999938964844
2023-12-08,65.35319519042969,444.919921875,243.83999633789062
2023-12-11,65.36229705810547,446.65045166015625,239.74000549316406
2023-12-12,65.55339813232422,448.69036865234375,237.00999450683594
2023-12-13,66.39054870605469,454.8779602050781,239.2899932861328
2023-12-14,66.89102172851562,456.3377380371094,251.0500030517578
2023-12-15,66.7909164428711,455.58642578125,253.5
2023-12-18,66.65442657470703,458.14910888671875,252.0800018310547
2023-12-19,66.78182220458984,460.9350891113281,257.2200012207031
2023-12-20,67.00021362304688,454.5477600097656,247.13999938964844
2023-12-21,66.99111938476562,458.8577575683594,254.5
2023-12-22,66.94639587402344,459.7799377441406,252.5399932861328
2023-12-26,67.01026916503906,461.72137451171875,256.6099853515625
2023-12-27,67.43919372558594,462.5562438964844,261.44000244140625
2023-12-28,67.27493286132812,462.7308654785156,253.17999267578125
2023-12-29,67.11981201171875,461.3913269042969,248.47999572753906
2024-01-02,66.83689880371094,458.8092346191406,248.4199981689453
2024-01-03,66.89166259765625,455.062255859375,238.4499969482422
2024-01-04,66.59051513671875,453.596435546875,237.92999267578125
2024-01-05,66.38973999023438,454.2178039550781,237.49000549316406
2024-01-08,66.68177795410156,460.70208740234375,240.4499969482422
2024-01-09,66.67266082763672,460.0032043457031,234.9600067138672
2024-01-10,66.5539779663086,462.6047058105469,233.94000244140625
2024-01-11,66.90078735351562,462.40087890625,227.22000122070312
2024-01-12,67.03767395019531,462.7211608886719,218.88999938964844
2024-01-16,66.56311798095703,461.0224609375,219.91000366210938
2024-01-17,66.40799713134766,458.4597473144531,215.5500030517578
2024-01-18,66.31673431396484,462.53680419921875,211.8800048828125
2024-01-19,66.31673431396484,468.3028259277344,212.19000244140625
2024-01-22,66.42625427246094,469.2929992675781,208.8000030517578
2024-01-23,66.27110290527344,470.66168212890625,209.13999938964844
2024-01-24,66.13420104980469,471.1761474609375,207.8300018310547
2024-01-25,66.4444808959961,473.7388000488281,182.6300048828125
2024-01-26,66.34410095214844,473.1369934082031,183.25
2024-01-29,66.6087417602539,476.8839416503906,190.92999267578125
2024-01-30,66.72740936279297,476.5151062011719,191.58999633789062
2024-01-31,67.01026916503906,468.7396240234375,187.2899932861328
2024-02-01,67.41482543945312,474.87457275390625,188.86000061035156
2024-02-02,66.8107681274414,479.8737487792969,187.91000366210938
2024-02-05,66.27994537353516,478.12646484375,181.05999755859375
2024-02-06,66.59111785888672,479.5145568847656,185.10000610351562
2024-02-07,66.46300506591797,483.513916015625,187.5800018310547
2024-02-08,66.28910064697266,483.72747802734375,189.55999755859375
2024-02-09,66.23416900634766,486.523193359375,193.57000732421875
2024-02-12,66.25247192382812,486.3096008300781,188.1300048828125
2024-02-13,65.67589569091797,479.6116638183594,184.02000427246094
2024-02-14,65.92302703857422,483.97021484375,188.7100067138672
2024-02-15,66.10607147216797,487.3094482421875,200.4499969482422
2024-02-16,65.89556884765625,484.8826599121094,199.9499969482422
2024-02-20,65.97792053222656,482.2132263183594,193.75999450683594
2024-02-21,65.79486846923828,482.6500549316406,194.77000427246094
2024-02-22,65.82234191894531,492.638671875,197.41000366210938
2024-02-23,66.06028747558594,492.9783935546875,191.97000122070312
2024-02-26,65.94132232666016,491.1728515625,199.39999389648438
2024-02-27,65.84064483642578,492.08538818359375,199.72999572753906
2024-02-28,65.987060546875,491.4349670410156,202.0399932861328
2024-02-29,66.09690856933594,493.20166015625,201.8800048828125
2024-03-01,66.37409973144531,497.83203125,202.63999938964844
2024-03-04,66.21805572509766,497.298095703125,188.13999938964844
2024-03-05,66.57598876953125,492.32806396484375,180.74000549316406
2024-03-06,66.69530487060547,494.8227844238281,176.5399932861328
2024-03-07,66.80545806884766,499.734619140625,178.64999389648438
2024-03-08,66.86967468261719,496.7350769042969,175.33999633789062
2024-03-11,66.8421401977539,496.3079833984375,177.77000427246094
2024-03-12,66.64022827148438,501.6469421386719,177.5399932861328
2024-03-13,66.53010559082031,500.8606262207031,169.47999572753906
2024-03-14,66.13546752929688,499.87054443359375,162.5
2024-03-15,66.0987319946289,496.4381408691406,163.57000732421875
2024-03-18,66.01614379882812,499.3885192871094,173.8000030517578
2024-03-19,66.19051361083984,502.1636657714844,171.32000732421875
2024-03-20,66.30982971191406,506.808349609375,175.66000366210938
2024-03-21,66.36491394042969,508.4831848144531,172.82000732421875
2024-03-22,66.58516693115234,507.5191955566406,170.8300018310547
2024-03-25,66.4566879272461,506.1170349121094,172.6300048828125
2024-03-26,66.51173400878906,505.1822204589844,177.6699981689453
2024-03-27,66.7411880493164,509.4277648925781,179.8300018310547
2024-03-28,66.65858459472656,509.3303527832031,175.7899932861328
2024-04-01,66.20384979248047,508.4441223144531,175.22000122070312
2024-04-02,66.13019561767578,505.2115173339844,166.6300048828125
2024-04-03,66.17622375488281,505.7664489746094,168.3800048828125
2024-04-04,66.3143081665039,499.5930480957031,171.11000061035156
2024-04-05,65.98294830322266,504.8121337890625,164.89999389648438
2024-04-08,65.92769622802734,505.09454345703125,172.97999572753906
2024-04-09,66.1670150756836,505.67889404296875,176.8800048828125
2024-04-10,65.393798828125,500.61553955078125,171.75999450683594
2024-04-11,65.393798828125,504.39349365234375,174.60000610351562
2024-04-12,65.54108428955078,497.43133544921875,171.0500030517578
2024-04-15,65.10845184326172,491.199462890625,161.47999572753906
2024-04-16,64.94273376464844,490.3035888671875,157.11000061035156
2024-04-17,65.2557373046875,487.40185546875,155.4499969482422
2024-04-18,65.0808334350586,486.39892578125,149.92999267578125
2024-04-19,65.16368103027344,482.15350341796875,147.0500030517578
2024-04-22,65.19127655029297,486.5937194824219,142.0500030517578
2024-04-23,65.31095123291016,492.367919921875,144.67999267578125
2024-04-24,65.1452407836914,492.13427734375,162.1300048828125
2024-04-25,64.9611587524414,490.2646484375,170.17999267578125
2024-04-26,65.10845184326172,494.9093933105469,168.2899932861328
2024-04-29,65.3017578125,496.66204833984375,194.0500030517578
2024-04-30,65.05320739746094,488.79437255859375,183.27999877929688
2024-05-01,65.28773498535156,487.2071838378906,179.99000549316406
2024-05-02,65.5462417602539,491.7641906738281,180.00999450683594
2024-05-03,65.87863159179688,497.8597717285156,181.19000244140625
2024-05-06,65.94329071044922,503.00103759765625,184.75999450683594
2024-05-07,66.07254791259766,503.5561218261719,177.80999755859375
2024-05-08,65.91558074951172,503.6047668457031,174.72000122070312
2024-05-09,66.09100341796875,506.5064697265625,171.97000122070312
2024-05-10,65.9063491821289,507.15899658203125,168.47000122070312
2024-05-13,65.96175384521484,507.2271423339844,171.88999938964844
2024-05-14,66.1556396484375,509.5544128417969,177.5500030517578
2024-05-15,66.58037567138672,515.8641357421875,173.99000549316406
2024-05-16,66.46959686279297,514.8026123046875,174.83999633789062
2024-05-17,66.30337524414062,515.542724609375,177.4600067138672
2024-05-20,66.2387466430664,516.1366577148438,174.9499969482422
2024-05-21,66.37723541259766,517.4026489257812,186.60000610351562
2024-05-22,66.29414367675781,515.9127807617188,180.11000061035156
2024-05-23,66.10025787353516,512.14453125,173.74000549316406
2024-05-24,66.17408752441406,515.5331420898438,179.24000549316406
2024-05-28,65.86017608642578,515.8932495117188,176.75
2024-05-29,65.62012481689453,512.2806396484375,176.19000244140625
2024-05-30,65.9063491821289,508.8823547363281,178.7899932861328
2024-05-31,66.14639282226562,513.517333984375,178.0800018310547
2024-06-03,66.51595306396484,513.93603515625,176.2899932861328
2024-06-04,66.76598358154297,514.5105590820312,174.77000427246094
2024-06-05,66.95124053955078,520.6255493164062,175.0
2024-06-06,66.96051025390625,520.615966796875,177.94000244140625
2024-06-07,66.42333984375,519.9830322265625,177.47999572753906
2024-06-10,66.32144927978516,521.589599609375,173.7899932861328
2024-06-11,66.59003448486328,522.8457641601562,170.66000366210938
2024-06-12,66.89567565917969,527.1399536132812,177.2899932861328
2024-06-13,67.1920394897461,528.201171875,182.47000122070312
2024-06-14,67.29390716552734,528.5226440429688,178.00999450683594
2024-06-17,67.04385375976562,532.7291870117188,187.44000244140625
2024-06-18,67.27536010742188,534.0825805664062,184.86000061035156
2024-06-20,67.14570617675781,532.6317138671875,181.57000732421875
2024-06-21,67.16426086425781,531.9176635742188,183.00999450683594
2024-06-24,67.2012939453125,530.1885375976562,182.5800018310547
2024-06-25,67.23832702636719,532.2304077148438,187.35000610351562
2024-06-26,66.92345428466797,532.89453125,196.3699951171875
2024-06-27,67.04385375976562,533.7346801757812,197.4199981689453
2024-06-28,66.72895812988281,531.6343994140625,197.8800048828125
2024-07-01,66.37687683105469,532.7285766601562,209.86000061035156
2024-07-02,66.57196044921875,536.3136596679688,231.25999450683594
2024-07-03,66.95285034179688,538.7069091796875,246.38999938964844
2024-07-05,67.25941467285156,541.8134765625,251.52000427246094
2024-07-08,67.25941467285156,542.4386596679688,252.94000244140625
2024-07-09,67.2315444946289,542.9661865234375,262.3299865722656
2024-07-10,67.28727722167969,548.3389892578125,263.260009765625
2024-07-11,67.62171936035156,543.6109008789062,241.02999877929688
2024-07-12,67.79823303222656,547.0396118164062,248.22999572753906
2024-07-15,67.58456420898438,548.5440673828125,252.63999938964844
2024-07-16,67.84469604492188,551.7969360351562,256.55999755859375
2024-07-17,67.90971374511719,544.060302734375,248.5
2024-07-18,67.73320770263672,539.879150390625,249.22999572753906
2024-07-19,67.55669403076172,536.2940673828125,239.1999969482422
2024-07-22,67.52882385253906,541.8232421875,251.50999450683594
2024-07-23,67.53811645507812,540.9733276367188,246.3800048828125
2024-07-24,67.34302520751953,528.7134399414062,215.99000549316406
2024-07-25,67.49164581298828,525.958740234375,220.25
2024-07-26,67.76107025146484,531.8493041992188,219.8000030517578
2024-07-29,67.84469604492188,532.1618041992188,232.10000610351562
2024-07-30,67.92830657958984,529.4656982421875,222.6199951171875
2024-07-31,68.29989624023438,538.072021484375,232.07000732421875
2024-08-01,68.55520629882812,530.452392578125,216.86000061035156
2024-08-02,69.33795928955078,520.5762939453125,207.6699981689453
2024-08-05,69.27271270751953,505.4151306152344,198.8800048828125
2024-08-06,68.84408569335938,510.07476806640625,200.63999938964844
2024-08-07,68.6763687133789,506.6654968261719,191.75999450683594
2024-08-08,68.57386016845703,518.378173828125,198.83999633789062
2024-08-09,68.8161392211914,520.6640625,200.0
2024-08-12,68.93727111816406,520.9375610351562,197.49000549316406
2024-08-13,69.19818878173828,529.5047607421875,207.8300018310547
2024-08-14,69.32862854003906,531.17529296875,201.3800048828125
2024-08-15,69.03974914550781,540.27978515625,214.13999938964844
2024-08-16,69.1888656616211,541.4910888671875,216.1199951171875
2024-08-19,69.27271270751953,546.6685180664062,222.72000122070312
2024-08-20,69.47773742675781,545.779541015625,221.10000610351562
2024-08-21,69.62682342529297,547.6550903320312,223.27000427246094
2024-08-22,69.3472671508789,543.3568725585938,210.66000366210938
2024-08-23,69.65478515625,549.1302490234375,220.32000732421875
2024-08-26,69.58021545410156,547.8212280273438,213.2100067138672
2024-08-27,69.58021545410156,548.5734252929688,209.2100067138672
2024-08-28,69.53363800048828,545.3888549804688,205.75
2024-08-29,69.43114471435547,545.4376220703125,206.27999877929688
2024-08-30,69.29136657714844,550.644287109375,214.11000061035156
2024-09-03,69.58671569824219,539.3126220703125,210.60000610351562
2024-09-04,69.89514923095703,538.2088012695312,219.41000366210938
2024-09-05,70.06340789794922,536.8997192382812,230.1699981689453
2024-09-06,70.14753723144531,527.8636474609375,210.72999572753906
2024-09-09,70.2409896850586,533.7736206054688,216.27000427246094
2024-09-10,70.47466278076172,536.0987548828125,226.1699981689453
2024-09-11,70.43724822998047,541.5984497070312,228.1300048828125
2024-09-12,70.36251068115234,546.1605224609375,229.80999755859375
2024-09-13,70.51205444335938,549.0130004882812,230.2899932861328
2024-09-16,70.69898986816406,549.8238525390625,226.77999877929688
2024-09-17,70.60552215576172,550.0485229492188,227.8699951171875
2024-09-18,70.39053344726562,548.4171142578125,227.1999969482422
2024-09-19,70.39053344726562,557.7755737304688,243.9199981689453
2024-09-20,70.3812026977539,556.811279296875,238.25
2024-09-23,70.33446502685547,558.2028198242188,250.0
2024-09-24,70.4185791015625,559.7999267578125,254.27000427246094
2024-09-25,70.15686798095703,558.5653076171875,257.0199890136719
2024-09-26,70.15686798095703,560.77978515625,254.22000122070312
2024-09-27,70.36251068115234,559.9664916992188,260.4599914550781
2024-09-30,70.20361328125,562.2103881835938,261.6300048828125
2024-10-01,70.4107894897461,557.1738891601562,258.0199890136719
2024-10-02,70.27954864501953,557.4090576171875,249.02000427246094
2024-10-03,69.97017669677734,556.3899536132812,240.66000366210938
2024-10-04,69.5108413696289,561.4461059570312,250.0800018310547
2024-10-07,69.30461883544922,556.370361328125,240.8300018310547
2024-10-08,69.40771484375,561.6322631835938,244.5
2024-10-09,69.2202377319336,565.5223999023438,241.0500030517578
2024-10-10,69.19212341308594,564.5327758789062,238.77000427246094
2024-10-11,69.20149230957031,567.9132080078125,217.8000030517578
2024-10-14,69.15460968017578,572.557861328125,219.16000366210938
2024-10-15,69.42647552490234,568.1093139648438,219.57000732421875
2024-10-16,69.52021026611328,570.5784912109375,221.3300018310547
2024-10-17,69.1827392578125,570.6275024414062,220.88999938964844
2024-10-18,69.2202377319336,572.8224487304688,220.6999969482422
2024-10-21,68.75153350830078,571.8817749023438,218.85000610351562
2024-10-22,68.77965545654297,571.5780639648438,217.97000122070312
2024-10-23,68.61090850830078,566.3552856445312,213.64999389648438
2024-10-24,68.72339630126953,567.580078125,260.4800109863281
2024-10-25,68.58277130126953,567.3840942382812,269.19000244140625
2024-10-28,68.4984130859375,569.1381225585938,262.510009765625
2024-10-29,68.55465698242188,570.059326171875,259.5199890136719
2024-10-30,68.48902893066406,568.3345947265625,257.54998779296875
2024-10-31,68.47965240478516,557.1934814453125,249.85000610351562
2024-11-01,68.21448516845703,559.5452270507812,248.97999572753906
2024-11-04,68.48719024658203,558.3399047851562,242.83999633789062
2024-11-05,68.65646362304688,565.0912475585938,251.44000244140625
2024-11-06,68.09223937988281,579.1425170898438,288.5299987792969
2024-11-07,68.60005187988281,583.6205444335938,296.9100036621094
2024-11-08,68.73167419433594,586.1486206054688,321.2200012207031
2024-11-11,68.60005187988281,586.7072143554688,350.0
2024-11-12,68.18626403808594,584.8847045898438,328.489990234375
2024-11-13,68.1580581665039,585.1687622070312,330.239990234375
2024-11-14,68.13924407958984,581.4061279296875,311.17999267578125
2024-11-15,68.1580581665039,573.9591064453125,320.7200012207031
2024-11-18,68.22390747070312,576.310791015625,338.739990234375
2024-11-19,68.34613800048828,578.4175415039062,346.0
2024-11-20,68.27090454101562,578.6134033203125,342.0299987792969
2024-11-21,68.23329162597656,581.7196655273438,339.6400146484375
2024-11-22,68.26150512695312,583.5226440429688,352.55999755859375
2024-11-25,68.89153289794922,585.5020141601562,338.5899963378906
2024-11-26,68.76929473876953,588.5592041015625,338.2300109863281
2024-11-27,68.95738220214844,586.77587890625,332.8900146484375
2024-11-29,69.2112808227539,590.4208374023438,345.1600036621094
2024-12-02,69.25182342529297,591.4791870117188,357.0899963378906
2024-12-03,69.09147644042969,591.7534790039062,351.4200134277344
2024-12-04,69.32730102539062,595.4280395507812,357.92999267578125
2024-12-05,69.33672332763672,594.4481201171875,369.489990234375
2024-12-06,69.52536010742188,595.5750122070312,389.2200012207031
2024-12-09,69.3178482055664,592.5079956054688,389.7900085449219
2024-12-10,69.24240112304688,590.6658325195312,400.989990234375
2024-12-11,69.09147644042969,595.2321166992188,424.7699890136719
2024-12-12,68.81792449951172,592.1650390625,418.1000061035156
2024-12-13,68.54439544677734,592.0474243164062,436.2300109863281
2024-12-16,68.619873046875,594.575439453125,463.0199890136719
2024-12-17,68.62931060791016,592.1258544921875,479.8599853515625
2024-12-18,68.09166717529297,574.4784545898438,440.1300048828125
2024-12-19,67.90300750732422,574.302001953125,436.1700134277344
2024-12-20,68.11051177978516,581.199951171875,421.05999755859375
2024-12-23,67.8935775756836,584.680419921875,430.6000061035156
2024-12-24,67.99103546142578,591.1790161132812,462.2799987792969
2024-12-26,68.03836059570312,591.2185668945312,454.1300048828125
2024-12-27,67.89642333984375,584.9949340820312,431.6600036621094
2024-12-30,68.16138458251953,578.3192138671875,417.4100036621094
2024-12-31,68.04784393310547,576.2152709960938,403.8399963378906
2025-01-02,68.07621002197266,574.7994995117188,379.2799987792969
2025-01-03,67.99103546142578,581.9865112304688,410.44000244140625
2025-01-06,67.92481994628906,585.3390502929688,411.04998779296875
2025-01-07,67.68824768066406,578.7222900390625,394.3599853515625
2025-01-08,67.76393127441406,579.56787109375,394.94000244140625
2025-01-10,67.41381072998047,570.7192993164062,394.739990234375
2025-01-13,67.34757232666016,571.6041870117188,403.30999755859375
2025-01-14,67.39488983154297,572.3906860351562,396.3599853515625
2025-01-15,67.93428802490234,582.802490234375,428.2200012207031
2025-01-16,68.06675720214844,581.6817626953125,413.82000732421875
2025-01-17,68.08566284179688,587.521728515625,426.5
2025-01-21,68.2844009399414,592.8995971679688,424.07000732421875
2025-01-22,68.1424560546875,596.2325439453125,415.1099853515625
2025-01-23,68.03836059570312,599.4868774414062,412.3800048828125
2025-01-24,68.17084503173828,597.7367553710938,406.5799865722656
2025-01-27,68.53044128417969,589.2816772460938,397.1499938964844
2025-01-28,68.49260711669922,594.3448486328125,398.0899963378906
2025-01-29,68.4547348022461,591.6805419921875,389.1000061035156
2025-01-30,68.54935455322266,594.8561401367188,400.2799987792969
2025-01-31,68.4547348022461,591.6903076171875,404.6000061035156
2025-02-03,68.51644134521484,587.70849609375,383.67999267578125
2025-02-04,68.61138153076172,591.6509399414062,392.2099914550781
2025-02-05,68.96263885498047,594.0499267578125,378.1700134277344
2025-02-06,68.8866958618164,596.1145629882812,374.32000732421875
2025-02-07,68.6778335571289,590.6580200195312,361.6199951171875
2025-02-10,68.69682312011719,594.6693725585938,350.7300109863281
2025-02-11,68.5828857421875,595.1217041015625,328.5
2025-02-12,68.23163604736328,593.2044677734375,336.510009765625
2025-02-13,68.63986206054688,599.4671630859375,355.94000244140625
2025-02-14,68.85820770263672,599.4376831054688,355.8399963378906
2025-02-18,68.6019058227539,601.1976318359375,354.1099853515625
2025-02-19,68.69682312011719,602.6133422851562,360.55999755859375
2025-02-20,68.78227996826172,600.1062622070312,354.3999938964844
2025-02-21,69.08607482910156,589.8419799804688,337.79998779296875
2025-02-24,69.18099975585938,587.1578979492188,330.5299987792969
2025-02-25,69.61772155761719,584.2379150390625,302.79998779296875
2025-02-26,69.72215270996094,584.5328979492188,290.79998779296875
2025-02-27,69.6366958618164,575.2025146484375,281.95001220703125
2025-02-28,69.9310073852539,584.1788940429688,292.9800109863281
2025-03-03,70.0919418334961,573.9441528320312,284.6499938964844
2025-03-04,69.89198303222656,567.1504516601562,272.0400085449219
2025-03-05,69.64440155029297,573.24609375,279.1000061035156
2025-03-06,69.58726501464844,563.0703735351562,263.45001220703125
2025-03-07,69.51107788085938,566.2261962890625,262.6700134277344
2025-03-10,69.8348388671875,551.1444702148438,222.14999389648438
2025-03-11,69.5682144165039,546.5628051757812,230.5800018310547
2025-03-12,69.4253921508789,549.4632568359375,248.08999633789062
2025-03-13,69.6348876953125,542.138671875,240.67999267578125
2025-03-14,69.4634780883789,553.3369750976562,249.97999572753906
2025-03-17,69.55870056152344,557.6039428710938,238.00999450683594
2025-03-18,69.6348876953125,551.5770263671875,225.30999755859375
2025-03-19,69.8443603515625,557.5842895507812,235.86000061035156
2025-03-20,69.87293243408203,555.9718017578125,236.25999450683594
2025-03-21,69.81578826904297,556.1552734375,248.7100067138672
2025-03-24,69.51107788085938,566.1151733398438,278.3900146484375
2025-03-25,69.5968017578125,567.4759521484375,288.1400146484375
2025-03-26,69.4444351196289,560.7013549804688,272.05999755859375
2025-03-27,69.41586303710938,559.2123413085938,273.1300048828125
2025-03-28,69.81578826904297,547.95068359375,263.54998779296875
2025-03-31,69.93958282470703,551.6289672851562,259.1600036621094
2025-04-01,70.15931701660156,553.1869506835938,268.4599914550781
2025-04-02,70.10197448730469,556.687744140625,282.760009765625
2025-04-03,70.46501922607422,529.2537231445312,267.2799987792969
2025-04-04,70.52232360839844,498.2696838378906,239.42999267578125
2025-04-07,69.67210388183594,497.3821716308594,233.2899932861328
2025-04-08,69.27084350585938,489.5917663574219,221.86000061035156
2025-04-09,69.4332504272461,541.0084838867188,272.20001220703125
2025-04-10,68.8791732788086,517.3018798828125,252.39999389648438
2025-04-11,68.80274200439453,526.531982421875,252.30999755859375
2025-04-14,69.19442749023438,531.6401977539062,252.35000610351562
2025-04-15,69.36638641357422,530.151123046875,254.11000061035156
2025-04-16,69.55744171142578,518.3668823242188,241.5500030517578
2025-04-17,69.40459442138672,519.1064453125,241.3699951171875
2025-04-21,69.02247619628906,506.7503356933594,227.5
2025-04-22,69.14666748046875,519.9349365234375,237.97000122070312
2025-04-23,69.28996276855469,527.9915161132812,250.74000549316406
2025-04-24,69.68165588378906,539.1051635742188,259.510009765625
2025-04-25,69.9109115600586,543.0003662109375,284.95001220703125
2025-04-28,70.0828857421875,543.2074584960938,285.8800048828125
2025-04-29,70.26439666748047,546.6292724609375,292.0299987792969
2025-04-30,70.21663665771484,546.8462524414062,282.1600036621094
2025-05-01,70.02111053466797,550.7216796875,280.5199890136719
2025-05-02,69.67608642578125,558.8966674804688,287.2099914550781
2025-05-05,69.58023834228516,555.6918334960938,280.260009765625
2025-05-06,69.73359680175781,551.0471801757812,275.3500061035156
2025-05-07,69.86775970458984,553.364501953125,276.2200012207031
2025-05-08,69.49398803710938,557.2203369140625,284.82000732421875
2025-05-09,69.55149841308594,556.51025390625,298.260009765625
2025-05-12,69.3118896484375,574.9015502929688,318.3800048828125
2025-05-13,69.28314971923828,578.6981811523438,334.07000732421875
2025-05-14,69.0435562133789,579.437744140625,347.67999267578125
2025-05-15,69.41732025146484,582.2678833007812,342.82000732421875
2025-05-16,69.4652328491211,585.9560546875,349.9800109863281
2025-05-19,69.4460678100586,586.596923828125,342.0899963378906
2025-05-20,69.32146453857422,584.6246337890625,343.82000732421875
2025-05-21,68.89019012451172,574.7733764648438,334.6199951171875
2025-05-22,69.08187103271484,575.0001831054688,341.0400085449219
2025-05-23,69.18730163574219,571.0753173828125,339.3399963378906
2025-05-27,69.51314544677734,582.9483642578125,362.8900146484375
2025-05-28,69.35982513427734,579.5757446289062,356.8999938964844
2025-05-29,69.6090087890625,581.8635864257812,358.42999267578125
2025-05-30,69.74317932128906,581.2127685546875,346.4599914550781
2025-06-02,69.58932495117188,584.4866943359375,342.69000244140625
2025-06-03,69.51241302490234,587.8197631835938,344.2699890136719
2025-06-04,69.9450912475586,587.6619873046875,332.04998779296875
2025-06-05,69.81049346923828,584.8219604492188,284.70001220703125
2025-06-06,69.43546295166016,590.8275146484375,295.1400146484375
2025-06-09,69.5412368774414,591.3599853515625,308.5799865722656
2025-06-10,69.67586517333984,594.7127685546875,326.0899963378906
2025-06-11,69.89704132080078,593.0166625976562,326.42999267578125
2025-06-12,70.15665435791016,595.3734741210938,319.1099853515625
2025-06-13,69.9066390991211,588.7171020507812,325.30999755859375
2025-06-16,69.77202606201172,594.3184204101562,329.1300048828125
2025-06-17,69.9931869506836,589.2398681640625,316.3500061035156
2025-06-18,70.03165435791016,589.1510620117188,322.04998779296875
2025-06-20,70.0797348022461,587.7673950195312,322.1600036621094
2025-06-23,70.2528076171875,593.5730590820312,348.67999267578125
2025-06-24,70.46435546875,600.1304321289062,340.4700012207031
2025-06-25,70.48360443115234,600.4666748046875,327.54998779296875
2025-06-26,70.68551635742188,605.1646118164062,325.7799987792969
2025-06-27,70.52204132080078,608.1712646484375,323.6300048828125
2025-06-30,70.8009033203125,611.0791015625,317.6600036621094
2025-07-01,70.74785614013672,610.8812866210938,300.7099914550781
2025-07-02,70.6706771850586,613.650634765625,315.6499938964844
2025-07-03,70.4970474243164,618.4869995117188,315.3500061035156
2025-07-07,70.2655258178711,613.8780517578125,293.94000244140625
2025-07-08,70.22694396972656,613.5418090820312,297.80999755859375
2025-07-09,70.5066909790039,617.2210693359375,295.8800048828125
2025-07-10,70.51634216308594,618.9617919921875,309.8699951171875
2025-07-11,70.22694396972656,616.7857666015625,313.510009765625
2025-07-14,70.21728515625,617.9628295898438,316.8999938964844
2025-07-15,70.00505065917969,615.3220825195312,310.7799987792969
2025-07-16,70.14012145996094,617.3792724609375,321.6700134277344
2025-07-17,70.15940856933594,621.1573486328125,319.4100036621094
2025-07-18,70.2751693725586,620.7025146484375,329.6499938964844
2025-07-21,70.47775268554688,621.87939453125,328.489990234375
2025-07-22,70.59351348876953,621.9684448242188,332.1099853515625
2025-07-23,70.44880676269531,627.2598266601562,332.55999755859375
2025-07-24,70.36199188232422,627.4674682617188,305.29998779296875
2025-07-25,70.53562927246094,630.1181030273438,316.05999755859375
2025-07-28,70.41987609863281,629.9598388671875,325.5899963378906
2025-07-29,70.78643798828125,628.2982788085938,321.20001220703125
2025-07-30,70.60315704345703,627.5070190429688,319.0400085449219
2025-07-31,70.61280822753906,625.1531372070312,308.2699890136719
2025-08-01,71.22447967529297,614.9066162109375,302.6300048828125
2025-08-04,71.27288055419922,624.2529907226562,309.260009765625
2025-08-05,71.30192565917969,621.0880737304688,308.7200012207031
2025-08-06,71.24386596679688,625.8455200195312,319.9100036621094
2025-08-07,71.2148208618164,625.3212280273438,322.2699890136719
2025-08-08,71.05995178222656,630.1972045898438,329.6499938964844
2025-08-11,71.10836029052734,628.9510498046875,339.0299987792969
2025-08-12,71.11803436279297,635.6468505859375,340.8399963378906
2025-08-13,71.37935638427734,637.8228149414062,339.3800048828125
2025-08-14,71.17609405517578,637.882080078125,335.5799865722656
2025-08-15,71.0793228149414,636.388671875,330.55999755859375
2025-08-18,71.00188446044922,636.2501220703125,335.1600036621094
2025-08-19,71.13738250732422,632.7984008789062,329.30999755859375
2025-08-20,71.1857681274414,631.116943359375,323.8999938964844
2025-08-21,71.01155853271484,628.5851440429688,320.1099853515625
2025-08-22,71.36966705322266,638.2381591796875,340.010009765625
2025-08-25,71.27288055419922,635.4292602539062,346.6000061035156
2025-08-26,71.35999298095703,638.0897827148438,351.6700134277344
2025-08-27,71.42774200439453,639.5436401367188,349.6000061035156
2025-08-28,71.51484680175781,641.80859375,345.9800109863281
2025-08-29,71.42774200439453,637.98095703125,333.8699951171875
2025-09-02,71.27527618408203,633.2533569335938,329.3599853515625
2025-09-03,71.50833892822266,636.6853637695312,334.0899963378906
2025-09-04,71.78023529052734,642.0064086914062,338.5299987792969
2025-09-05,72.12010955810547,640.14697265625,350.8399963378906
2025-09-08,72.35316467285156,641.7196044921875,346.3999938964844
2025-09-09,72.21720123291016,643.2031860351562,346.9700012207031
2025-09-10,72.34344482421875,645.0625610351562,347.7900085449219
2025-09-11,72.49882507324219,650.423095703125,368.80999755859375
2025-09-12,72.41141510009766,650.2055053710938,395.94000244140625
2025-09-15,72.54735565185547,653.6671752929688,410.0400085449219
2025-09-16,72.55707550048828,652.7671508789062,421.6199951171875
2025-09-17,72.43083190917969,651.9561157226562,425.8599853515625
2025-09-18,72.24634552001953,655.00244140625,416.8500061035156
2025-09-19,72.27547454833984,658.2465209960938,426.07000732421875
2025-09-22,72.13951110839844,661.3607177734375,434.2099914550781
2025-09-23,72.2851791381836,657.7605590820312,425.8500061035156
2025-09-24,72.13951110839844,655.6677856445312,442.7900085449219
2025-09-25,72.06183624267578,652.6429443359375,423.3900146484375
2025-09-26,72.06183624267578,656.3819580078125,440.3999938964844
2025-09-29,72.24634552001953,658.2266845703125,443.2099914550781
2025-09-30,72.21720123291016,660.7061157226562,444.7200012207031
2025-10-01,72.39936065673828,662.9574584960938,459.4599914550781
2025-10-02,72.47730255126953,663.7210693359375,436.0
2025-10-03,72.38963317871094,663.7112426757812,429.8299865722656
2025-10-06,72.22403717041016,666.0914916992188,453.25
2025-10-07,72.36041259765625,663.6219482421875,433.0899963378906
2025-10-08,72.36041259765625,667.5791625976562,438.69000244140625
2025-10-09,72.31169128417969,665.6452026367188,435.5400085449219
2025-10-10,72.59419250488281,647.6542358398438,413.489990234375
2025-10-13,72.71110534667969,657.5919189453125,435.8999938964844
2025-10-14,72.8182601928711,656.78857421875,429.239990234375
2025-10-15,72.76954650878906,659.7044067382812,435.1499938964844
2025-10-16,73.04231262207031,655.2117309570312,428.75
2025-10-17,72.94490051269531,658.9308471679688,439.30999755859375
2025-10-20,73.04231262207031,665.7840576171875,447.42999267578125
2025-10-21,73.12998962402344,665.7741088867188,442.6000061035156
2025-10-22,73.12998962402344,662.3128051757812,438.9700012207031
2025-10-23,72.9838638305664,666.2402954101562,448.9800109863281
2025-10-24,73.08128356933594,671.6851806640625,433.7200012207031
2025-10-27,73.12023162841797,679.6094970703125,452.4200134277344
2025-10-28,73.15921783447266,681.4144897460938,460.54998779296875
2025-10-29,72.79878997802734,681.7418823242188,461.510009765625
2025-10-30,72.67212677001953,674.2440185546875,440.1000061035156
2025-10-31,72.65265655517578,676.4556274414062,456.55999755859375
2025-11-03,72.56861114501953,677.7251586914062,468.3699951171875
2025-11-04,72.6076889038086,669.6917114257812,444.260009765625
2025-11-05,72.40245819091797,672.012451171875,462.07000732421875
2025-11-06,72.68588256835938,664.8021850585938,445.9100036621094
2025-11-07,72.64678955078125,665.4567260742188,429.5199890136719
2025-11-10,72.62723541259766,675.8407592773438,445.2300109863281
2025-11-11,72.83248138427734,677.3878784179688,439.6199951171875
2025-11-12,72.80316925048828,677.7647705078125,430.6000061035156
2025-11-13,72.58815002441406,666.5180053710938,401.989990234375
2025-11-14,72.48064422607422,666.4088745117188,404.3500061035156
2025-11-17,72.51972198486328,660.2002563476562,408.9200134277344
2025-11-18,72.578369140625,654.6561889648438,401.25
2025-11-19,72.54904174804688,657.185302734375,403.989990234375
2025-11-20,72.65655517578125,647.1683349609375,395.2300109863281
2025-11-21,72.83248138427734,653.6148681640625,391.0899963378906
2025-11-24,72.95953369140625,663.2351684570312,417.7799987792969
2025-11-25,73.12570190429688,669.4734497070312,419.3999938964844
2025-11-26,73.20387268066406,674.09521484375,426.5799865722656
2025-11-28,73.08658599853516,677.7747192382812,430.1700134277344
2025-12-01,72.8012924194336,674.6802978515625,430.1400146484375
2025-12-02,72.86990356445312,675.9300537109375,429.239990234375
2025-12-03,72.97776794433594,678.2706298828125,446.739990234375
2025-12-04,72.84049224853516,678.7665405273438,454.5299987792969
2025-12-05,72.75224304199219,680.0557861328125,455.0
2025-12-08,72.64439392089844,678.0127563476562,439.5799865722656
2025-12-09,72.59537506103516,677.4276123046875,445.1700134277344
2025-12-10,72.81108093261719,681.92041015625,451.45001220703125
2025-12-11,72.81108093261719,683.5072631835938,446.8900146484375
2025-12-12,72.5855712890625,676.1581420898438,458.9599914550781
2025-12-15,72.67382049560547,675.1365356445312,475.30999755859375
2025-12-16,72.81108093261719,673.2918701171875,489.8800048828125
2025-12-17,72.79146575927734,665.8832397460938,467.260009765625
2025-12-18,72.94593048095703,670.9114990234375,483.3699951171875
2025-12-19,72.83771514892578,676.9923095703125,481.20001220703125
2025-12-22,72.81803131103516,681.2098388671875,488.7300109863281
2025-12-23,72.8082046508789,684.3233032226562,485.55999755859375
2025-12-24,72.98528289794922,686.7305297851562,485.3999938964844
2025-12-26,72.98528289794922,686.660888671875,475.19000244140625
2025-12-29,73.09349822998047,684.2138671875,459.6400146484375
2025-12-30,73.06396484375,683.3782958984375,454.42999267578125
2025-12-31,72.86721801757812,678.3152465820312,449.7200012207031
2026-01-02,72.83771514892578,679.55859375,438.07000732421875
2026-01-05,72.9754409790039,684.0845947265625,451.6700134277344
2026-01-06,72.9754409790039,688.1529541015625,432.9599914550781
2026-01-07,73.05413818359375,685.9347534179688,431.4100036621094
2026-01-08,72.9262466430664,685.8651123046875,435.79998779296875
2026-01-09,73.08365631103516,690.4010009765625,445.010009765625
2026-01-12,73.01478576660156,691.4852294921875,448.9599914550781
2026-01-13,73.07381439208984,690.1026000976562,447.20001220703125
2026-01-14,73.22137451171875,686.7105712890625,439.20001220703125
2026-01-15,73.11316680908203,688.5806884765625,438.57000732421875
2026-01-16,72.99510192871094,688.0037231445312,437.5
2026-01-20,72.7294921875,673.9981689453125,419.25
2026-01-21,72.93608856201172,681.77685546875,431.44000244140625
2026-01-22,72.96559143066406,685.3379516601562,449.3599853515625
2026-01-23,73.04429626464844,685.5865478515625,449.05999755859375
2026-01-26,73.1328353881836,689.068115234375,435.20001220703125
2026-01-27,73.07381439208984,691.8134765625,430.8999938964844
2026-01-28,73.04429626464844,691.7438354492188,431.4599914550781
2026-01-29,73.05413818359375,690.3711547851562,416.55999755859375
2026-01-30,73.02462768554688,688.3121337890625,430.4100036621094
2026-02-02,72.95060729980469,691.73388671875,421.80999755859375
2026-02-03,72.9703369140625,685.885009765625,421.9599914550781
2026-02-04,72.94073486328125,682.5626831054688,406.010009765625
2026-02-05,73.2565689086914,674.0379638671875,397.2099914550781
2026-02-06,73.26644134521484,686.96923828125,411.1099853515625
2026-02-09,73.28619384765625,690.2816162109375,417.32000732421875
2026-02-10,73.50333404541016,688.4613037109375,425.2099914550781
2026-02-11,73.35527038574219,688.3021850585938,428.2699890136719
2026-02-12,73.69087219238281,677.668701171875,417.07000732421875
2026-02-13,73.90801239013672,678.1461181640625,417.44000244140625
2026-02-17,73.89813995361328,679.2402954101562,410.6300048828125
2026-02-18,73.81916809082031,682.662109375,411.32000732421875
2026-02-19,73.8487777709961,680.8616943359375,411.7099914550781
2026-02-20,73.83891296386719,685.7855834960938,411.82000732421875
2026-02-23,73.99684143066406,678.7827758789062,399.8299865722656
2026-02-24,73.95735931396484,683.7164916992188,409.3800048828125
2026-02-25,73.9376220703125,689.4859008789062,417.3999938964844
2026-02-26,74.04618072509766,685.6561889648438,408.5799865722656
2026-02-27,74.19424438476562,682.3637084960938,402.510009765625
2026-03-02,73.89525604248047,682.7516479492188,403.32000732421875
2026-03-03,73.81604766845703,676.7337036132812,392.42999267578125
2026-03-04,73.76655578613281,681.50830078125,405.94000244140625
2026-03-05,73.5982437133789,677.7084350585938,405.54998779296875
2026-03-06,73.4992446899414,668.8256225585938,396.7300109863281
2026-03-09,73.70714569091797,674.6845092773438,398.67999267578125
2026-03-10,73.47944641113281,673.6002807617188,399.239990234375
2026-03-11,73.1527328491211,672.7548217773438,407.82000732421875
2026-03-12,72.88543701171875,662.5390625,395.010009765625
2026-03-13,72.81613159179688,658.7890014648438,391.20001220703125
2026-03-16,73.09333038330078,665.493408203125,395.55999755859375
2026-03-17,73.2418441772461,667.2440185546875,399.2699890136719
2026-03-18,72.94483947753906,657.9335327148438,392.7799987792969
2026-03-19,73.02403259277344,656.3121337890625,380.29998779296875
2026-03-20,72.4399185180664,646.9034423828125,367.9599914550781
2026-03-23,72.71712493896484,653.6959228515625,380.8500061035156
2026-03-24,72.52902221679688,651.5015869140625,383.0299987792969
2026-03-25,72.80623626708984,655.1322021484375,385.95001220703125
2026-03-26,72.38052368164062,643.432373046875,372.1099853515625
2026-03-27,72.38052368164062,632.4606323242188,361.8299865722656
2026-03-30,72.74683380126953,630.3460693359375,355.2799987792969
2026-03-31,72.90522766113281,648.6688842773438,371.75
2026-04-01,72.9350357055664,653.5562744140625,381.260009765625
2026-04-02,73.09397888183594,654.144775390625,360.5899963378906
2026-04-06,72.98470306396484,657.23681640625,352.82000732421875
2026-04-07,73.09397888183594,657.5260009765625,346.6499938964844
2026-04-08,73.2330551147461,674.27294921875,343.25
2026-04-09,73.26285552978516,678.162841796875,345.6199951171875
2026-04-10,73.15357971191406,677.7140502929688,348.95001220703125
2026-04-13,73.31253051757812,684.3369750976562,352.4200134277344
2026-04-14,73.49134063720703,692.675537109375,364.20001220703125
2026-04-15,73.39199829101562,698.1414184570312,391.95001220703125
2026-04-16,73.28272247314453,699.8569946289062,388.8999938964844
2026-04-17,73.57080078125,708.3152465820312,400.6199951171875
2026-04-20,73.5211410522461,706.8988037109375,392.5
2026-04-21,73.29265594482422,702.2708129882812,386.4200134277344
2026-04-22,73.37212371826172,709.3825073242188,387.510009765625
2026-04-23,73.24298858642578,706.6295776367188,373.7200012207031
2026-04-24,73.37212371826172,712.10546875,376.29998779296875
2026-04-27,73.25292205810547,713.332275390625,378.6700134277344
2026-04-28,73.2330551147461,709.8612060546875,376.0199890136719
2026-04-29,72.90522766113281,709.7515258789062,372.79998779296875
2026-04-30,73.0145034790039,716.8132934570312,381.6300048828125
2026-05-01,73.11616516113281,718.7982177734375,390.82000732421875
2026-05-04,72.86699676513672,716.1649780273438,392.510009765625
2026-05-05,72.99656677246094,721.9102172851562,389.3699951171875
2026-05-06,73.30553436279297,731.9443359375,398.7300109863281
2026-05-07,73.11616516113281,729.7001342773438,411.7900085449219
2026-05-08,73.30553436279297,735.724609375,428.3500061035156
2026-05-11,73.12613677978516,737.4002685546875,445.0
2026-05-12,72.90686798095703,736.2831420898438,433.45001220703125
2026-05-13,72.936767578125,740.4025268554688,445.2699890136719
2026-05-14,72.91683197021484,746.2474975585938,443.29998779296875
2026-05-15,72.49822235107422,737.2706298828125,422.239990234375
2026-05-18,72.44839477539062,736.751953125,409.989990234375
2026-05-19,72.20919036865234,731.8446044921875,404.1099853515625
2026-05-20,72.60785675048828,739.3452758789062,417.260009765625
2026-05-21,72.6875991821289,740.8114624023438,417.8500061035156
2026-05-22,72.75736236572266,743.7239990234375,426.010009765625
2026-05-26,72.96666717529297,748.6613159179688,433.5899963378906
2026-05-27,73.03643035888672,748.5316162109375,440.3599853515625
2026-05-28,73.17596435546875,752.6609497070312,442.1000061035156
2026-05-29,73.21583557128906,754.5361328125,435.7900085449219
2026-06-01,72.936767578125,756.5908203125,415.8800048828125
2026-06-02,72.95669555664062,757.6182250976562,423.739990234375
2026-06-03,72.8171615600586,752.3018798828125,423.70001220703125
2026-06-04,72.91683197021484,755.1445922851562,418.45001220703125
2026-06-05,72.58792877197266,735.65478515625,391.0
2026-06-08,72.5679931640625,737.3204345703125,408.95001220703125
2026-06-09,72.72746276855469,735.1560668945312,396.67999267578125
2026-06-10,72.66766357421875,723.56591796875,381.5899963378906
2026-06-11,73.08626556396484,735.8642578125,399.1499938964844
2026-06-12,72.99656677246094,739.843994140625,406.42999267578125
2026-06-15,73.05636596679688,752.890380859375,411.1499938964844
2026-06-16,73.16600036621094,748.4019775390625,404.6600036621094
2026-06-17,72.89689636230469,739.0560302734375,396.3800048828125
2026-06-18,73.09622955322266,746.739990234375,400.489990234375
2026-06-22,72.89689636230469,744.3900146484375,405.04998779296875
2026-06-23,72.97663116455078,733.5800170898438,381.6099853515625
2026-06-24,73.30553436279297,733.239990234375,375.5299987792969
2026-06-25,73.3553695678711,734.2999877929688,375.1199951171875
2026-06-26,73.42513275146484,728.989990234375,379.7099914550781
2026-06-29,73.46500396728516,741.0,411.8399963378906
